trip_id,user_id,scooter_id,city,start_time,end_time,distance_km,fare_mxn,payment_method
TRIP02755,USR0147,SC0043,Ciudad de Mexico,2024-02-23T08:06:36,2024-02-23T08:23:36,4.31,66.8,qr_code
TRIP01764,USR0251,SC0085,cdmx,2025-03-17T16:50:01,2025-03-17T17:43:01,13.71,216.64,wallet
TRIP00952,USR0117,SC0197,Monterrey,2025-03-27T15:12:02,2025-03-27T15:21:02,9.11,121.34,credit_card
TRIP04336,,SC0117,cdmx,2024-07-25T09:18:03,2024-07-25T09:45:03,6.65,113.66,qr_code
TRIP02305,USR0299,SC0017,CDMX,2024-12-04T18:54:12,2024-12-04T20:21:12,4.41,50.88,wallet
TRIP01487,USR0032,SC0218,Ciudad de Mexico,2024-08-17T20:41:53,2024-08-17T22:01:53,9.71,152.55,wallet
TRIP02254,USR0342,SC0080,cdmx,2024-09-23T14:28:45,2024-09-23T15:02:45,8.12,135.42,qr_code
TRIP02119,USR0020,SC0096,Ciudad de Mexico,2024-11-13T09:15:21,2024-11-13T10:15:21,12.86,$173.94,debit_card
TRIP01834,USR0324,SC0190,cdmx,2024-03-06T16:30:55,2024-03-06T16:36:55,0.8,17.12,debit_card
TRIP01368,USR0166,SC0151,Guadalajara,2024-11-07T10:48:43,2024-11-07T11:21:43,13.9,163.97,credit_card
TRIP02153,USR0133,SC0069,CDMX,2024-04-28T17:32:19,2024-04-28T18:23:19,6.87,73.63,credit_card
TRIP02093,USR0342,SC0075,Monterrey,2024-12-10T07:14:44,2024-12-10T08:06:44,8.43,115.29,wallet
TRIP03906,USR0091,SC0190,CDMX,2024-05-16T05:48:06,2024-05-16T06:55:06,5.26,68.78,credit_card
TRIP02992,USR0132,SC0177,Ciudad de Mexico,2024-06-06T18:47:00,2024-06-06T19:57:00,1.13,23.23,wallet
TRIP00493,USR0322,SC0004,Ciudad de Mexico,2024-02-15T09:32:56,2024-02-15T10:30:56,0.85,16.55,debit_card
TRIP03708,USR0086,SC0036,Monterrey,2024-11-21T14:04:36,2024-11-21T14:10:36,1.57,30.45,qr_code
TRIP03198,USR0455,SC0139,MTY,2025-05-08T21:59:57,2025-05-08T22:50:57,8.51,$90.04,credit_card
TRIP04009,USR0451,SC0109,cdmx,2024-10-16T14:39:25,2024-10-16T14:59:25,12.77,$172.40,credit_card
TRIP04825,USR0464,SC0026,Ciudad de Mexico,2025-04-01T08:49:06,2025-04-01T09:49:06,12.69,$146.58,debit_card
TRIP02037,USR0413,SC0176,Ciudad de Mexico,2025-05-29T14:42:29,2025-05-29T14:55:29,13.89,179.12,debit_card
TRIP01848,USR0048,SC0191,Ciudad de Mexico,2024-10-22T08:52:16,2024-10-22T09:42:16,1.91,33.29,credit_card
TRIP02186,USR0041,SC0009,cdmx,2024-02-23T13:36:04,2024-02-23T14:13:04,6.78,77.78,credit_card
TRIP00442,USR0157,SC0081,MTY,2025-05-07T07:30:12,2025-05-07T07:54:12,0.0,88.93,cash
TRIP04134,USR0317,SC0186,CDMX,2024-12-05T14:44:57,2024-12-05T15:51:57,4.36,44.97,qr_code
TRIP01370,USR0008,SC0012,MTY,2025-03-10T07:53:27,2025-03-10T08:28:27,13.88,188.36,wallet
TRIP02417,USR0147,SC0124,Monterrey,2024-05-10T10:18:52,2024-05-10T11:32:52,0.72,17.18,credit_card
TRIP03090,USR0016,SC0012,Monterrey,2024-08-29T17:14:58,2024-08-29T17:30:58,1.04,28.61,cash
TRIP00062,USR0358,SC0039,GDL,2024-03-27T11:50:21,2024-03-27T12:11:21,11.21,156.36,wallet
TRIP00044,USR0190,SC0175,Guadalajara,2025-03-05T18:56:26,2025-03-05T20:24:26,6.42,99.61,wallet
TRIP01625,USR0082,SC0040,Monterrey,2025-06-19T09:50:28,2025-06-19T10:56:28,14.2,200.09,debit_card
TRIP00674,USR0037,SC0056,Monterrey,2024-05-23T07:47:37,2024-05-23T08:11:37,4.49,60.76,qr_code
TRIP01740,USR0266,SC0186,cdmx,2025-01-31T08:37:40,2025-01-31T09:15:40,5.56,94.39,wallet
TRIP02101,USR0447,SC0022,MTY,2024-09-07T16:34:16,2024-09-07T17:12:16,9.21,117.63,qr_code
TRIP03556,USR0017,SC0053,CDMX,2025-06-09T14:00:09,2025-06-09T15:17:09,8.03,89.07,debit_card
TRIP01614,USR0215,SC0115,Guadalajara,2025-05-22T07:21:54,2025-05-22T08:08:54,12.43,162.69,qr_code
TRIP01703,USR0404,SC0022,Monterrey,2024-10-18T10:27:35,2024-10-18T11:56:35,14.95,222.62,wallet
TRIP00587,USR0060,SC0031,GDL,2024-11-30T10:29:40,2024-11-30T11:39:40,10.48,154.87,qr_code
TRIP03741,USR0250,SC0129,GDL,2025-04-11T07:13:19,2025-04-11T07:47:19,7.22,118.6,debit_card
TRIP02513,USR0068,SC0123,MTY,2025-04-22T08:20:19,2025-04-22T08:59:19,4.56,59.91,qr_code
TRIP03048,USR0098,SC0098,Monterrey,2024-05-13T11:10:51,2024-05-13T12:22:51,12.73,197.86,cash
TRIP01338,USR0049,SC0133,GDL,2024-05-03T15:30:06,2024-05-03T16:23:06,5.57,76.65,credit_card
TRIP00465,USR0088,SC0139,MTY,2024-01-01T06:33:57,2024-01-01T07:15:57,8.87,126.96,cash
TRIP04771,USR0436,SC0102,Monterrey,2024-12-10T11:11:20,2024-12-10T11:56:20,5.09,76.25,debit_card
TRIP03982,USR0422,SC0111,GDL,2024-03-05T17:12:40,2024-03-05T17:36:40,8.6,116.74,cash
TRIP03311,USR0402,SC0071,Ciudad de Mexico,2024-01-13T09:09:10,2024-01-13T09:28:10,11.27,112.94,cash
TRIP01077,USR0419,SC0107,cdmx,2024-03-19T07:44:29,2024-03-19T08:30:29,8.26,132.17,cash
TRIP04743,USR0289,SC0189,cdmx,2024-11-28T13:57:50,2024-11-28T14:28:50,10.4,114.92,debit_card
TRIP01238,USR0186,SC0027,Ciudad de Mexico,2024-11-12T19:47:17,2024-11-12T20:58:17,7.76,110.01,qr_code
TRIP02215,USR0347,SC0007,Guadalajara,2024-01-01T08:24:21,2024-01-01T09:03:21,13.93,135.34,credit_card
TRIP04416,USR0097,SC0128,Guadalajara,2025-04-02T18:35:45,2025-04-02T19:52:45,8.95,120.98,debit_card
TRIP03032,,SC0181,MTY,2024-02-09T13:08:10,2024-02-09T14:32:10,6.16,$80.52,cash
TRIP04748,USR0215,SC0146,CDMX,2024-04-16T07:09:28,2024-04-16T07:48:28,1.78,40.86,wallet
TRIP01211,,SC0172,MTY,2024-03-05T10:04:23,2024-03-05T10:34:23,3.84,69.5,credit_card
TRIP03983,,SC0033,MTY,2025-03-02T14:26:07,2025-03-02T15:51:07,12.01,163.58,cash
TRIP04157,USR0032,SC0125,cdmx,2024-04-17T07:58:48,2024-04-17T09:17:48,14.77,$195.97,wallet
TRIP01660,USR0296,SC0037,GDL,2024-11-08T16:22:16,2024-11-08T17:03:16,8.85,106.52,wallet
TRIP01876,USR0111,SC0011,Ciudad de Mexico,2024-04-22T09:43:42,2024-04-22T11:04:42,13.46,220.02,credit_card
TRIP04544,USR0357,SC0131,Ciudad de Mexico,2024-03-18T13:19:54,2024-03-18T14:03:54,9.95,118.26,debit_card
TRIP00688,USR0130,SC0185,Ciudad de Mexico,2025-05-17T18:08:25,2025-05-17T18:40:25,10.61,116.0,qr_code
TRIP01048,USR0297,SC0005,MTY,2025-03-31T13:48:39,2025-03-31T14:45:39,4.92,79.3,credit_card
TRIP00904,USR0240,SC0068,Ciudad de Mexico,2024-02-08T17:37:15,2024-02-08T18:51:15,12.4,163.56,cash
TRIP03523,USR0232,SC0184,Ciudad de Mexico,2024-06-29T02:51:05,2024-06-29T04:18:05,0.9,19.66,qr_code
TRIP04005,USR0239,SC0183,GDL,2024-12-10T16:28:37,2024-12-10T17:06:37,3.58,38.53,wallet
TRIP02579,USR0202,SC0114,Ciudad de Mexico,2024-11-05T07:30:23,2024-11-05T08:52:23,3.87,50.14,debit_card
TRIP01514,,SC0112,Ciudad de Mexico,2025-04-21T08:20:00,2025-04-21T08:30:00,8.66,119.66,wallet
TRIP02190,USR0247,SC0127,cdmx,2024-06-15T21:06:26,2024-06-15T22:16:26,6.01,76.21,qr_code
TRIP02297,USR0331,SC0123,MTY,2024-10-03T19:55:32,2024-10-03T20:27:32,9.19,81.11,wallet
TRIP04719,USR0098,SC0187,GDL,2024-02-19T08:14:06,2024-02-19T09:05:06,8.82,122.65,wallet
TRIP02507,USR0214,SC0111,GDL,2024-06-14T17:47:31,2024-06-14T18:52:31,1.49,$31.86,cash
TRIP03441,USR0493,SC0196,Guadalajara,2024-11-26T06:17:44,2024-11-26T07:07:44,8.01,121.13,wallet
TRIP02267,USR0444,SC0099,Guadalajara,2025-06-12T00:41:23,2025-06-12T01:46:23,5.74,92.95,cash
TRIP03828,USR0470,SC0152,Monterrey,2024-08-27T07:54:15,2024-08-27T08:53:15,0.69,24.68,qr_code
TRIP01037,USR0205,SC0162,MTY,2024-05-01T17:13:18,2024-05-01T18:42:18,10.87,$127.32,debit_card
TRIP02138,USR0074,SC0132,Ciudad de Mexico,2024-05-14T20:21:06,2024-05-14T21:47:06,2.62,49.93,debit_card
TRIP01943,USR0188,SC0160,Ciudad de Mexico,2024-04-23T20:17:48,2024-04-23T21:24:48,4.15,52.12,qr_code
TRIP04317,USR0455,SC0228,MTY,2024-08-22T23:38:06,2024-08-23T01:06:06,10.83,$160.00,qr_code
TRIP03004,USR0489,SC0139,MTY,2024-12-30T12:31:05,2024-12-30T13:16:05,3.87,70.46,qr_code
TRIP03428,USR0497,SC0121,Monterrey,2024-08-20T08:38:58,2024-08-20T09:05:58,5.5,64.05,qr_code
TRIP04393,USR0384,SC0095,Ciudad de Mexico,2025-05-23T13:10:12,2025-05-23T14:26:12,1.68,34.85,cash
TRIP04839,USR0008,SC0057,Ciudad de Mexico,2024-10-02T05:49:58,2024-10-02T06:19:58,12.86,192.09,debit_card
TRIP02250,USR0065,SC0197,Monterrey,2024-01-24T19:21:50,2024-01-24T20:06:50,1.93,35.57,cash
TRIP00834,USR0375,SC0049,Monterrey,2025-05-27T19:17:21,2025-05-27T19:39:21,1.39,23.38,credit_card
TRIP04871,USR0498,SC0110,GDL,2025-03-27T11:50:42,2025-03-27T11:26:42,3.02,43.8,debit_card
TRIP02367,USR0369,SC0097,Guadalajara,2025-01-27T13:37:26,2025-01-27T14:42:26,8.95,85.99,cash
TRIP03317,USR0103,SC0074,cdmx,2024-05-04T07:04:41,2024-05-04T08:02:41,12.96,$171.28,cash
TRIP03603,USR0074,SC0102,MTY,2025-04-17T20:47:57,2025-04-17T21:54:57,9.9,146.91,credit_card
TRIP02336,USR0242,SC0166,cdmx,2024-11-08T18:59:40,2024-11-08T19:44:40,7.68,108.13,debit_card
TRIP03388,USR0307,SC0003,CDMX,2024-08-27T06:27:22,2024-08-27T07:50:22,7.24,83.42,debit_card
TRIP04251,USR0152,SC0092,Monterrey,2024-02-15T18:19:21,2024-02-15T19:27:21,3.21,36.31,qr_code
TRIP02495,USR0170,SC0031,GDL,2025-06-27T11:32:51,2025-06-27T12:28:51,9.56,154.3,wallet
TRIP00571,USR0027,SC0009,Ciudad de Mexico,2024-09-25T16:48:01,2024-09-25T17:36:01,13.05,194.82,credit_card
TRIP03905,USR0069,SC0165,Guadalajara,2024-01-22T09:10:07,2024-01-22T09:03:07,11.82,$173.03,credit_card
TRIP02587,USR0374,SC0001,MTY,2024-08-28T07:19:20,2024-08-28T07:50:20,14.5,159.66,cash
TRIP01642,USR0149,SC0027,CDMX,2024-04-29T18:39:05,2024-04-29T19:10:05,1.07,28.62,debit_card
TRIP04164,USR0459,SC0051,cdmx,2025-02-10T07:26:31,2025-02-10T08:01:31,2.95,32.69,debit_card
TRIP03414,USR0180,SC0185,Ciudad de Mexico,2025-03-11T19:57:09,2025-03-11T21:01:09,9.44,$144.22,credit_card
TRIP01488,USR0091,SC0168,Monterrey,2025-03-06T17:28:21,2025-03-06T18:36:21,13.09,120.38,qr_code
TRIP02914,USR0100,SC0051,Ciudad de Mexico,2025-01-26T14:45:19,2025-01-26T15:55:19,6.97,78.26,cash
TRIP01956,USR0392,SC0121,MTY,2024-12-04T12:57:26,2024-12-04T13:48:26,13.49,171.69,cash
TRIP04057,USR0356,SC0157,cdmx,2025-01-01T07:23:30,2025-01-01T07:36:30,8.76,106.09,qr_code
TRIP02572,USR0091,SC0173,cdmx,2025-02-17T06:07:04,2025-02-17T07:14:04,5.54,87.13,qr_code
TRIP04724,USR0308,SC0021,GDL,2024-11-09T18:10:19,2024-11-09T18:50:19,9.38,94.6,credit_card
TRIP02330,USR0315,SC0189,CDMX,2024-04-15T20:48:56,2024-04-15T22:02:56,9.95,159.06,credit_card
TRIP02904,USR0341,SC0161,cdmx,2025-06-03T20:20:02,2025-06-03T21:17:02,11.1,157.96,qr_code
TRIP02871,USR0132,SC0079,cdmx,2025-03-08T16:04:49,2025-03-08T16:16:49,2.53,50.84,cash
TRIP01856,USR0126,SC0092,MTY,2024-10-16T06:00:24,2024-10-16T07:17:24,2.47,36.42,wallet
TRIP01108,USR0004,SC0184,CDMX,2024-11-12T07:15:22,2024-11-12T08:31:22,14.99,183.48,credit_card
TRIP02211,,SC0003,cdmx,2025-04-16T15:08:38,2025-04-16T15:48:38,7.12,113.92,qr_code
TRIP00627,USR0065,SC0163,CDMX,2025-05-20T09:29:44,2025-05-20T10:53:44,12.61,178.41,credit_card
TRIP01466,USR0304,SC0114,cdmx,2024-04-08T22:42:37,2024-04-08T23:49:37,10.56,163.36,cash
TRIP01175,USR0242,SC0002,Ciudad de Mexico,2024-10-04T17:21:56,2024-10-04T18:48:56,11.5,172.7,cash
TRIP02340,USR0039,SC0055,Monterrey,2024-07-16T08:55:43,2024-07-16T10:01:43,11.37,109.2,cash
TRIP02125,USR0328,SC0079,cdmx,2025-05-15T05:03:40,2025-05-15T06:20:40,7.04,87.77,cash
TRIP04571,USR0401,SC0013,CDMX,2025-04-13T09:08:54,2025-04-13T10:36:54,6.81,80.39,debit_card
TRIP04743,USR0289,SC0189,cdmx,2024-11-28T13:57:50,2024-11-28T14:28:50,10.4,114.92,debit_card
TRIP01407,USR0335,SC0032,MTY,2024-10-28T12:11:32,2024-10-28T12:40:32,12.19,168.16,debit_card
TRIP02074,USR0461,SC0147,MTY,2024-09-09T13:38:19,2024-09-09T14:40:19,6.06,94.07,qr_code
TRIP01490,USR0212,SC0034,GDL,2024-04-20T21:36:30,2024-04-20T22:31:30,4.7,73.33,qr_code
TRIP01091,USR0477,SC0036,MTY,2025-01-04T17:00:09,2025-01-04T17:48:09,4.41,57.14,credit_card
TRIP00417,USR0151,SC0110,Guadalajara,2024-09-10T18:55:08,2024-09-10T20:05:08,3.53,42.31,credit_card
TRIP02552,USR0158,SC0088,MTY,2025-05-13T07:38:33,2025-05-13T08:57:33,2.09,35.31,debit_card
TRIP00396,USR0206,SC0131,Ciudad de Mexico,2024-01-24T08:01:55,2024-01-24T09:13:55,2.16,26.3,cash
TRIP00635,USR0336,SC0024,cdmx,2025-02-24T05:14:08,2025-02-24T06:37:08,9.19,139.8,debit_card
TRIP02847,USR0320,SC0195,CDMX,2024-11-13T22:47:11,2024-11-14T00:01:11,14.07,152.55,wallet
TRIP04381,USR0118,SC0119,MTY,2024-07-22T22:46:08,2024-07-22T23:02:08,2.93,49.04,debit_card
TRIP02100,USR0380,SC0153,Ciudad de Mexico,2024-04-05T09:46:14,2024-04-05T10:40:14,6.9,90.99,cash
TRIP01426,USR0262,SC0166,cdmx,2024-01-01T12:37:26,2024-01-01T13:33:26,12.59,156.19,cash
TRIP03419,USR0279,SC0073,GDL,2024-05-21T12:32:41,2024-05-21T13:02:41,10.83,174.74,debit_card
TRIP02187,USR0150,SC0068,cdmx,2025-01-02T12:33:50,2025-01-02T13:05:50,12.24,$138.41,qr_code
TRIP03465,USR0192,SC0013,Ciudad de Mexico,2024-10-24T00:39:48,2024-10-24T01:30:48,3.1,54.44,wallet
TRIP02828,USR0271,SC0146,Ciudad de Mexico,2024-10-08T14:43:50,2024-10-08T15:46:50,12.88,140.28,wallet
TRIP04813,USR0417,SC0018,Monterrey,2024-01-08T15:38:02,2024-01-08T15:45:02,14.61,207.14,debit_card
TRIP00162,USR0456,SC0011,Ciudad de Mexico,2024-04-13T22:26:44,2024-04-13T23:41:44,4.35,$51.94,qr_code
TRIP00086,USR0316,SC0100,GDL,2024-12-10T14:31:45,2024-12-10T15:48:45,5.84,93.96,credit_card
TRIP00142,USR0065,SC0197,MTY,2024-10-02T07:57:01,2024-10-02T08:44:01,1.43,$32.22,wallet
TRIP01687,USR0114,SC0061,GDL,2025-04-17T17:11:10,2025-04-17T17:42:10,4.38,61.29,wallet
TRIP03663,USR0115,SC0103,MTY,2025-05-10T06:22:14,2025-05-10T07:36:14,10.56,135.57,wallet
TRIP02432,USR0288,SC0192,cdmx,2024-06-05T08:39:41,2024-06-05T09:20:41,0.57,18.62,credit_card
TRIP04371,USR0084,SC0121,Monterrey,2025-03-19T07:51:24,2025-03-19T09:12:24,9.28,113.47,credit_card
TRIP03521,USR0111,SC0056,Monterrey,2025-04-07T09:26:31,2025-04-07T09:40:31,2.85,50.86,cash
TRIP04352,USR0087,SC0107,Ciudad de Mexico,2024-05-07T17:03:46,2024-05-07T17:55:46,11.18,156.98,debit_card
TRIP01933,USR0277,SC0114,Ciudad de Mexico,2024-04-01T21:50:16,2024-04-01T22:02:16,0.87,$23.97,debit_card
TRIP02218,USR0168,SC0104,MTY,2024-12-06T09:22:00,2024-12-06T10:01:00,13.04,184.23,qr_code
TRIP04993,USR0001,SC0019,GDL,2024-03-08T08:02:12,2024-03-08T08:44:12,5.68,65.12,credit_card
TRIP02908,USR0333,SC0186,CDMX,2024-10-15T09:39:05,2024-10-15T10:56:05,12.83,116.1,qr_code
TRIP02853,,SC0080,CDMX,2024-08-05T04:12:29,2024-08-05T04:20:29,7.43,95.96,wallet
TRIP04297,USR0018,SC0162,MTY,2024-02-17T20:17:14,2024-02-17T20:22:14,9.58,110.85,credit_card
TRIP01399,USR0267,SC0086,cdmx,2025-03-14T09:56:50,2025-03-14T11:15:50,4.52,72.67,qr_code
TRIP01994,USR0335,SC0188,cdmx,2024-09-03T06:22:33,2024-09-03T07:31:33,12.82,151.94,qr_code
TRIP00697,USR0027,SC0176,cdmx,2025-03-20T14:11:32,2025-03-20T15:03:32,3.61,48.22,cash
TRIP04996,USR0040,SC0119,MTY,2024-05-16T17:57:11,2024-05-16T19:08:11,6.56,71.12,cash
TRIP04830,USR0421,SC0067,Ciudad de Mexico,2024-04-18T19:07:42,2024-04-18T19:27:42,2.29,44.34,cash
TRIP03304,USR0153,SC0223,cdmx,2025-02-03T21:51:25,2025-02-03T22:11:25,11.62,173.72,debit_card
TRIP02500,USR0112,SC0085,CDMX,2024-09-13T20:40:42,2024-09-13T21:23:42,0.76,20.93,qr_code
TRIP04922,USR0364,SC0093,MTY,2024-09-19T15:30:26,2024-09-19T16:41:26,0.78,29.73,credit_card
TRIP02354,USR0129,SC0108,cdmx,2024-09-06T13:53:53,2024-09-06T14:45:53,12.98,136.91,wallet
TRIP02449,USR0450,SC0009,Ciudad de Mexico,2024-08-30T11:04:07,2024-08-30T11:37:07,0.0,49.25,qr_code
TRIP00021,,SC0036,MTY,2025-05-14T18:21:17,2025-05-14T19:42:17,0.65,15.8,wallet
TRIP00660,USR0471,SC0090,cdmx,2024-01-28T19:28:07,2024-01-28T20:21:07,12.89,127.68,debit_card
TRIP00599,USR0447,SC0245,Ciudad de Mexico,2025-05-15T09:41:15,2025-05-15T10:27:15,8.54,128.53,wallet
TRIP01709,USR0401,SC0096,CDMX,2025-04-01T07:48:24,2025-04-01T08:42:24,6.29,58.51,debit_card
TRIP01511,USR0473,SC0107,cdmx,2024-08-24T18:45:17,2024-08-24T20:10:17,10.34,102.08,credit_card
TRIP02599,USR0291,SC0111,Guadalajara,2025-05-29T07:16:34,2025-05-29T08:13:34,9.3,137.55,cash
TRIP01562,,SC0008,cdmx,2025-05-05T10:44:22,2025-05-05T12:05:22,1.31,27.18,wallet
TRIP03043,,SC0020,CDMX,2024-01-01T08:10:47,2024-01-01T09:08:47,7.26,74.51,cash
TRIP00540,USR0123,SC0024,CDMX,2024-10-09T16:45:25,2024-10-09T17:40:25,12.45,172.31,debit_card
TRIP00924,USR0153,SC0121,MTY,2024-09-13T09:24:24,2024-09-13T10:04:24,8.57,$107.11,wallet
TRIP01340,USR0094,SC0016,Monterrey,2024-03-18T08:39:45,2024-03-18T08:45:45,4.63,70.13,cash
TRIP00985,USR0139,SC0185,cdmx,2025-05-29T18:27:13,2025-05-29T19:07:13,4.64,$53.30,cash
TRIP00315,USR0111,SC0125,Ciudad de Mexico,2024-10-12T12:55:15,2024-10-12T13:31:15,13.43,170.31,credit_card
TRIP03853,USR0031,SC0199,GDL,2024-03-25T15:50:46,2024-03-25T16:10:46,11.71,$126.49,wallet
TRIP02011,USR0356,SC0140,cdmx,2024-04-08T19:58:07,2024-04-08T21:21:07,14.3,140.35,debit_card
TRIP03276,USR0197,SC0147,Monterrey,2025-06-27T07:56:38,2025-06-27T08:40:38,13.77,157.19,debit_card
TRIP02520,USR0060,SC0129,Guadalajara,2024-10-31T15:12:25,2024-10-31T15:54:25,0.62,16.34,debit_card
TRIP04289,USR0164,SC0016,MTY,2025-05-02T21:31:29,2025-05-02T22:38:29,12.5,191.32,qr_code
TRIP02384,USR0027,SC0139,Monterrey,2024-11-18T12:22:04,2024-11-18T12:43:04,10.1,133.01,cash
TRIP02379,,SC0068,CDMX,2025-01-22T19:45:42,2025-01-22T20:12:42,13.75,190.04,credit_card
TRIP00098,USR0251,SC0136,CDMX,2025-04-01T12:32:26,2025-04-01T13:35:26,10.26,109.54,credit_card
TRIP03788,USR0166,SC0081,Monterrey,2025-05-26T07:18:33,2025-05-26T08:38:33,10.9,135.85,qr_code
TRIP04807,USR0235,SC0074,Ciudad de Mexico,2024-11-22T09:56:07,2024-11-22T10:45:07,6.24,$68.08,cash
TRIP03584,USR0330,SC0039,GDL,2024-08-02T17:58:32,2024-08-02T18:37:32,0.0,43.41,cash
TRIP00655,USR0240,SC0075,Monterrey,2024-12-07T22:16:16,2024-12-07T23:38:16,2.23,35.2,credit_card
TRIP02272,USR0252,SC0104,Monterrey,2024-09-04T20:31:31,2024-09-04T22:00:31,9.95,137.13,debit_card
TRIP01253,USR0389,SC0073,GDL,2024-05-01T21:23:28,2024-05-01T21:48:28,2.64,35.8,qr_code
TRIP03354,USR0068,SC0086,Ciudad de Mexico,2024-12-31T18:11:43,2024-12-31T18:17:43,0.0,99.99,qr_code
TRIP02421,USR0310,SC0128,GDL,2024-11-29T09:09:44,2024-11-29T10:26:44,5.17,85.69,debit_card
TRIP04101,USR0116,SC0066,Monterrey,2025-05-16T13:28:10,2025-05-16T13:47:10,1.36,35.54,cash
TRIP00199,USR0151,SC0176,Ciudad de Mexico,2024-03-17T08:32:07,2024-03-17T09:25:07,4.33,$57.21,wallet
TRIP04195,USR0439,SC0004,Ciudad de Mexico,2024-10-02T08:22:50,2024-10-02T09:14:50,7.94,125.36,qr_code
TRIP03349,USR0209,SC0107,Ciudad de Mexico,2024-10-01T11:40:54,2024-10-01T12:20:54,12.86,196.22,qr_code
TRIP03091,USR0494,SC0161,CDMX,2025-01-02T17:36:46,2025-01-02T19:02:46,11.73,$127.34,credit_card
TRIP02494,USR0354,SC0114,CDMX,2024-05-15T03:17:49,2024-05-15T04:44:49,2.96,47.77,cash
TRIP03488,USR0383,SC0078,cdmx,2025-06-25T14:24:54,2025-06-25T15:28:54,7.1,116.72,wallet
TRIP00531,USR0141,SC0028,cdmx,2025-04-08T09:24:15,2025-04-08T10:42:15,11.86,147.75,debit_card
TRIP01348,USR0214,SC0141,CDMX,2024-01-26T18:08:08,2024-01-26T19:34:08,12.87,194.49,cash
TRIP02692,USR0373,SC0154,Monterrey,2024-03-05T09:46:08,2024-03-05T11:00:08,13.67,203.15,wallet
TRIP02874,USR0340,SC0013,cdmx,2024-11-03T17:21:19,2024-11-03T18:26:19,6.85,77.34,wallet
TRIP04499,USR0223,SC0103,Monterrey,2025-03-12T08:41:55,2025-03-12T10:07:55,14.6,232.14,debit_card
TRIP04695,USR0127,SC0182,Monterrey,2024-04-29T13:28:16,2024-04-29T14:58:16,13.16,135.96,debit_card
TRIP04636,USR0019,SC0199,GDL,2025-04-04T18:58:44,2025-04-04T20:00:44,8.61,87.94,credit_card
TRIP03363,USR0037,SC0077,Guadalajara,2024-10-11T07:38:20,2024-10-11T08:09:20,11.79,146.73,cash
TRIP04977,USR0313,SC0053,cdmx,2024-12-25T12:58:48,2024-12-25T14:08:48,12.21,170.87,credit_card
TRIP01948,,SC0046,Ciudad de Mexico,2024-11-22T18:12:05,2024-11-22T19:10:05,11.54,127.19,qr_code
TRIP02570,USR0439,SC0190,CDMX,2025-01-10T07:47:02,2025-01-10T08:25:02,0.98,23.3,credit_card
TRIP00558,USR0035,SC0185,Ciudad de Mexico,2024-06-11T17:31:59,2024-06-11T18:36:59,11.69,185.51,debit_card
TRIP02945,USR0169,SC0103,Monterrey,2024-10-23T10:22:45,2024-10-23T11:35:45,8.12,130.24,cash
TRIP03359,USR0225,SC0191,Ciudad de Mexico,2024-02-02T22:36:58,2024-02-02T23:27:58,9.69,$143.82,debit_card
TRIP01189,USR0416,SC0082,CDMX,2025-04-26T16:34:27,2025-04-26T18:01:27,4.81,78.48,cash
TRIP01567,USR0327,SC0104,Monterrey,2025-04-22T20:55:10,2025-04-22T21:14:10,10.88,133.25,debit_card
TRIP02251,USR0343,SC0039,Guadalajara,2024-10-03T16:46:16,2024-10-03T17:22:16,14.65,141.9,cash
TRIP04197,USR0080,SC0062,Monterrey,2025-05-10T08:43:18,2025-05-10T08:52:18,5.42,72.76,debit_card
TRIP02481,USR0125,SC0179,Ciudad de Mexico,2025-03-19T19:53:27,2025-03-19T20:33:27,1.04,25.32,debit_card
TRIP03395,USR0381,SC0051,cdmx,2024-05-06T17:38:34,2024-05-06T17:46:34,3.26,42.74,credit_card
TRIP01341,USR0043,SC0085,Ciudad de Mexico,2024-04-08T11:53:58,2024-04-08T12:17:58,0.97,23.89,cash
TRIP01681,USR0016,SC0148,Monterrey,2024-05-28T12:41:38,2024-05-28T13:40:38,3.46,52.25,debit_card
TRIP02785,USR0349,SC0047,CDMX,2024-03-16T18:13:52,2024-03-16T19:00:52,5.31,80.96,debit_card
TRIP03511,USR0421,SC0110,GDL,2024-02-01T08:32:14,2024-02-01T09:42:14,12.48,112.51,credit_card
TRIP03333,USR0064,SC0040,Monterrey,2025-04-25T12:45:10,2025-04-25T13:14:10,10.01,96.85,debit_card
TRIP00895,USR0292,SC0039,Guadalajara,2025-05-23T18:14:29,2025-05-23T18:34:29,14.06,179.68,debit_card
TRIP01897,USR0197,SC0060,CDMX,2024-04-03T02:03:41,2024-04-03T03:11:41,9.13,115.98,debit_card
TRIP03362,USR0031,SC0069,Ciudad de Mexico,2024-11-28T09:25:52,2024-11-28T09:30:52,14.35,167.9,qr_code
TRIP01295,USR0399,SC0002,Ciudad de Mexico,2025-02-25T16:43:17,2025-02-25T17:00:17,0.61,14.5,credit_card
TRIP02942,USR0309,SC0175,Guadalajara,2024-07-28T23:39:17,2024-07-28T23:50:17,1.51,33.43,qr_code
TRIP01977,USR0477,SC0066,Monterrey,2024-06-14T06:45:13,2024-06-14T07:39:13,3.16,59.34,wallet
TRIP04013,USR0338,SC0035,Ciudad de Mexico,2024-01-31T19:18:34,2024-01-31T20:31:34,10.18,91.05,cash
TRIP02911,USR0444,SC0136,CDMX,2025-04-21T07:17:50,2025-04-21T08:04:50,9.18,125.15,qr_code
TRIP00946,USR0482,SC0098,MTY,2025-01-04T09:07:29,2025-01-04T10:14:29,10.23,101.17,credit_card
TRIP02928,USR0228,SC0069,Ciudad de Mexico,2024-10-19T13:18:33,2024-10-19T13:55:33,2.2,33.03,debit_card
TRIP01173,USR0352,SC0060,Ciudad de Mexico,2024-11-05T16:44:01,2024-11-05T17:03:01,9.35,107.6,debit_card
TRIP02165,USR0293,SC0014,cdmx,2025-06-27T18:24:25,2025-06-27T19:33:25,11.24,152.15,credit_card
TRIP03720,USR0391,SC0001,MTY,2024-06-25T15:39:12,2024-06-25T16:16:12,4.16,42.74,qr_code
TRIP03444,USR0208,SC0182,Monterrey,2024-09-01T08:23:28,2024-09-01T08:39:28,13.4,147.12,credit_card
TRIP00453,USR0408,SC0183,Guadalajara,2025-04-23T12:07:30,2025-04-23T13:36:30,2.97,58.89,credit_card
TRIP04682,USR0312,SC0155,cdmx,2024-02-29T18:59:44,2024-02-29T20:11:44,5.21,47.36,qr_code
TRIP02096,USR0383,SC0175,GDL,2024-04-23T09:00:06,2024-04-23T09:05:06,13.4,196.76,cash
TRIP01116,USR0358,SC0196,Guadalajara,2025-04-02T16:38:58,2025-04-02T16:49:58,0.97,17.32,credit_card
TRIP00572,USR0481,SC0092,MTY,2025-06-15T21:29:47,2025-06-15T22:04:47,12.09,183.48,qr_code
TRIP00421,USR0171,SC0085,CDMX,2024-09-13T18:43:54,2024-09-13T19:23:54,2.5,50.71,cash
TRIP04504,USR0003,SC0056,MTY,2025-01-13T12:13:20,2025-01-13T13:12:20,10.35,94.7,wallet
TRIP01857,USR0255,SC0059,cdmx,2024-10-24T11:37:06,2024-10-24T11:59:06,4.19,65.14,cash
TRIP04934,USR0474,SC0188,Ciudad de Mexico,2024-01-14T01:50:12,2024-01-14T02:58:12,14.54,175.44,debit_card
TRIP01715,USR0059,SC0140,CDMX,2024-05-30T08:39:36,2024-05-30T09:50:36,0.72,21.19,cash
TRIP00663,USR0460,SC0043,cdmx,2024-09-11T01:33:09,2024-09-11T01:55:09,1.39,36.92,cash
TRIP04324,USR0180,SC0187,GDL,2025-05-21T09:03:09,2025-05-21T10:16:09,1.88,44.35,credit_card
TRIP03515,USR0260,SC0193,cdmx,2024-09-02T19:01:26,2024-09-02T19:14:26,2.42,40.71,cash
TRIP00725,USR0223,SC0045,Ciudad de Mexico,2024-03-02T07:20:45,2024-03-02T08:26:45,8.02,100.15,cash
TRIP01458,USR0198,SC0055,Monterrey,2025-01-14T16:17:18,2025-01-14T15:59:18,12.57,$191.15,qr_code
TRIP01075,USR0321,SC0063,Monterrey,2025-03-16T16:18:28,2025-03-16T17:48:28,12.98,186.97,debit_card
TRIP02790,USR0393,SC0020,Ciudad de Mexico,2024-05-07T18:06:13,2024-05-07T18:33:13,3.34,46.1,cash
TRIP01822,USR0452,SC0017,CDMX,2024-05-28T12:08:22,2024-05-28T12:48:22,13.34,164.68,qr_code
TRIP04688,USR0255,SC0047,cdmx,2025-03-19T11:54:23,2025-03-19T12:00:23,8.02,82.61,debit_card
TRIP04971,USR0103,SC0101,Ciudad de Mexico,2024-08-14T13:50:38,2024-08-14T13:57:38,1.69,23.6,debit_card
TRIP00552,USR0443,SC0194,GDL,2025-06-12T18:31:08,2025-06-12T19:04:08,2.74,49.76,wallet
TRIP03829,USR0416,SC0170,CDMX,2024-04-22T07:34:02,2024-04-22T07:42:02,1.98,30.68,credit_card
TRIP03789,USR0035,SC0097,GDL,2025-05-19T21:47:36,2025-05-19T23:05:36,12.49,169.13,qr_code
TRIP00870,USR0485,SC0177,Ciudad de Mexico,2024-08-15T16:43:23,2024-08-15T17:01:23,7.81,103.96,wallet
TRIP02936,USR0337,SC0185,cdmx,2024-11-27T07:37:19,2024-11-27T08:38:19,1.25,20.42,credit_card
TRIP02092,USR0433,SC0017,cdmx,2025-01-03T07:08:47,2025-01-03T08:30:47,3.01,47.87,cash
TRIP00259,USR0364,SC0080,cdmx,2025-06-28T08:29:35,2025-06-28T08:36:35,4.92,$72.40,cash
TRIP02998,USR0093,SC0028,Ciudad de Mexico,2024-05-10T07:39:01,2024-05-10T08:10:01,8.28,98.39,debit_card
TRIP00828,USR0289,SC0107,CDMX,2025-06-07T09:42:03,2025-06-07T10:33:03,8.86,$129.42,wallet
TRIP01806,USR0132,SC0187,Guadalajara,2024-04-12T11:52:50,2024-04-12T12:55:50,8.29,96.15,debit_card
TRIP01007,USR0140,SC0119,MTY,2024-10-17T17:00:08,2024-10-17T17:58:08,4.94,74.8,cash
TRIP01428,USR0162,SC0127,cdmx,2024-09-04T12:58:09,2024-09-04T13:11:09,3.64,$42.20,wallet
TRIP03995,USR0292,SC0172,MTY,2024-11-07T18:39:01,2024-11-07T19:04:01,11.34,151.06,credit_card
TRIP00671,USR0009,SC0188,Ciudad de Mexico,2024-06-04T14:03:51,2024-06-04T15:16:51,14.23,177.34,debit_card
TRIP02830,USR0048,SC0078,Ciudad de Mexico,2024-08-27T18:19:24,2024-08-27T19:36:24,4.8,78.6,qr_code
TRIP01443,USR0043,SC0152,Monterrey,2025-06-01T11:44:16,2025-06-01T12:15:16,5.27,84.66,qr_code
TRIP01230,USR0206,SC0034,GDL,2025-03-04T20:46:28,2025-03-04T21:55:28,7.74,131.34,cash
TRIP00934,USR0452,SC0021,GDL,2024-04-16T17:25:28,2024-04-16T18:30:28,1.47,35.97,cash
TRIP00436,USR0357,SC0039,GDL,2024-12-06T18:44:20,2024-12-06T20:14:20,9.32,123.46,debit_card
TRIP00058,USR0390,SC0017,CDMX,2025-05-20T15:37:28,2025-05-20T16:54:28,5.19,86.54,wallet
TRIP04634,USR0448,SC0042,CDMX,2025-01-03T14:41:33,2025-01-03T16:04:33,5.58,76.49,qr_code
TRIP03446,USR0021,SC0112,Ciudad de Mexico,2025-04-21T08:58:20,2025-04-21T10:18:20,14.32,226.81,credit_card
TRIP02279,USR0335,SC0193,Ciudad de Mexico,2024-04-27T15:42:17,2024-04-27T16:27:17,14.6,205.53,debit_card
TRIP04102,USR0185,SC0123,Monterrey,2025-04-29T20:43:01,2025-04-29T21:52:01,3.32,43.79,wallet
TRIP00253,USR0419,SC0037,GDL,2025-01-26T14:20:34,2025-01-26T15:37:34,3.7,46.88,wallet
TRIP00066,USR0265,SC0058,Monterrey,2024-03-26T09:57:32,2024-03-26T10:20:32,13.7,206.19,wallet
TRIP03427,USR0187,SC0101,cdmx,2025-02-15T11:15:24,2025-02-15T12:05:24,6.99,71.38,wallet
TRIP00342,USR0035,SC0008,Ciudad de Mexico,2024-07-02T17:09:19,2024-07-02T18:33:19,10.09,129.83,cash
TRIP03996,USR0386,SC0116,GDL,2025-01-20T08:47:32,2025-01-20T09:37:32,7.46,121.81,debit_card
TRIP00970,,SC0178,Ciudad de Mexico,2024-06-21T18:46:42,2024-06-21T19:12:42,8.1,85.45,credit_card
TRIP02701,USR0226,SC0154,Monterrey,2024-12-28T11:39:37,2024-12-28T11:57:37,14.95,196.28,qr_code
TRIP04167,USR0285,SC0072,Guadalajara,2024-10-07T09:52:01,2024-10-07T10:29:01,7.54,$103.84,debit_card
TRIP02298,USR0428,SC0043,cdmx,2025-05-12T13:34:20,2025-05-12T14:52:20,6.63,75.29,cash
TRIP00031,USR0497,SC0136,cdmx,2025-04-18T08:23:39,2025-04-18T09:31:39,3.45,59.78,wallet
TRIP02004,USR0447,SC0070,cdmx,2025-04-28T08:20:21,2025-04-28T09:24:21,4.59,75.91,cash
TRIP03573,USR0137,SC0242,CDMX,2024-03-21T15:07:15,2024-03-21T15:37:15,5.18,83.32,debit_card
TRIP03220,USR0288,SC0013,CDMX,2024-12-24T08:05:48,2024-12-24T09:20:48,13.1,157.64,debit_card
TRIP01866,USR0357,SC0187,GDL,2024-12-17T13:23:57,2024-12-17T14:13:57,0.88,21.56,credit_card
TRIP00909,USR0410,SC0094,Ciudad de Mexico,2025-06-09T19:49:37,2025-06-09T20:51:37,1.71,24.34,qr_code
TRIP02555,USR0080,SC0174,MTY,2024-09-23T16:10:17,2024-09-23T16:54:17,12.47,$146.62,cash
TRIP00357,USR0374,SC0154,MTY,2024-11-30T05:03:41,2024-11-30T06:30:41,9.8,86.61,qr_code
TRIP00177,USR0300,SC0028,cdmx,2025-04-26T16:37:39,2025-04-26T16:51:39,2.24,41.54,debit_card
TRIP04481,USR0355,SC0107,CDMX,2024-08-17T08:45:27,2024-08-17T09:23:27,5.01,76.72,qr_code
TRIP02575,USR0427,SC0048,Ciudad de Mexico,2025-02-19T14:34:01,2025-02-19T15:40:01,3.96,40.18,cash
TRIP00965,USR0194,SC0045,cdmx,2024-08-11T10:00:04,2024-08-11T11:08:04,4.2,67.78,qr_code
TRIP03299,USR0278,SC0073,Guadalajara,2024-11-10T18:50:35,2024-11-10T19:11:35,10.44,144.44,cash
TRIP00557,USR0072,SC0190,Ciudad de Mexico,2025-05-10T13:42:11,2025-05-10T15:00:11,10.05,114.1,qr_code
TRIP00728,USR0241,SC0080,CDMX,2024-11-25T13:38:57,2024-11-25T14:17:57,3.3,59.86,credit_card
TRIP01476,USR0106,SC0175,GDL,2024-04-12T08:53:46,2024-04-12T09:52:46,8.29,136.35,cash
TRIP00917,USR0033,SC0017,CDMX,2024-04-25T18:46:15,2024-04-25T19:36:15,9.78,106.73,wallet
TRIP02431,USR0352,SC0199,GDL,2024-05-11T23:57:44,2024-05-12T00:49:44,0.86,20.05,credit_card
TRIP02437,USR0090,SC0069,CDMX,2024-09-01T16:22:08,2024-09-01T17:41:08,7.88,84.01,cash
TRIP02684,USR0332,SC0152,MTY,2024-11-03T12:48:54,2024-11-03T14:05:54,3.42,58.65,debit_card
TRIP02133,USR0276,SC0124,MTY,2024-10-23T16:50:04,2024-10-23T17:20:04,13.33,139.28,wallet
TRIP04827,USR0365,SC0034,Guadalajara,2024-08-19T11:23:23,2024-08-19T11:51:23,13.07,150.73,qr_code
TRIP04558,USR0125,SC0109,cdmx,2024-08-15T15:38:07,2024-08-15T16:39:07,0.75,26.62,qr_code
TRIP01102,USR0016,SC0081,MTY,2024-09-13T19:17:55,2024-09-13T20:13:55,1.28,17.83,credit_card
TRIP01529,USR0182,SC0115,Guadalajara,2024-04-01T20:41:28,2024-04-01T21:12:28,10.94,110.77,wallet
TRIP04990,USR0297,SC0163,CDMX,2024-12-24T09:33:55,2024-12-24T09:53:55,7.41,$123.89,debit_card
TRIP01909,USR0374,SC0164,GDL,2025-01-30T18:23:58,2025-01-30T19:42:58,0.68,23.79,debit_card
TRIP00693,USR0455,SC0028,CDMX,2024-04-20T08:33:10,2024-04-20T08:50:10,14.96,235.09,qr_code
TRIP01335,USR0114,SC0014,Ciudad de Mexico,2024-03-03T07:33:23,2024-03-03T08:16:23,0.56,23.89,credit_card
TRIP02689,USR0330,SC0055,Monterrey,2024-10-28T05:29:31,2024-10-28T06:02:31,5.94,73.36,wallet
TRIP03473,USR0309,SC0106,MTY,2024-09-30T17:04:36,2024-09-30T17:55:36,6.33,95.03,credit_card
TRIP01174,USR0225,SC0094,cdmx,2025-06-27T23:14:35,2025-06-28T00:24:35,11.9,178.28,credit_card
TRIP04770,USR0046,SC0049,MTY,2024-02-27T09:09:57,2024-02-27T10:27:57,12.75,125.62,debit_card
TRIP03809,USR0098,SC0078,CDMX,2024-09-06T12:46:42,2024-09-06T14:11:42,12.8,$130.07,qr_code
TRIP03291,USR0281,SC0089,CDMX,2024-03-08T08:17:56,2024-03-08T09:42:56,8.03,108.27,debit_card
TRIP04120,USR0006,SC0139,MTY,2024-04-17T20:29:53,2024-04-17T21:10:53,9.1,105.81,qr_code
TRIP04006,USR0332,SC0082,cdmx,2024-02-20T11:44:09,2024-02-20T11:49:09,4.35,59.84,credit_card
TRIP00361,USR0221,SC0156,cdmx,2024-10-16T08:11:26,2024-10-16T08:34:26,3.91,52.35,wallet
TRIP02953,USR0292,SC0032,Monterrey,2025-04-15T18:26:10,2025-04-15T18:57:10,3.82,$46.67,wallet
TRIP01179,USR0008,SC0106,MTY,2024-05-16T08:07:29,2024-05-16T08:19:29,14.92,178.45,cash
TRIP00773,USR0189,SC0032,MTY,2024-11-29T18:32:52,2024-11-29T18:39:52,6.21,68.98,debit_card
TRIP03772,USR0333,SC0006,Monterrey,2024-07-18T01:01:57,2024-07-18T01:40:57,14.01,$203.05,credit_card
TRIP02391,USR0232,SC0025,GDL,2024-02-05T19:42:58,2024-02-05T20:03:58,13.47,211.98,debit_card
TRIP00866,USR0368,SC0181,MTY,2024-05-12T15:31:47,2024-05-12T15:40:47,10.38,97.74,debit_card
TRIP04939,USR0297,SC0184,cdmx,2024-12-01T09:00:39,2024-12-01T10:08:39,7.3,118.57,wallet
TRIP03791,USR0114,SC0039,Guadalajara,2025-04-18T17:12:44,2025-04-18T18:41:44,3.12,45.29,debit_card
TRIP00090,USR0489,SC0043,cdmx,2024-10-24T21:05:22,2024-10-24T22:06:22,3.6,58.73,cash
TRIP03415,USR0165,SC0067,Ciudad de Mexico,2024-06-18T16:29:51,2024-06-18T16:39:51,6.24,81.72,qr_code
TRIP01793,USR0411,SC0090,cdmx,2025-02-05T01:34:56,2025-02-05T03:01:56,14.16,138.01,debit_card
TRIP01140,USR0017,SC0189,CDMX,2024-11-28T07:22:39,2024-11-28T08:45:39,2.08,41.5,wallet
TRIP04342,USR0442,SC0032,Monterrey,2024-07-19T19:19:56,2024-07-19T19:39:56,2.08,38.29,wallet
TRIP01350,USR0383,SC0170,Ciudad de Mexico,2025-04-30T18:22:41,2025-04-30T18:30:41,12.28,$150.31,wallet
TRIP04420,USR0278,SC0033,MTY,2024-10-17T13:49:54,2024-10-17T15:08:54,8.49,125.29,cash
TRIP02001,USR0354,SC0139,MTY,2025-04-03T08:48:24,2025-04-03T09:24:24,7.34,$86.25,cash
TRIP01470,USR0274,SC0070,cdmx,2024-04-19T16:04:17,2024-04-19T16:33:17,12.93,132.9,debit_card
TRIP04318,USR0053,SC0050,cdmx,2025-06-19T16:37:57,2025-06-19T16:27:57,8.0,99.65,wallet
TRIP00785,USR0121,SC0123,MTY,2024-06-17T16:37:24,2024-06-17T16:52:24,11.19,112.7,debit_card
TRIP04727,USR0077,SC0036,MTY,2025-03-10T09:04:31,2025-03-10T10:27:31,1.51,25.27,debit_card
TRIP02318,USR0058,SC0179,CDMX,2024-07-10T09:04:02,2024-07-10T09:48:02,5.98,61.51,cash
TRIP03489,USR0352,SC0103,Monterrey,2024-12-27T07:43:34,2024-12-27T08:57:34,11.72,124.93,cash
TRIP03967,USR0132,SC0157,Ciudad de Mexico,2025-01-20T07:42:09,2025-01-20T08:01:09,12.54,163.2,wallet
TRIP03462,USR0387,SC0080,CDMX,2024-04-10T07:36:24,2024-04-10T08:59:24,6.97,69.44,wallet
TRIP02672,USR0283,SC0198,cdmx,2024-08-27T22:06:26,2024-08-27T23:24:26,9.34,$117.99,credit_card
TRIP04411,USR0083,SC0078,CDMX,2024-08-17T11:37:26,2024-08-17T13:06:26,8.31,116.29,credit_card
TRIP03892,USR0359,SC0129,GDL,2024-07-06T18:58:02,2024-07-06T19:12:02,5.33,60.82,qr_code
TRIP00263,USR0095,SC0159,CDMX,2024-09-30T16:38:14,2024-09-30T17:12:14,10.48,131.34,cash
TRIP00497,USR0356,SC0157,cdmx,2024-12-07T21:58:15,2024-12-07T22:52:15,8.24,113.95,qr_code
TRIP04206,USR0442,SC0172,Monterrey,2024-11-21T08:25:32,2024-11-21T09:27:32,1.25,25.57,cash
TRIP03854,USR0109,SC0169,Ciudad de Mexico,2025-02-20T12:29:26,2025-02-20T13:21:26,8.57,95.36,qr_code
TRIP01196,USR0356,SC0061,GDL,2024-12-21T10:12:16,2024-12-21T10:21:16,12.02,149.14,credit_card
TRIP02287,USR0054,SC0074,cdmx,2025-02-26T15:39:24,2025-02-26T15:50:24,6.59,63.14,qr_code
TRIP01925,USR0366,SC0037,Guadalajara,2024-06-20T17:00:01,2024-06-20T17:52:01,3.61,41.73,cash
TRIP00618,USR0489,SC0155,cdmx,2024-01-30T08:19:56,2024-01-30T09:40:56,3.38,66.33,cash
TRIP03987,USR0031,SC0170,CDMX,2024-08-01T19:56:30,2024-08-01T19:34:30,2.16,43.31,debit_card
TRIP04312,USR0260,SC0067,Ciudad de Mexico,2024-11-05T07:32:02,2024-11-05T07:49:02,9.47,111.57,credit_card
TRIP03979,USR0342,SC0090,CDMX,2024-11-08T17:46:58,2024-11-08T18:24:58,10.67,115.94,wallet
TRIP02171,USR0344,SC0164,Guadalajara,2024-08-15T16:27:43,2024-08-15T16:41:43,3.97,49.54,debit_card
TRIP00500,USR0073,SC0029,Guadalajara,2025-03-02T08:47:08,2025-03-02T09:59:08,6.47,83.76,cash
TRIP03208,USR0415,SC0081,Monterrey,2024-07-23T12:33:11,2024-07-23T13:16:11,14.21,$207.03,wallet
TRIP04790,USR0333,SC0102,Monterrey,2024-04-29T11:07:59,2024-04-29T12:25:59,11.8,128.1,cash
TRIP00537,USR0113,SC0081,Monterrey,2025-04-08T14:49:25,2025-04-08T15:18:25,10.45,166.86,wallet
TRIP00196,USR0299,SC0139,MTY,2025-03-03T19:34:18,2025-03-03T20:33:18,0.87,22.9,debit_card
TRIP03765,USR0461,SC0134,GDL,2024-12-10T18:43:21,2024-12-10T19:59:21,0.81,29.32,credit_card
TRIP02717,USR0158,SC0086,cdmx,2024-09-11T19:01:27,2024-09-11T19:53:27,2.46,51.92,wallet
TRIP04108,USR0137,SC0080,Ciudad de Mexico,2024-01-19T15:03:00,2024-01-19T14:47:00,8.12,104.04,credit_card
TRIP02183,USR0417,SC0033,Monterrey,2025-05-03T17:38:01,2025-05-03T18:12:01,5.15,87.44,wallet
TRIP00299,USR0310,SC0139,Monterrey,2024-07-07T13:59:04,2024-07-07T15:25:04,11.66,164.79,cash
TRIP04674,USR0288,SC0014,cdmx,2024-01-25T19:26:15,2024-01-25T20:21:15,0.0,77.55,qr_code
TRIP03034,USR0183,SC0020,Ciudad de Mexico,2025-05-14T19:32:40,2025-05-14T20:28:40,13.92,193.26,credit_card
TRIP00297,USR0137,SC0055,MTY,2025-02-04T17:15:46,2025-02-04T18:35:46,10.33,$164.16,credit_card
TRIP01249,USR0169,SC0006,Monterrey,2024-11-21T20:22:08,2024-11-21T21:49:08,9.25,139.14,cash
TRIP03887,USR0240,SC0143,cdmx,2024-04-05T09:34:31,2024-04-05T10:47:31,2.68,41.07,qr_code
TRIP01987,USR0038,SC0097,Guadalajara,2025-04-23T12:36:05,2025-04-23T13:12:05,12.93,160.89,debit_card
TRIP02894,USR0338,SC0166,Ciudad de Mexico,2024-08-11T09:17:51,2024-08-11T10:37:51,10.18,98.95,qr_code
TRIP04705,USR0282,SC0084,GDL,2025-04-29T19:31:51,2025-04-29T19:56:51,12.14,147.9,debit_card
TRIP01258,USR0148,SC0084,Guadalajara,2024-07-10T19:26:24,2024-07-10T20:28:24,5.97,$76.66,debit_card
TRIP00182,USR0025,SC0138,Monterrey,2024-01-21T07:28:24,2024-01-21T07:48:24,2.72,49.45,credit_card
TRIP03678,USR0027,SC0123,Monterrey,2024-07-08T17:25:15,2024-07-08T17:40:15,0.81,13.86,credit_card
TRIP04116,USR0428,SC0088,Monterrey,2025-06-22T08:41:43,2025-06-22T09:42:43,8.66,127.16,wallet
TRIP03909,USR0404,SC0095,CDMX,2024-03-20T08:50:42,2024-03-20T09:22:42,11.54,125.46,cash
TRIP03650,USR0312,SC0180,Ciudad de Mexico,2025-05-13T08:08:40,2025-05-13T09:17:40,8.05,123.56,wallet
TRIP03682,USR0013,SC0068,Ciudad de Mexico,2024-03-06T18:16:22,2024-03-06T18:36:22,4.96,62.54,qr_code
TRIP03201,USR0242,SC0045,Ciudad de Mexico,2024-10-18T13:01:28,2024-10-18T13:43:28,2.67,48.51,wallet
TRIP03748,USR0200,SC0081,Monterrey,2024-10-23T08:12:29,2024-10-23T08:46:29,6.86,94.62,debit_card
TRIP04166,USR0412,SC0150,cdmx,2024-07-22T05:40:38,2024-07-22T05:49:38,5.14,70.12,wallet
TRIP02285,USR0398,SC0099,Guadalajara,2024-06-17T00:31:45,2024-06-17T01:43:45,6.56,84.99,wallet
TRIP02757,USR0242,SC0105,cdmx,2025-01-24T05:50:59,2025-01-24T06:01:59,0.6,17.16,credit_card
TRIP02793,USR0192,SC0245,Monterrey,2025-02-05T16:13:42,2025-02-05T17:25:42,14.97,151.1,qr_code
TRIP01918,USR0129,SC0087,Guadalajara,2025-01-03T21:39:45,2025-01-03T22:25:45,10.17,118.55,debit_card
TRIP01393,USR0209,SC0024,CDMX,2024-06-21T22:23:53,2024-06-21T23:13:53,13.07,153.75,wallet
TRIP01147,USR0061,SC0103,Monterrey,2025-02-15T13:19:37,2025-02-15T14:11:37,0.72,23.3,credit_card
TRIP03195,USR0442,SC0138,Monterrey,2024-03-10T22:19:23,2024-03-10T23:33:23,3.68,61.23,debit_card
TRIP02606,USR0436,SC0143,CDMX,2025-02-28T15:02:13,2025-02-28T15:44:13,8.61,94.76,credit_card
TRIP04320,USR0071,SC0039,GDL,2024-04-12T07:52:38,2024-04-12T08:12:38,9.28,133.1,wallet
TRIP04638,USR0324,SC0043,cdmx,2024-06-12T07:44:49,2024-06-12T08:28:49,5.3,60.66,cash
TRIP02563,USR0267,SC0139,MTY,2024-12-25T11:37:58,2024-12-25T12:15:58,0.9,25.74,qr_code
TRIP01841,USR0117,SC0108,CDMX,2025-04-12T22:47:29,2025-04-13T00:13:29,7.15,97.86,cash
TRIP04415,USR0175,SC0105,cdmx,2024-08-23T10:21:23,2024-08-23T10:43:23,2.41,38.01,qr_code
TRIP04787,USR0284,SC0023,CDMX,2024-07-08T20:52:47,2024-07-08T21:36:47,1.64,39.24,credit_card
TRIP04553,,SC0006,MTY,2025-01-18T07:28:42,2025-01-18T08:14:42,10.52,120.87,wallet
TRIP02107,USR0218,SC0194,GDL,2025-04-25T15:52:32,2025-04-25T16:28:32,6.47,92.4,qr_code
TRIP01757,USR0265,SC0189,cdmx,2025-05-12T19:37:51,2025-05-12T20:49:51,12.55,144.55,credit_card
TRIP03787,USR0217,SC0109,cdmx,2024-06-03T17:52:00,2024-06-03T18:52:00,10.76,115.84,debit_card
TRIP01328,USR0057,SC0193,cdmx,2024-03-02T06:33:46,2024-03-02T07:43:46,11.16,$126.18,credit_card
TRIP04107,USR0251,SC0111,GDL,2025-01-24T10:43:34,2025-01-24T11:07:34,7.15,75.31,qr_code
TRIP02888,USR0258,SC0103,Monterrey,2024-12-12T07:44:13,2024-12-12T08:03:13,11.16,151.43,qr_code
TRIP04745,USR0365,SC0161,Ciudad de Mexico,2024-10-07T20:42:43,2024-10-07T21:27:43,9.11,140.59,qr_code
TRIP00080,USR0483,SC0046,Ciudad de Mexico,2024-01-30T21:49:36,2024-01-30T22:27:36,6.54,94.04,cash
TRIP03625,USR0143,SC0185,cdmx,2024-04-09T18:42:04,2024-04-09T19:25:04,8.29,118.06,qr_code
TRIP02459,USR0172,SC0061,Guadalajara,2025-03-07T18:58:49,2025-03-07T19:28:49,4.73,79.74,wallet
TRIP01324,USR0375,SC0147,Monterrey,2024-10-03T17:25:31,2024-10-03T18:21:31,6.23,75.88,qr_code
TRIP02258,USR0050,SC0171,Guadalajara,2024-10-02T07:47:55,2024-10-02T08:54:55,9.94,107.73,cash
TRIP02704,USR0377,SC0198,CDMX,2024-03-21T09:18:43,2024-03-21T10:04:43,13.11,119.56,cash
TRIP02179,USR0214,SC0132,CDMX,2025-02-15T20:05:06,2025-02-15T21:23:06,6.75,64.97,cash
TRIP04534,USR0188,SC0112,Ciudad de Mexico,2025-05-19T15:22:03,2025-05-19T16:13:03,12.56,159.83,cash
TRIP01571,USR0328,SC0098,Monterrey,2024-05-24T15:55:38,2024-05-24T16:14:38,3.71,59.14,wallet
TRIP01584,USR0462,SC0055,MTY,2024-11-13T19:02:28,2024-11-13T19:58:28,11.29,115.63,cash
TRIP01961,USR0270,SC0117,Ciudad de Mexico,2024-05-27T17:57:22,2024-05-27T19:19:22,3.67,51.7,qr_code
TRIP01325,USR0071,SC0044,CDMX,2025-06-14T20:08:24,2025-06-14T20:45:24,3.45,59.77,qr_code
TRIP04680,USR0026,SC0135,CDMX,2024-08-26T09:39:10,2024-08-26T09:51:10,12.84,200.65,credit_card
TRIP01667,USR0296,SC0100,Guadalajara,2025-05-16T18:49:42,2025-05-16T20:00:42,11.6,179.34,wallet
TRIP04369,USR0397,SC0178,Ciudad de Mexico,2024-10-11T08:11:09,2024-10-11T09:29:09,10.15,126.33,debit_card
TRIP00818,USR0111,SC0111,GDL,2024-04-12T15:59:36,2024-04-12T15:36:36,5.68,$78.86,credit_card
TRIP03387,,SC0141,cdmx,2024-10-21T17:43:25,2024-10-21T17:56:25,5.19,80.31,debit_card
TRIP04997,USR0377,SC0189,CDMX,2024-07-11T04:42:23,2024-07-11T05:08:23,7.15,119.79,wallet
TRIP01084,USR0183,SC0039,Guadalajara,2024-01-08T09:01:03,2024-01-08T10:09:03,4.45,60.59,debit_card
TRIP03629,USR0069,SC0074,cdmx,2024-05-02T12:25:44,2024-05-02T12:52:44,8.64,100.05,credit_card
TRIP01733,USR0312,SC0142,Monterrey,2025-05-16T07:55:01,2025-05-16T08:04:01,9.34,$109.46,cash
TRIP04903,USR0237,SC0048,cdmx,2024-09-23T10:03:37,2024-09-23T11:15:37,8.51,$130.38,cash
TRIP01352,USR0223,SC0181,Monterrey,2025-06-11T17:12:28,2025-06-11T18:39:28,14.85,160.38,qr_code
TRIP04463,USR0020,SC0146,CDMX,2024-06-27T08:37:48,2024-06-27T10:06:48,2.04,42.23,wallet
TRIP01792,USR0457,SC0031,GDL,2024-07-12T17:31:37,2024-07-12T18:03:37,9.83,94.59,cash
TRIP01044,USR0096,SC0122,Monterrey,2024-03-05T09:48:47,2024-03-05T09:55:47,7.65,71.94,cash
TRIP04818,USR0159,SC0101,CDMX,2024-12-03T14:23:46,2024-12-03T15:38:46,7.5,101.97,debit_card
TRIP04604,USR0385,SC0077,Guadalajara,2024-07-26T06:32:04,2024-07-26T07:10:04,11.59,132.51,qr_code
TRIP04190,USR0184,SC0121,Monterrey,2025-06-26T17:15:59,2025-06-26T17:56:59,2.02,44.55,debit_card
TRIP02210,USR0151,SC0225,Ciudad de Mexico,2024-06-18T19:50:24,2024-06-18T20:35:24,1.95,28.23,credit_card
TRIP04994,USR0312,SC0012,Monterrey,2024-05-06T09:01:20,2024-05-06T09:56:20,5.25,69.27,qr_code
TRIP02030,USR0143,SC0083,MTY,2025-03-29T11:46:03,2025-03-29T12:28:03,4.32,52.41,debit_card
TRIP00184,USR0467,SC0127,CDMX,2024-12-04T01:05:58,2024-12-04T01:24:58,2.66,35.63,credit_card
TRIP00218,USR0338,SC0122,Monterrey,2025-03-17T10:02:44,2025-03-17T11:14:44,7.49,110.48,qr_code
TRIP02782,USR0022,SC0175,Guadalajara,2024-07-06T14:13:23,2024-07-06T15:17:23,8.3,119.94,qr_code
TRIP00956,USR0302,SC0180,cdmx,2025-05-30T09:11:20,2025-05-30T09:45:20,13.66,211.41,qr_code
TRIP04786,USR0042,SC0135,Ciudad de Mexico,2025-06-10T07:20:43,2025-06-10T07:30:43,4.1,51.6,cash
TRIP01879,USR0059,SC0054,GDL,2024-11-08T18:24:01,2024-11-08T18:29:01,12.88,191.98,qr_code
TRIP04802,USR0135,SC0185,Ciudad de Mexico,2024-05-31T08:18:11,2024-05-31T08:56:11,9.69,104.15,cash
TRIP02602,USR0479,SC0059,cdmx,2025-03-28T16:20:04,2025-03-28T17:50:04,6.23,94.93,credit_card
TRIP00668,USR0192,SC0121,Monterrey,2024-01-15T05:50:15,2024-01-15T06:15:15,7.47,112.42,qr_code
TRIP04069,USR0044,SC0109,cdmx,2024-06-04T17:46:36,2024-06-04T18:56:36,12.4,172.02,credit_card
TRIP01146,USR0084,SC0035,CDMX,2024-08-24T19:50:17,2024-08-24T20:29:17,1.33,34.17,qr_code
TRIP00501,USR0017,SC0047,CDMX,2025-05-30T11:27:43,2025-05-30T12:30:43,13.83,174.87,debit_card
TRIP04215,USR0304,SC0048,cdmx,2025-03-17T14:23:51,2025-03-17T15:10:51,4.12,69.75,debit_card
TRIP04737,USR0174,SC0081,Monterrey,2024-04-22T19:12:49,2024-04-22T19:58:49,12.25,$198.16,debit_card
TRIP01460,USR0345,SC0106,Monterrey,2025-05-02T12:22:24,2025-05-02T13:07:24,0.77,23.8,debit_card
TRIP03638,USR0234,SC0094,cdmx,2024-05-02T15:53:01,2024-05-02T17:13:01,14.84,161.2,debit_card
TRIP03925,USR0048,SC0143,cdmx,2024-03-31T11:34:06,2024-03-31T12:49:06,12.79,146.79,qr_code
TRIP00542,USR0220,SC0047,CDMX,2025-04-30T13:15:30,2025-04-30T13:34:30,10.36,112.38,debit_card
TRIP00010,USR0427,SC0219,MTY,2024-11-25T12:13:32,2024-11-25T13:18:32,11.17,150.13,qr_code
TRIP00048,USR0235,SC0008,Ciudad de Mexico,2024-04-20T20:04:57,2024-04-20T20:19:57,2.33,42.6,wallet
TRIP04089,USR0207,SC0167,cdmx,2024-05-10T20:02:31,2024-05-10T21:09:31,5.87,77.83,debit_card
TRIP02638,USR0324,SC0076,Ciudad de Mexico,2024-06-17T18:31:02,2024-06-17T18:51:02,12.52,204.22,debit_card
TRIP03212,USR0327,SC0104,MTY,2024-01-03T09:09:00,2024-01-03T10:02:00,7.27,111.12,cash
TRIP04095,USR0369,SC0115,GDL,2024-09-06T17:35:04,2024-09-06T18:50:04,8.47,134.95,credit_card
TRIP02436,USR0261,SC0063,MTY,2025-01-03T21:48:24,2025-01-03T22:27:24,8.11,111.87,wallet
TRIP02444,USR0108,SC0137,CDMX,2024-09-04T20:06:10,2024-09-04T20:41:10,5.25,76.37,qr_code
TRIP02247,,SC0183,GDL,2024-03-04T09:46:00,2024-03-04T11:10:00,13.33,149.38,qr_code
TRIP01242,USR0453,SC0102,Monterrey,2024-02-27T18:48:27,2024-02-27T19:33:27,10.86,146.32,qr_code
TRIP04780,USR0239,SC0097,Guadalajara,2024-10-09T11:08:35,2024-10-09T12:29:35,5.01,62.68,qr_code
TRIP03740,USR0012,SC0090,CDMX,2024-11-27T08:19:30,2024-11-27T08:41:30,13.35,$187.28,credit_card
TRIP02619,USR0219,SC0189,CDMX,2025-04-07T20:52:11,2025-04-07T21:41:11,11.66,133.59,wallet
TRIP01566,USR0335,SC0112,cdmx,2024-04-16T10:35:18,2024-04-16T11:00:18,0.71,16.86,qr_code
TRIP04568,USR0020,SC0169,CDMX,2025-04-14T14:21:33,2025-04-14T15:06:33,2.89,56.4,wallet
TRIP03115,USR0441,SC0047,cdmx,2025-04-24T07:51:53,2025-04-24T08:43:53,7.87,127.49,qr_code
TRIP01061,USR0230,SC0070,Ciudad de Mexico,2025-04-27T10:13:22,2025-04-27T10:36:22,11.11,164.67,wallet
TRIP03998,USR0276,SC0079,CDMX,2024-11-18T09:14:40,2024-11-18T10:42:40,5.65,$74.57,credit_card
TRIP02499,USR0377,SC0234,cdmx,2025-02-22T04:57:27,2025-02-22T05:42:27,7.78,80.61,wallet
TRIP04330,USR0365,SC0104,MTY,2024-05-21T16:42:46,2024-05-21T18:07:46,9.05,85.49,wallet
TRIP00374,USR0274,SC0226,Ciudad de Mexico,2024-04-29T17:29:44,2024-04-29T18:25:44,9.23,119.56,cash
TRIP04978,USR0240,SC0089,cdmx,2024-09-19T08:06:48,2024-09-19T09:04:48,0.0,22.09,wallet
TRIP02732,USR0347,SC0098,MTY,2024-05-05T15:36:12,2024-05-05T17:04:12,7.64,111.87,wallet
TRIP01144,USR0122,SC0056,MTY,2024-09-10T00:10:15,2024-09-10T01:00:15,5.93,84.47,credit_card
TRIP00577,USR0499,SC0019,GDL,2024-06-13T09:09:58,2024-06-13T10:29:58,12.22,158.17,qr_code
TRIP00498,USR0121,SC0040,Monterrey,2024-01-18T13:08:58,2024-01-18T13:27:58,12.81,197.49,debit_card
TRIP01145,USR0173,SC0195,Ciudad de Mexico,2024-02-04T11:32:52,2024-02-04T12:47:52,11.86,162.99,debit_card
TRIP04075,USR0245,SC0086,Ciudad de Mexico,2024-04-26T20:14:12,2024-04-26T21:30:12,4.04,75.19,debit_card
TRIP02820,USR0433,SC0078,Ciudad de Mexico,2024-05-06T17:09:03,2024-05-06T17:36:03,1.41,16.45,debit_card
TRIP00859,USR0499,SC0119,MTY,2025-03-24T12:52:14,2025-03-24T14:06:14,7.97,114.02,cash
TRIP00414,USR0394,SC0064,Monterrey,2025-01-19T08:00:23,2025-01-19T08:06:23,2.17,29.69,cash
TRIP03662,USR0214,SC0042,Ciudad de Mexico,2025-05-13T07:02:00,2025-05-13T08:17:00,14.08,171.19,debit_card
TRIP04388,USR0039,SC0153,cdmx,2024-06-14T20:40:25,2024-06-14T21:08:25,1.75,32.84,qr_code
TRIP04704,USR0472,SC0064,Monterrey,2025-01-09T07:20:21,2025-01-09T08:08:21,14.86,204.05,qr_code
TRIP00478,USR0251,SC0039,GDL,2024-11-28T18:25:32,2024-11-28T19:19:32,11.99,$116.67,debit_card
TRIP00786,USR0017,SC0116,Guadalajara,2024-03-30T19:21:06,2024-03-30T19:30:06,1.07,27.4,wallet
TRIP00963,USR0352,SC0043,CDMX,2024-02-16T06:03:26,2024-02-16T07:10:26,9.84,117.55,qr_code
TRIP04833,USR0151,SC0057,cdmx,2024-03-23T12:03:35,2024-03-23T12:37:35,8.01,$122.28,credit_card
TRIP00746,USR0295,SC0236,Guadalajara,2024-11-29T18:35:59,2024-11-29T19:30:59,3.68,49.61,credit_card
TRIP03476,USR0048,SC0101,cdmx,2024-05-11T16:57:14,2024-05-11T17:51:14,14.88,150.34,qr_code
TRIP01231,USR0495,SC0151,GDL,2025-03-17T00:24:33,2025-03-17T01:26:33,6.52,83.38,cash
TRIP00589,,SC0183,Guadalajara,2024-08-01T06:44:16,2024-08-01T08:07:16,9.75,125.9,cash
TRIP02809,USR0225,SC0118,MTY,2024-08-14T07:38:31,2024-08-14T07:43:31,0.59,12.83,credit_card
TRIP02569,USR0300,SC0169,cdmx,2025-04-25T07:56:19,2025-04-25T09:26:19,9.38,129.43,wallet
TRIP04092,USR0033,SC0100,GDL,2024-09-28T19:23:55,2024-09-28T19:29:55,14.37,161.11,cash
TRIP04766,USR0407,SC0146,CDMX,2025-05-09T15:50:03,2025-05-09T16:30:03,4.17,50.87,debit_card
TRIP04626,USR0084,SC0112,Ciudad de Mexico,2024-07-31T07:53:42,2024-07-31T08:19:42,13.15,196.53,credit_card
TRIP00682,USR0387,SC0046,cdmx,2024-11-26T08:19:58,2024-11-26T09:28:58,11.47,145.95,debit_card
TRIP04765,USR0449,SC0004,CDMX,2025-01-14T09:54:33,2025-01-14T10:17:33,3.5,45.2,qr_code
TRIP04667,USR0288,SC0028,cdmx,2025-04-14T19:30:03,2025-04-14T19:43:03,0.0,52.75,qr_code
TRIP01299,,SC0160,CDMX,2024-10-21T17:21:15,2024-10-21T18:04:15,11.51,168.12,cash
TRIP01607,USR0255,SC0075,Monterrey,2024-06-01T09:30:10,2024-06-01T10:55:10,3.05,46.0,wallet
TRIP03059,USR0156,SC0089,cdmx,2025-03-26T10:21:23,2025-03-26T11:21:23,5.02,52.76,credit_card
TRIP00943,USR0189,SC0190,Ciudad de Mexico,2024-07-18T15:18:35,2024-07-18T15:41:35,8.69,105.0,credit_card
TRIP01888,USR0165,SC0015,MTY,2025-05-17T09:39:34,2025-05-17T10:50:34,8.6,105.31,cash
TRIP04390,USR0245,SC0131,Ciudad de Mexico,2025-04-11T18:28:49,2025-04-11T19:54:49,3.46,63.03,debit_card
TRIP03857,USR0423,SC0173,Ciudad de Mexico,2024-01-30T16:37:56,2024-01-30T17:23:56,11.24,126.46,debit_card
TRIP00068,USR0010,SC0044,CDMX,2025-06-24T18:15:19,2025-06-24T18:35:19,12.01,141.17,qr_code
TRIP01292,USR0306,SC0097,GDL,2025-06-17T20:27:24,2025-06-17T21:49:24,14.27,142.1,qr_code
TRIP03920,USR0330,SC0160,Ciudad de Mexico,2024-05-02T06:32:05,2024-05-02T06:50:05,7.6,86.11,qr_code
TRIP02277,USR0315,SC0111,GDL,2024-08-01T15:40:36,2024-08-01T16:06:36,7.72,115.17,debit_card
TRIP04130,USR0088,SC0017,CDMX,2024-03-14T16:36:59,2024-03-14T16:58:59,14.32,219.97,qr_code
TRIP00648,USR0273,SC0097,GDL,2025-05-30T12:48:11,2025-05-30T12:19:11,7.32,72.9,cash
TRIP04776,USR0298,SC0163,Ciudad de Mexico,2024-08-24T16:31:46,2024-08-24T16:59:46,11.31,114.16,wallet
TRIP00329,USR0046,SC0241,Ciudad de Mexico,2024-10-06T15:45:36,2024-10-06T16:07:36,4.7,71.08,qr_code
TRIP02676,USR0021,SC0022,MTY,2024-10-15T06:50:51,2024-10-15T07:49:51,2.67,30.88,debit_card
TRIP02725,USR0028,SC0080,Ciudad de Mexico,2024-07-29T12:28:25,2024-07-29T12:41:25,7.01,87.45,debit_card
TRIP03097,USR0231,SC0198,CDMX,2024-08-08T06:41:25,2024-08-08T06:55:25,3.52,42.8,wallet
TRIP02621,USR0003,SC0042,cdmx,2024-12-05T12:19:55,2024-12-05T12:45:55,9.35,120.9,credit_card
TRIP02608,USR0479,SC0161,Ciudad de Mexico,2025-04-09T17:09:53,2025-04-09T17:26:53,1.83,24.8,debit_card
TRIP04264,USR0039,SC0063,MTY,2024-12-26T19:33:38,2024-12-26T19:52:38,8.1,102.19,wallet
TRIP04720,USR0274,SC0157,cdmx,2025-01-21T18:44:14,2025-01-21T18:54:14,14.85,$206.02,wallet
TRIP01671,USR0361,SC0158,MTY,2024-08-18T13:53:50,2024-08-18T14:02:50,7.97,88.06,wallet
TRIP02591,USR0155,SC0152,Monterrey,2025-03-04T08:58:33,2025-03-04T09:58:33,7.26,83.65,wallet
TRIP04503,USR0014,SC0081,MTY,2025-03-05T11:11:14,2025-03-05T11:40:14,11.66,$188.12,wallet
TRIP03786,USR0393,SC0118,MTY,2024-07-05T18:26:33,2024-07-05T18:35:33,10.11,$129.83,credit_card
TRIP04575,USR0474,SC0172,Monterrey,2024-02-21T18:40:49,2024-02-21T19:30:49,4.78,61.81,debit_card
TRIP04430,USR0156,SC0105,Ciudad de Mexico,2024-09-21T07:14:24,2024-09-21T07:31:24,14.98,213.88,credit_card
TRIP03205,USR0207,SC0031,GDL,2024-10-17T13:49:52,2024-10-17T15:07:52,10.36,124.43,wallet
TRIP01154,USR0201,SC0033,Monterrey,2024-06-25T10:48:06,2024-06-25T12:01:06,10.12,133.51,cash
TRIP02134,USR0310,SC0002,cdmx,2024-12-04T17:57:28,2024-12-04T19:24:28,0.96,15.04,debit_card
TRIP00201,USR0340,SC0091,CDMX,2024-10-27T18:33:30,2024-10-27T19:49:30,0.63,19.68,qr_code
TRIP00078,USR0368,SC0171,Guadalajara,2024-03-16T09:04:28,2024-03-16T10:08:28,13.23,192.7,debit_card
TRIP04221,USR0285,SC0021,Guadalajara,2024-09-20T19:17:59,2024-09-20T20:16:59,13.57,159.59,debit_card
TRIP02334,USR0278,SC0011,CDMX,2024-08-20T14:01:06,2024-08-20T15:01:06,6.33,$72.28,credit_card
TRIP00407,USR0217,SC0084,Guadalajara,2024-07-20T09:40:40,2024-07-20T09:57:40,0.85,30.57,debit_card
TRIP00512,USR0186,SC0102,Monterrey,2024-08-06T19:48:43,2024-08-06T20:47:43,1.71,25.59,wallet
TRIP01975,USR0212,SC0029,GDL,2024-08-12T10:12:11,2024-08-12T10:33:11,1.58,25.21,qr_code
TRIP04056,USR0442,SC0185,Ciudad de Mexico,2025-04-17T18:32:59,2025-04-17T18:42:59,7.6,104.51,qr_code
TRIP00864,USR0153,SC0064,MTY,2024-03-08T09:28:40,2024-03-08T10:42:40,11.39,$108.80,debit_card
TRIP02846,USR0492,SC0075,MTY,2024-01-26T19:07:58,2024-01-26T20:25:58,6.85,83.88,debit_card
TRIP03038,USR0043,SC0093,Monterrey,2024-10-27T09:30:59,2024-10-27T10:34:59,11.66,174.22,qr_code
TRIP02323,USR0058,SC0191,CDMX,2024-12-23T21:07:58,2024-12-23T22:26:58,13.6,$164.16,wallet
TRIP00376,USR0217,SC0046,cdmx,2025-04-27T12:15:12,2025-04-27T12:57:12,1.24,24.44,wallet
TRIP04142,USR0145,SC0196,GDL,2025-01-10T08:30:03,2025-01-10T09:48:03,5.1,71.2,credit_card
TRIP02765,USR0388,SC0037,Guadalajara,2024-10-29T11:56:38,2024-10-29T13:25:38,7.09,76.5,cash
TRIP00968,USR0449,SC0183,GDL,2025-04-06T15:11:05,2025-04-06T15:37:05,6.64,66.6,debit_card
TRIP04606,USR0089,SC0144,GDL,2024-09-24T21:17:19,2024-09-24T21:33:19,14.61,158.03,qr_code
TRIP01807,USR0055,SC0148,MTY,2024-03-10T07:31:49,2024-03-10T08:51:49,5.56,84.48,credit_card
TRIP00445,USR0340,SC0003,Ciudad de Mexico,2024-04-29T17:58:24,2024-04-29T18:53:24,1.67,42.14,wallet
TRIP02656,USR0200,SC0039,Guadalajara,2024-08-15T07:53:30,2024-08-15T08:45:30,0.78,19.51,wallet
TRIP00331,USR0497,SC0188,cdmx,2024-05-02T18:01:54,2024-05-02T18:39:54,5.14,79.75,cash
TRIP02375,USR0415,SC0119,MTY,2025-05-13T18:14:25,2025-05-13T18:57:25,4.1,53.61,credit_card
TRIP04640,USR0179,SC0024,CDMX,2024-12-03T18:40:33,2024-12-03T19:41:33,1.11,29.01,cash
TRIP00794,USR0428,SC0134,Guadalajara,2024-09-28T17:02:52,2024-09-28T17:36:52,6.22,58.38,wallet
TRIP01127,USR0443,SC0143,Ciudad de Mexico,2024-03-19T20:21:51,2024-03-19T20:38:51,11.59,139.58,debit_card
TRIP04658,USR0261,SC0176,cdmx,2025-03-15T01:27:04,2025-03-15T01:33:04,7.18,114.0,debit_card
TRIP04586,USR0230,SC0047,Ciudad de Mexico,2024-11-08T11:52:07,2024-11-08T11:38:07,13.81,135.72,debit_card
TRIP00701,USR0147,SC0187,GDL,2024-09-24T07:52:56,2024-09-24T08:22:56,7.72,88.56,credit_card
TRIP01255,USR0131,SC0153,cdmx,2025-03-19T04:29:58,2025-03-19T05:00:58,12.78,176.5,cash
TRIP01137,USR0192,SC0026,Ciudad de Mexico,2024-01-09T19:11:11,2024-01-09T19:19:11,14.93,$239.19,cash
TRIP02795,USR0451,SC0035,CDMX,2025-03-20T18:59:34,2025-03-20T19:51:34,4.39,48.04,credit_card
TRIP04548,USR0169,SC0152,Monterrey,2024-08-25T14:57:02,2024-08-25T15:55:02,6.47,83.23,debit_card
TRIP01228,USR0358,SC0185,Ciudad de Mexico,2024-07-23T08:41:23,2024-07-23T09:37:23,8.84,121.96,credit_card
TRIP02017,USR0342,SC0119,MTY,2025-03-19T08:54:41,2025-03-19T09:27:41,3.82,48.8,wallet
TRIP03103,USR0042,SC0122,Monterrey,2024-11-15T15:09:49,2024-11-15T16:09:49,8.46,124.12,debit_card
TRIP02954,USR0259,SC0052,cdmx,2024-05-10T12:12:21,2024-05-10T13:40:21,12.46,$198.19,qr_code
TRIP01732,USR0427,SC0016,MTY,2025-05-12T16:37:22,2025-05-12T17:10:22,0.84,23.11,wallet
TRIP04700,USR0500,SC0171,GDL,2024-02-27T18:51:04,2024-02-27T19:24:04,2.72,50.0,debit_card
TRIP00179,USR0391,SC0030,Monterrey,2025-03-20T11:30:24,2025-03-20T11:35:24,5.91,57.7,debit_card
TRIP03851,USR0327,SC0184,Ciudad de Mexico,2025-04-03T07:27:18,2025-04-03T08:37:18,11.76,116.36,wallet
TRIP03442,USR0057,SC0020,CDMX,2025-02-25T12:37:27,2025-02-25T13:11:27,4.01,61.23,cash
TRIP04273,USR0490,SC0165,GDL,2024-10-25T11:08:41,2024-10-25T11:33:41,14.28,123.94,cash
TRIP04076,USR0378,SC0194,Guadalajara,2024-08-12T08:39:41,2024-08-12T08:28:41,4.71,57.16,debit_card
TRIP04180,USR0294,SC0180,Ciudad de Mexico,2024-02-29T21:12:35,2024-02-29T22:25:35,8.34,134.82,credit_card
TRIP02734,USR0401,SC0092,Monterrey,2025-02-28T18:53:19,2025-02-28T20:14:19,4.44,$73.08,qr_code
TRIP02048,USR0119,SC0080,CDMX,2025-06-06T12:56:30,2025-06-06T13:17:30,4.6,82.61,credit_card
TRIP00974,USR0046,SC0131,CDMX,2024-05-14T19:47:07,2024-05-14T20:00:07,5.72,$77.83,debit_card
TRIP01720,USR0364,SC0035,cdmx,2024-02-05T09:57:05,2024-02-05T10:34:05,0.55,12.78,cash
TRIP04879,USR0083,SC0144,GDL,2024-10-01T13:28:11,2024-10-01T13:36:11,3.66,62.3,cash
TRIP02843,USR0216,SC0106,Monterrey,2024-07-11T11:58:26,2024-07-11T12:13:26,14.33,$194.15,wallet
TRIP00838,USR0470,SC0240,Ciudad de Mexico,2024-08-06T16:22:08,2024-08-06T16:34:08,12.22,186.84,credit_card
TRIP01266,USR0048,SC0068,Ciudad de Mexico,2024-08-22T14:10:40,2024-08-22T14:28:40,12.08,$115.04,wallet
TRIP02712,USR0292,SC0049,MTY,2024-11-29T22:47:31,2024-11-29T23:46:31,5.5,87.04,cash
TRIP01050,USR0414,SC0095,Ciudad de Mexico,2025-06-30T09:00:50,2025-06-30T10:22:50,12.19,182.16,credit_card
TRIP03350,USR0495,SC0156,Ciudad de Mexico,2024-09-18T00:41:44,2024-09-18T01:56:44,12.55,137.38,debit_card
TRIP03055,USR0450,SC0086,cdmx,2024-08-06T12:46:19,2024-08-06T13:18:19,12.38,172.55,credit_card
TRIP04557,USR0398,SC0043,CDMX,2025-01-24T17:14:46,2025-01-24T17:57:46,11.83,173.25,credit_card
TRIP03404,USR0215,SC0041,MTY,2025-06-25T10:40:29,2025-06-25T11:25:29,14.06,120.71,cash
TRIP00570,USR0011,SC0006,MTY,2024-10-03T11:52:05,2024-10-03T12:04:05,7.68,$118.59,debit_card
TRIP01573,USR0052,SC0138,MTY,2024-11-02T21:53:44,2024-11-02T22:19:44,4.79,47.4,qr_code
TRIP01831,USR0380,SC0188,cdmx,2024-05-02T07:47:20,2024-05-02T09:06:20,7.72,111.95,debit_card
TRIP01971,USR0316,SC0059,CDMX,2024-01-29T17:42:04,2024-01-29T18:46:04,12.52,152.61,credit_card
TRIP04405,USR0191,SC0197,MTY,2024-04-24T13:21:20,2024-04-24T14:40:20,8.8,133.52,wallet
TRIP04595,USR0074,SC0017,CDMX,2024-02-19T10:46:35,2024-02-19T10:52:35,9.83,125.32,cash
TRIP04407,USR0404,SC0153,cdmx,2025-03-15T18:32:48,2025-03-15T20:02:48,12.68,123.87,cash
TRIP04246,USR0103,SC0077,GDL,2024-08-04T10:42:39,2024-08-04T11:44:39,5.66,57.55,debit_card
TRIP01214,USR0454,SC0049,MTY,2025-05-21T17:29:25,2025-05-21T18:44:25,7.3,117.41,wallet
TRIP04064,USR0118,SC0050,Ciudad de Mexico,2024-03-30T07:09:58,2024-03-30T08:03:58,1.13,19.62,credit_card
TRIP00581,USR0215,SC0183,Guadalajara,2024-05-09T19:01:44,2024-05-09T19:27:44,13.07,207.17,wallet
TRIP03722,USR0343,SC0186,cdmx,2025-03-03T07:01:01,2025-03-03T07:32:01,8.19,134.82,credit_card
TRIP02767,USR0411,SC0133,Guadalajara,2024-07-04T12:17:32,2024-07-04T13:01:32,9.9,96.67,qr_code
TRIP00303,USR0184,SC0078,Ciudad de Mexico,2025-02-14T23:41:05,2025-02-15T00:32:05,1.67,35.23,debit_card
TRIP04249,USR0107,SC0122,MTY,2024-01-12T15:21:00,2024-01-12T16:39:00,3.09,49.96,debit_card
TRIP02761,USR0067,SC0108,Ciudad de Mexico,2024-05-16T12:40:59,2024-05-16T13:55:59,12.92,140.09,debit_card
TRIP02180,,SC0052,CDMX,2024-04-26T08:03:14,2024-04-26T09:10:14,7.26,105.64,debit_card
TRIP03813,USR0038,SC0003,CDMX,2025-02-26T12:19:54,2025-02-26T13:28:54,3.4,50.03,wallet
TRIP02304,USR0033,SC0072,GDL,2025-06-05T12:47:31,2025-06-05T13:03:31,9.06,$111.66,cash
TRIP04835,USR0117,SC0145,cdmx,2024-09-17T17:10:07,2024-09-17T18:32:07,11.21,148.92,debit_card
TRIP00008,USR0403,SC0157,cdmx,2025-06-07T19:12:16,2025-06-07T19:22:16,0.0,94.05,debit_card
TRIP00884,USR0452,SC0034,Guadalajara,2025-03-13T17:37:04,2025-03-13T19:03:04,2.59,46.85,debit_card
TRIP04341,USR0129,SC0139,MTY,2024-02-21T18:31:15,2024-02-21T18:38:15,9.47,144.94,credit_card
TRIP00089,USR0143,SC0041,Monterrey,2024-10-31T17:44:45,2024-10-31T18:51:45,14.04,199.59,qr_code
TRIP04230,USR0219,SC0119,MTY,2024-01-11T13:11:32,2024-01-11T13:31:32,4.29,69.69,wallet
TRIP04989,USR0054,SC0056,MTY,2024-05-04T12:15:47,2024-05-04T12:55:47,9.55,$128.00,credit_card
TRIP04152,USR0204,SC0066,MTY,2024-06-19T17:56:35,2024-06-19T18:04:35,11.88,129.61,credit_card
TRIP03671,USR0151,SC0125,CDMX,2024-03-07T14:00:43,2024-03-07T15:30:43,10.49,$108.81,credit_card
TRIP02639,USR0132,SC0013,Ciudad de Mexico,2025-04-29T10:51:40,2025-04-29T11:07:40,13.87,169.99,debit_card
TRIP00267,USR0331,SC0152,Monterrey,2025-05-27T18:57:44,2025-05-27T20:11:44,7.04,78.99,debit_card
TRIP00631,USR0169,SC0151,GDL,2024-11-23T12:29:54,2024-11-23T13:37:54,10.26,105.93,credit_card
TRIP02290,USR0440,SC0031,Guadalajara,2024-03-08T11:48:46,2024-03-08T12:59:46,8.27,126.36,wallet
TRIP02679,USR0092,SC0169,CDMX,2024-10-21T13:07:54,2024-10-21T13:36:54,6.31,95.2,credit_card
TRIP01506,USR0494,SC0094,CDMX,2024-11-26T06:53:13,2024-11-26T08:15:13,9.22,155.16,wallet
TRIP02344,USR0486,SC0148,Monterrey,2024-07-08T18:27:04,2024-07-08T19:31:04,0.99,27.61,wallet
TRIP02974,USR0091,SC0165,GDL,2024-11-08T10:55:52,2024-11-08T11:44:52,4.39,63.78,credit_card
TRIP02128,USR0281,SC0114,Ciudad de Mexico,2024-09-09T20:47:10,2024-09-09T21:31:10,10.22,98.96,credit_card
TRIP00053,USR0215,SC0045,Ciudad de Mexico,2025-01-13T09:36:38,2025-01-13T09:51:38,11.44,101.73,wallet
TRIP01632,USR0216,SC0103,MTY,2025-02-26T15:20:13,2025-02-26T15:32:13,1.18,25.21,credit_card
TRIP00286,USR0050,SC0036,MTY,2024-03-12T17:38:49,2024-03-12T18:31:49,1.39,20.32,credit_card
TRIP00028,USR0077,SC0043,Ciudad de Mexico,2024-03-14T18:38:47,2024-03-14T19:55:47,7.3,84.98,qr_code
TRIP02868,USR0373,SC0071,CDMX,2024-05-23T06:11:29,2024-05-23T06:55:29,12.49,$157.79,debit_card
TRIP01219,USR0292,SC0160,cdmx,2024-03-12T21:07:01,2024-03-12T21:12:01,4.62,60.01,wallet
TRIP03618,USR0015,SC0081,MTY,2024-04-30T17:25:25,2024-04-30T18:20:25,2.73,47.69,cash
TRIP03449,USR0150,SC0118,Monterrey,2024-04-12T17:33:46,2024-04-12T18:49:46,1.56,22.88,wallet
TRIP04205,USR0079,SC0002,cdmx,2025-06-05T11:59:10,2025-06-05T13:28:10,3.94,49.53,cash
TRIP00317,USR0009,SC0079,Ciudad de Mexico,2024-06-14T19:47:37,2024-06-14T19:55:37,2.51,40.21,wallet
TRIP03269,USR0342,SC0137,cdmx,2024-10-15T07:01:02,2024-10-15T07:32:02,2.85,40.84,qr_code
TRIP00994,USR0324,SC0168,Monterrey,2024-09-09T17:39:22,2024-09-09T19:08:22,2.65,39.4,debit_card
TRIP03847,USR0070,SC0171,Guadalajara,2025-04-19T16:46:02,2025-04-19T18:16:02,8.44,100.88,cash
TRIP00359,USR0449,SC0150,cdmx,2024-08-17T04:35:41,2024-08-17T05:58:41,14.62,152.77,wallet
TRIP04366,USR0281,SC0168,Monterrey,2024-07-04T20:51:21,2024-07-04T20:57:21,6.76,70.95,debit_card
TRIP02715,USR0434,SC0103,Monterrey,2024-06-30T07:21:57,2024-06-30T08:07:57,14.4,148.97,credit_card
TRIP00544,USR0328,SC0107,Ciudad de Mexico,2024-08-13T07:31:01,2024-08-13T08:07:01,6.75,70.09,wallet
TRIP01954,USR0215,SC0079,CDMX,2025-04-24T11:58:31,2025-04-24T12:44:31,1.76,24.54,debit_card
TRIP01917,USR0052,SC0078,CDMX,2025-01-30T06:24:55,2025-01-30T07:34:55,8.46,128.75,wallet
TRIP03075,USR0103,SC0131,Ciudad de Mexico,2024-04-15T17:16:10,2024-04-15T18:03:10,5.52,71.75,debit_card
TRIP03447,USR0330,SC0073,GDL,2024-09-08T11:05:01,2024-09-08T11:20:01,3.59,38.56,wallet
TRIP01745,USR0382,SC0040,MTY,2025-04-30T10:09:50,2025-04-30T10:20:50,4.61,$69.00,debit_card
TRIP03440,USR0353,SC0139,Monterrey,2024-10-15T19:43:17,2024-10-15T20:31:17,11.35,157.98,wallet
TRIP01394,USR0046,SC0053,Ciudad de Mexico,2024-06-19T07:13:41,2024-06-19T07:19:41,7.66,86.64,wallet
TRIP04651,USR0327,SC0055,MTY,2024-03-20T22:57:51,2024-03-20T23:36:51,5.45,70.23,cash
TRIP04071,USR0172,SC0001,Monterrey,2024-01-13T02:06:31,2024-01-13T02:35:31,9.0,92.26,wallet
TRIP02035,USR0019,SC0121,MTY,2025-03-03T06:19:23,2025-03-03T07:13:23,7.45,$97.25,credit_card
TRIP03420,USR0174,SC0003,cdmx,2024-07-12T06:34:51,2024-07-12T07:24:51,12.31,122.52,debit_card
TRIP02900,USR0137,SC0166,cdmx,2025-04-04T21:20:24,2025-04-04T21:34:24,13.29,148.6,cash
TRIP03345,USR0282,SC0008,CDMX,2025-05-06T20:54:13,2025-05-06T22:01:13,6.06,83.17,credit_card
TRIP02382,USR0174,SC0124,MTY,2024-09-25T10:45:52,2024-09-25T11:45:52,10.19,$127.90,qr_code
TRIP02957,USR0478,SC0049,MTY,2025-01-22T07:22:09,2025-01-22T08:42:09,8.05,117.43,qr_code
TRIP01269,USR0053,SC0068,cdmx,2024-05-25T22:25:27,2024-05-25T23:01:27,2.54,$29.78,cash
TRIP03535,USR0113,SC0060,CDMX,2024-06-11T06:56:59,2024-06-11T07:28:59,6.96,86.46,cash
TRIP03978,USR0386,SC0042,Ciudad de Mexico,2025-02-28T06:51:57,2025-02-28T07:07:57,0.82,23.47,credit_card
TRIP01770,USR0456,SC0146,CDMX,2025-04-03T21:04:35,2025-04-03T22:17:35,4.61,79.98,wallet
TRIP03071,USR0438,SC0189,CDMX,2025-05-09T15:43:24,2025-05-09T16:04:24,6.43,90.34,cash
TRIP00739,USR0168,SC0101,Ciudad de Mexico,2025-05-06T09:42:54,2025-05-06T10:18:54,0.5,$9.86,cash
TRIP04505,USR0147,SC0072,Guadalajara,2024-12-19T09:26:29,2024-12-19T10:10:29,2.68,35.72,credit_card
TRIP04660,USR0033,SC0149,CDMX,2025-01-04T20:10:37,2025-01-04T21:27:37,3.6,40.7,credit_card
TRIP03824,USR0453,SC0060,CDMX,2024-09-22T09:40:40,2024-09-22T11:07:40,9.77,124.51,qr_code
TRIP00853,USR0139,SC0232,Monterrey,2025-03-27T09:10:03,2025-03-27T10:12:03,11.56,132.74,credit_card
TRIP01445,USR0247,SC0056,Monterrey,2025-04-02T06:36:39,2025-04-02T06:42:39,5.27,86.15,qr_code
TRIP04207,USR0408,SC0200,GDL,2024-05-30T10:05:15,2024-05-30T11:09:15,2.99,49.59,credit_card
TRIP03228,USR0063,SC0060,Ciudad de Mexico,2024-09-18T18:51:53,2024-09-18T19:27:53,10.75,$132.35,debit_card
TRIP00228,USR0162,SC0187,GDL,2024-10-08T22:58:32,2024-10-08T23:38:32,2.36,38.91,credit_card
TRIP02345,USR0100,SC0171,Guadalajara,2024-03-28T20:48:09,2024-03-28T22:08:09,14.94,156.57,qr_code
TRIP01743,USR0269,SC0056,MTY,2024-01-30T12:03:51,2024-01-30T12:43:51,0.0,90.39,cash
TRIP04139,USR0416,SC0046,Ciudad de Mexico,2024-05-20T07:45:55,2024-05-20T08:45:55,8.58,104.18,credit_card
TRIP03078,USR0072,SC0031,GDL,2024-02-16T09:40:09,2024-02-16T10:12:09,14.5,225.29,qr_code
TRIP02438,USR0198,SC0051,cdmx,2025-05-08T16:21:41,2025-05-08T16:39:41,9.06,121.56,cash
TRIP01650,USR0270,SC0160,Ciudad de Mexico,2024-06-24T10:46:00,2024-06-24T12:04:00,12.84,145.06,cash
TRIP02799,USR0350,SC0138,Monterrey,2024-04-28T18:19:47,2024-04-28T18:37:47,1.36,29.18,cash
TRIP00754,USR0189,SC0026,Ciudad de Mexico,2025-03-04T09:35:44,2025-03-04T10:34:44,13.23,179.52,debit_card
TRIP01843,USR0460,SC0034,Guadalajara,2025-04-11T17:00:59,2025-04-11T17:40:59,5.0,72.61,debit_card
TRIP00690,USR0485,SC0147,MTY,2024-05-21T08:19:22,2024-05-21T08:46:22,7.75,83.03,credit_card
TRIP03879,USR0204,SC0014,CDMX,2024-11-04T21:51:28,2024-11-04T22:45:28,11.29,122.67,qr_code
TRIP03530,USR0262,SC0158,MTY,2025-02-09T19:59:43,2025-02-09T21:00:43,1.03,20.06,cash
TRIP03990,USR0034,SC0197,Monterrey,2024-05-22T20:55:14,2024-05-22T21:22:14,10.74,170.81,cash
TRIP02560,USR0165,SC0167,Ciudad de Mexico,2025-02-17T07:56:47,2025-02-17T08:35:47,7.83,77.36,credit_card
TRIP04351,USR0238,SC0147,MTY,2024-11-26T20:59:34,2024-11-26T22:16:34,9.17,138.16,debit_card
TRIP03289,USR0262,SC0183,GDL,2024-11-24T08:57:25,2024-11-24T09:54:25,1.95,42.17,debit_card
TRIP04242,USR0159,SC0048,CDMX,2024-12-05T18:24:34,2024-12-05T19:03:34,2.99,53.97,debit_card
TRIP04480,USR0326,SC0170,cdmx,2024-11-07T08:31:27,2024-11-07T09:27:27,11.21,102.19,wallet
TRIP04037,USR0416,SC0050,Ciudad de Mexico,2024-05-24T09:45:13,2024-05-24T11:08:13,7.26,122.08,cash
TRIP02408,USR0408,SC0015,Monterrey,2024-04-09T21:46:42,2024-04-09T23:11:42,1.34,32.26,qr_code
TRIP03904,USR0400,SC0005,MTY,2025-04-06T09:29:33,2025-04-06T10:39:33,12.0,162.72,wallet
TRIP00914,USR0440,SC0139,MTY,2025-02-11T16:56:38,2025-02-11T17:54:38,9.34,108.54,qr_code
TRIP02492,USR0002,SC0067,Ciudad de Mexico,2024-09-02T07:49:25,2024-09-02T07:55:25,8.86,108.0,cash
TRIP02230,USR0413,SC0004,cdmx,2024-07-23T09:07:48,2024-07-23T09:19:48,6.84,79.56,debit_card
TRIP03344,USR0059,SC0008,cdmx,2024-08-21T08:04:49,2024-08-21T09:04:49,10.47,153.36,debit_card
TRIP03483,USR0082,SC0194,Guadalajara,2024-10-24T16:15:26,2024-10-24T17:36:26,1.37,19.04,qr_code
TRIP01422,USR0244,SC0069,cdmx,2024-06-02T19:26:29,2024-06-02T20:16:29,5.59,62.52,debit_card
TRIP04646,USR0452,SC0077,GDL,2024-02-08T10:16:28,2024-02-08T11:03:28,8.7,111.57,cash
TRIP01020,USR0385,SC0189,cdmx,2024-06-12T07:09:39,2024-06-12T07:08:39,6.32,102.66,debit_card
TRIP00984,USR0443,SC0185,Ciudad de Mexico,2024-10-02T18:25:37,2024-10-02T19:04:37,13.78,150.59,wallet
TRIP01816,USR0079,SC0208,CDMX,2024-02-01T09:02:09,2024-02-01T09:13:09,4.89,63.91,qr_code
TRIP00518,USR0009,SC0130,Guadalajara,2024-04-16T18:59:34,2024-04-16T19:16:34,12.19,172.27,wallet
TRIP01505,USR0435,SC0145,CDMX,2024-12-27T08:09:36,2024-12-27T09:11:36,8.84,139.69,qr_code
TRIP02150,USR0222,SC0036,Monterrey,2024-09-27T17:01:09,2024-09-27T17:29:09,11.86,$146.04,wallet
TRIP02487,USR0096,SC0177,cdmx,2024-10-29T06:36:47,2024-10-29T07:17:47,4.29,57.75,debit_card
TRIP00389,USR0402,SC0150,cdmx,2024-05-23T14:15:06,2024-05-23T15:01:06,11.79,139.01,wallet
TRIP03164,USR0153,SC0016,Monterrey,2024-03-06T12:18:25,2024-03-06T13:22:25,3.68,53.79,credit_card
TRIP00727,USR0462,SC0168,MTY,2024-10-14T15:21:44,2024-10-14T15:50:44,11.83,160.7,qr_code
TRIP01870,USR0465,SC0160,cdmx,2024-12-25T10:50:39,2024-12-25T10:58:39,12.38,159.85,credit_card
TRIP04172,USR0377,SC0164,Guadalajara,2025-05-25T08:42:56,2025-05-25T09:23:56,11.72,163.21,credit_card
TRIP04511,USR0459,SC0092,MTY,2024-01-08T20:12:17,2024-01-08T21:33:17,6.86,75.0,cash
TRIP04603,USR0500,SC0166,cdmx,2024-03-11T08:08:42,2024-03-11T09:05:42,4.17,$55.67,credit_card
TRIP00129,USR0153,SC0009,Ciudad de Mexico,2025-04-05T19:05:28,2025-04-05T19:25:28,12.26,158.8,wallet
TRIP03170,USR0374,SC0141,cdmx,2025-03-27T18:23:46,2025-03-27T19:18:46,2.43,53.62,qr_code
TRIP01026,USR0045,SC0022,Monterrey,2025-06-27T14:15:44,2025-06-27T15:04:44,12.21,166.91,credit_card
TRIP00650,USR0313,SC0063,Monterrey,2024-10-02T09:59:54,2024-10-02T10:42:54,11.04,162.13,qr_code
TRIP01668,USR0029,SC0183,GDL,2024-05-03T10:11:21,2024-05-03T10:28:21,11.04,136.67,debit_card
TRIP00504,USR0289,SC0127,Ciudad de Mexico,2024-02-16T07:19:00,2024-02-16T08:09:00,7.75,89.92,debit_card
TRIP02758,USR0456,SC0173,CDMX,2024-02-23T16:55:24,2024-02-23T17:55:24,12.53,$113.03,qr_code
TRIP03922,USR0297,SC0015,Monterrey,2025-04-07T15:42:58,2025-04-07T16:50:58,14.25,131.65,credit_card
TRIP01569,USR0455,SC0101,Ciudad de Mexico,2024-11-30T16:46:20,2024-11-30T17:36:20,0.78,$29.74,credit_card
TRIP00604,USR0329,SC0015,MTY,2024-06-05T08:11:16,2024-06-05T09:28:16,9.02,130.48,qr_code
TRIP01766,USR0411,SC0037,GDL,2024-08-07T18:59:42,2024-08-07T20:05:42,6.51,88.68,cash
TRIP02857,USR0500,SC0082,Ciudad de Mexico,2024-04-20T13:33:25,2024-04-20T14:08:25,4.47,65.45,cash
TRIP02185,USR0341,SC0151,GDL,2024-10-14T18:03:07,2024-10-14T18:58:07,9.22,120.92,credit_card
TRIP01074,USR0237,SC0029,GDL,2025-06-27T11:25:08,2025-06-27T12:26:08,7.89,109.76,debit_card
TRIP04602,USR0129,SC0158,MTY,2024-06-07T19:02:44,2024-06-07T19:41:44,11.97,118.08,qr_code
TRIP03101,USR0276,SC0073,Guadalajara,2024-04-04T08:49:28,2024-04-04T10:06:28,11.23,154.97,credit_card
TRIP00562,USR0265,SC0037,Guadalajara,2025-05-25T16:21:01,2025-05-25T16:54:01,12.51,144.64,debit_card
TRIP01088,USR0036,SC0072,GDL,2024-02-01T13:38:20,2024-02-01T13:46:20,2.48,$49.87,wallet
TRIP02663,USR0436,SC0136,Ciudad de Mexico,2025-05-12T08:06:27,2025-05-12T08:16:27,5.48,91.4,credit_card
TRIP00454,USR0393,SC0184,cdmx,2024-09-20T21:42:07,2024-09-20T23:12:07,11.02,110.51,qr_code
TRIP02448,USR0046,SC0163,Ciudad de Mexico,2025-06-03T09:47:50,2025-06-03T11:16:50,6.13,92.49,debit_card
TRIP02750,USR0347,SC0228,GDL,2024-03-13T21:02:31,2024-03-13T21:50:31,6.34,107.4,cash
TRIP04435,USR0299,SC0137,cdmx,2025-03-13T12:54:03,2025-03-13T13:42:03,5.99,60.76,qr_code
TRIP03314,USR0337,SC0053,Ciudad de Mexico,2024-11-27T21:07:13,2024-11-27T22:07:13,11.02,144.51,debit_card
TRIP01363,USR0306,SC0141,Ciudad de Mexico,2024-02-02T18:50:19,2024-02-02T19:35:19,10.95,146.25,debit_card
TRIP00440,USR0240,SC0184,CDMX,2024-07-21T08:15:19,2024-07-21T08:56:19,3.42,60.22,cash
TRIP03771,USR0366,SC0142,MTY,2024-01-30T11:01:29,2024-01-30T11:34:29,2.99,52.77,debit_card
TRIP01315,USR0475,SC0096,Ciudad de Mexico,2024-05-18T17:07:34,2024-05-18T17:57:34,2.5,47.08,qr_code
TRIP01134,USR0132,SC0063,MTY,2024-07-15T18:26:28,2024-07-15T18:38:28,13.29,162.9,wallet
TRIP00996,USR0236,SC0048,CDMX,2024-05-03T18:53:54,2024-05-03T19:23:54,7.63,75.87,qr_code
TRIP02189,USR0349,SC0012,MTY,2024-04-30T10:01:19,2024-04-30T10:36:19,6.87,113.02,cash
TRIP01111,USR0248,SC0054,GDL,2024-05-08T19:51:13,2024-05-08T20:35:13,13.24,189.01,debit_card
TRIP00881,USR0284,SC0008,CDMX,2025-06-29T13:33:45,2025-06-29T13:49:45,3.12,44.57,cash
TRIP00428,USR0452,SC0066,Monterrey,2024-10-31T19:54:11,2024-10-31T20:52:11,11.13,143.37,qr_code
TRIP01697,USR0439,SC0090,CDMX,2025-04-21T14:58:23,2025-04-21T16:14:23,9.98,95.6,qr_code
TRIP01829,USR0006,SC0085,cdmx,2024-02-01T13:31:56,2024-02-01T13:54:56,6.59,102.76,wallet
TRIP01624,USR0431,SC0058,Monterrey,2025-04-04T09:02:15,2025-04-04T09:17:15,2.93,49.42,credit_card
TRIP02711,USR0045,SC0176,cdmx,2024-06-21T20:53:25,2024-06-21T21:53:25,7.57,$92.65,qr_code
TRIP03871,USR0045,SC0003,CDMX,2025-02-10T00:38:40,2025-02-10T01:28:40,2.3,27.42,wallet
TRIP02419,USR0161,SC0058,Monterrey,2024-05-17T06:56:28,2024-05-17T08:03:28,6.09,80.19,qr_code
TRIP01142,USR0086,SC0062,Monterrey,2025-05-15T18:37:23,2025-05-15T18:44:23,0.0,88.73,credit_card
TRIP04786,USR0042,SC0135,Ciudad de Mexico,2025-06-10T07:20:43,2025-06-10T07:30:43,4.1,51.6,cash
TRIP04473,USR0436,SC0063,Monterrey,2025-06-06T18:33:47,2025-06-06T19:04:47,1.27,27.66,credit_card
TRIP00158,USR0288,SC0123,Monterrey,2024-12-31T16:11:24,2024-12-31T16:55:24,3.08,40.21,qr_code
TRIP04698,USR0300,SC0105,CDMX,2024-06-20T21:24:50,2024-06-20T22:37:50,9.14,83.78,credit_card
TRIP01063,USR0123,SC0171,Guadalajara,2024-07-05T05:30:32,2024-07-05T06:43:32,8.57,97.33,debit_card
TRIP03211,USR0410,SC0036,MTY,2024-06-02T07:47:03,2024-06-02T07:54:03,5.52,88.93,cash
TRIP01339,USR0121,SC0162,MTY,2024-09-29T16:23:09,2024-09-29T16:48:09,14.2,222.35,debit_card
TRIP02322,USR0083,SC0135,Ciudad de Mexico,2024-04-18T20:01:08,2024-04-18T20:33:08,14.67,140.99,credit_card
TRIP00849,USR0282,SC0095,cdmx,2024-12-18T06:53:13,2024-12-18T06:59:13,1.92,44.76,qr_code
TRIP02879,USR0452,SC0136,CDMX,2025-04-27T06:00:02,2025-04-27T07:13:02,14.83,162.87,qr_code
TRIP01604,USR0064,SC0190,Ciudad de Mexico,2024-09-25T17:15:23,2024-09-25T17:54:23,0.76,15.43,cash
TRIP04310,USR0031,SC0140,Ciudad de Mexico,2025-05-29T07:09:15,2025-05-29T07:55:15,11.03,108.15,qr_code
TRIP02205,USR0090,SC0062,Monterrey,2025-03-06T06:04:06,2025-03-06T07:18:06,9.19,91.11,cash
TRIP01691,USR0200,SC0031,Guadalajara,2024-11-06T12:37:33,2024-11-06T13:51:33,4.46,71.45,wallet
TRIP00910,USR0261,SC0174,MTY,2024-11-07T07:07:28,2024-11-07T07:57:28,3.88,77.32,credit_card
TRIP03331,USR0229,SC0002,CDMX,2025-01-21T17:22:32,2025-01-21T18:36:32,4.25,57.81,credit_card
TRIP04093,USR0288,SC0041,Monterrey,2024-06-05T08:30:41,2024-06-05T09:12:41,5.18,78.36,qr_code
TRIP00411,USR0132,SC0151,Guadalajara,2025-03-31T07:02:03,2025-03-31T07:23:03,14.42,201.17,debit_card
TRIP01073,USR0444,SC0037,GDL,2024-09-06T06:03:44,2024-09-06T07:15:44,1.97,29.53,credit_card
TRIP03507,USR0231,SC0043,CDMX,2024-07-10T05:49:17,2024-07-10T06:46:17,0.55,25.78,qr_code
TRIP02991,USR0413,SC0120,Ciudad de Mexico,2024-11-08T17:05:20,2024-11-08T18:10:20,9.03,141.81,qr_code
TRIP00833,USR0404,SC0142,Monterrey,2024-07-10T21:58:46,2024-07-10T22:05:46,4.96,85.13,qr_code
TRIP00550,USR0161,SC0176,Ciudad de Mexico,2025-01-01T12:26:26,2025-01-01T13:30:26,14.38,173.75,cash
TRIP04973,USR0066,SC0036,Monterrey,2024-09-04T09:27:34,2024-09-04T09:55:34,13.7,221.73,credit_card
TRIP04901,USR0343,SC0166,CDMX,2024-04-15T18:28:27,2024-04-15T19:49:27,13.01,183.48,credit_card
TRIP04292,USR0496,SC0031,GDL,2024-02-05T07:46:21,2024-02-05T07:56:21,8.72,125.25,credit_card
TRIP02161,USR0381,SC0084,GDL,2024-04-17T01:31:34,2024-04-17T02:52:34,7.51,100.13,wallet
TRIP04105,USR0089,SC0139,Monterrey,2024-01-12T14:36:45,2024-01-12T16:00:45,8.07,112.57,wallet
TRIP01983,USR0408,SC0172,Monterrey,2024-08-02T12:25:14,2024-08-02T13:20:14,4.9,51.31,wallet
TRIP02380,USR0033,SC0131,CDMX,2025-02-21T07:16:40,2025-02-21T08:15:40,5.75,69.24,credit_card
TRIP03063,USR0074,SC0198,Ciudad de Mexico,2024-03-10T16:35:36,2024-03-10T17:42:36,4.05,58.99,qr_code
TRIP03191,USR0426,SC0015,MTY,2024-11-15T05:45:35,2024-11-15T06:05:35,6.32,59.71,qr_code
TRIP01521,USR0115,SC0100,GDL,2024-03-11T19:07:21,2024-03-11T20:15:21,7.69,87.03,debit_card
TRIP00892,USR0468,SC0028,cdmx,2024-02-02T17:42:47,2024-02-02T18:54:47,3.37,$57.60,qr_code
TRIP01790,USR0476,SC0163,cdmx,2024-05-30T12:53:47,2024-05-30T13:32:47,3.17,59.08,debit_card
TRIP04863,USR0463,SC0118,MTY,2024-12-09T11:53:43,2024-12-09T13:15:43,2.22,38.46,credit_card
TRIP03214,USR0310,SC0007,GDL,2024-04-08T12:34:52,2024-04-08T12:52:52,6.41,75.05,credit_card
TRIP00367,USR0040,SC0103,Monterrey,2024-01-27T22:07:25,2024-01-27T22:59:25,12.64,120.94,wallet
TRIP00438,USR0169,SC0110,GDL,2024-10-22T08:46:21,2024-10-22T09:34:21,13.65,181.47,debit_card
TRIP03181,USR0036,SC0116,GDL,2024-02-03T16:16:15,2024-02-03T16:31:15,6.8,107.31,wallet
TRIP03347,,SC0137,Ciudad de Mexico,2024-07-15T07:12:47,2024-07-15T07:35:47,5.59,78.26,credit_card
TRIP02999,USR0157,SC0070,cdmx,2024-03-14T19:54:03,2024-03-14T21:05:03,9.84,100.69,qr_code
TRIP03453,,SC0158,Monterrey,2025-03-11T20:01:49,2025-03-11T21:05:49,3.69,59.23,qr_code
TRIP02198,USR0111,SC0070,cdmx,2024-10-02T18:45:42,2024-10-02T20:13:42,14.12,187.65,cash
TRIP02069,USR0010,SC0081,MTY,2024-10-20T08:23:42,2024-10-20T08:55:42,12.66,$134.96,debit_card
TRIP00545,USR0348,SC0093,MTY,2025-06-23T20:22:56,2025-06-23T21:09:56,14.91,157.18,cash
TRIP00527,USR0129,SC0176,cdmx,2024-04-15T18:19:10,2024-04-15T18:50:10,13.3,162.06,qr_code
TRIP02233,USR0189,SC0050,cdmx,2024-05-01T14:20:58,2024-05-01T15:27:58,13.59,162.04,wallet
TRIP01750,USR0172,SC0135,Ciudad de Mexico,2024-01-12T06:02:40,2024-01-12T06:58:40,13.35,192.31,wallet
TRIP02862,USR0490,SC0064,MTY,2024-06-06T20:38:23,2024-06-06T21:45:23,14.54,145.99,debit_card
TRIP01369,USR0129,SC0042,CDMX,2024-03-29T19:23:27,2024-03-29T19:49:27,1.97,31.58,credit_card
TRIP01367,USR0077,SC0173,cdmx,2024-12-18T06:23:31,2024-12-18T06:56:31,10.32,$117.87,wallet
TRIP00470,USR0413,SC0193,cdmx,2024-05-10T17:45:09,2024-05-10T19:14:09,11.16,109.29,debit_card
TRIP00268,USR0355,SC0061,Guadalajara,2024-05-06T17:40:23,2024-05-06T17:55:23,11.97,157.88,wallet
TRIP01564,USR0275,SC0047,Ciudad de Mexico,2024-11-23T16:36:31,2024-11-23T17:40:31,14.57,205.74,wallet
TRIP00584,USR0289,SC0140,cdmx,2025-03-12T11:48:11,2025-03-12T12:11:11,13.29,185.78,qr_code
TRIP01430,USR0116,SC0151,Guadalajara,2024-03-25T18:44:48,2024-03-25T19:41:48,13.04,$154.48,debit_card
TRIP02355,USR0353,SC0064,MTY,2025-06-01T06:43:59,2025-06-01T07:53:59,4.73,69.25,qr_code
TRIP02636,USR0126,SC0131,Ciudad de Mexico,2024-03-11T21:11:47,2024-03-11T21:22:47,3.13,35.46,debit_card
TRIP04367,USR0277,SC0161,Ciudad de Mexico,2024-12-20T19:45:47,2024-12-20T20:12:47,3.44,51.41,qr_code
TRIP00694,USR0343,SC0111,GDL,2024-09-09T08:52:31,2024-09-09T09:21:31,1.35,32.29,qr_code
TRIP03335,USR0136,SC0075,MTY,2025-06-02T08:52:48,2025-06-02T09:43:48,8.74,123.4,cash
TRIP01700,USR0022,SC0197,Monterrey,2024-09-28T06:52:13,2024-09-28T07:58:13,13.97,173.1,debit_card
TRIP03894,USR0066,SC0150,cdmx,2024-04-07T19:37:32,2024-04-07T20:02:32,7.97,$108.84,wallet
TRIP04812,USR0171,SC0116,Guadalajara,2025-05-02T16:30:50,2025-05-02T17:38:50,2.94,57.33,cash
TRIP02601,USR0074,SC0116,Guadalajara,2025-05-21T09:49:23,2025-05-21T10:14:23,9.73,$128.46,cash
TRIP00513,USR0133,SC0025,Guadalajara,2024-04-04T12:48:19,2024-04-04T13:14:19,7.48,104.64,wallet
TRIP03377,USR0377,SC0138,Monterrey,2024-08-06T12:51:57,2024-08-06T14:16:57,2.3,37.63,debit_card
TRIP03865,USR0213,SC0033,Monterrey,2025-06-14T11:52:48,2025-06-14T13:17:48,4.99,$60.31,wallet
TRIP04422,USR0187,SC0137,cdmx,2024-08-25T08:42:05,2024-08-25T08:57:05,14.66,157.56,qr_code
TRIP04928,USR0392,SC0118,Monterrey,2024-01-02T13:11:21,2024-01-02T14:30:21,1.22,24.62,debit_card
TRIP04886,USR0156,SC0101,cdmx,2024-07-09T19:44:51,2024-07-09T20:04:51,6.81,72.05,wallet
TRIP02177,USR0260,SC0073,GDL,2024-09-27T07:07:49,2024-09-27T08:17:49,3.1,47.43,credit_card
TRIP02112,USR0210,SC0117,CDMX,2024-07-05T07:06:20,2024-07-05T08:00:20,11.83,170.95,qr_code
TRIP04694,USR0047,SC0164,Guadalajara,2024-05-18T15:37:19,2024-05-18T16:04:19,11.65,179.88,credit_card
TRIP03274,USR0152,SC0024,cdmx,2024-11-14T08:30:47,2024-11-14T08:57:47,11.66,181.96,qr_code
TRIP02337,USR0117,SC0102,Monterrey,2024-08-11T09:14:31,2024-08-11T09:24:31,9.43,132.95,wallet
TRIP02637,USR0264,SC0183,Guadalajara,2024-04-10T08:22:30,2024-04-10T08:41:30,4.72,60.48,qr_code
TRIP02327,USR0162,SC0068,cdmx,2024-05-22T08:40:05,2024-05-22T08:49:05,8.7,$135.79,qr_code
TRIP03174,USR0281,SC0140,CDMX,2024-10-22T19:55:56,2024-10-22T20:38:56,6.24,67.12,credit_card
TRIP03057,USR0379,SC0020,Ciudad de Mexico,2024-11-18T06:37:31,2024-11-18T06:55:31,2.25,41.81,debit_card
TRIP03542,USR0390,SC0179,Ciudad de Mexico,2024-09-05T07:57:14,2024-09-05T08:58:14,0.84,25.44,credit_card
TRIP02129,USR0458,SC0195,cdmx,2024-05-06T08:09:20,2024-05-06T08:59:20,3.36,57.56,credit_card
TRIP03348,USR0450,SC0026,cdmx,2024-05-21T15:08:55,2024-05-21T16:02:55,5.26,77.57,qr_code
TRIP01381,USR0371,SC0130,GDL,2024-08-15T01:34:36,2024-08-15T03:04:36,10.67,175.4,wallet
TRIP03309,USR0210,SC0040,MTY,2025-05-07T13:53:05,2025-05-07T14:15:05,3.51,56.0,qr_code
TRIP00187,USR0357,SC0182,Monterrey,2024-06-12T20:30:51,2024-06-12T21:47:51,6.01,68.6,debit_card
TRIP03725,USR0152,SC0122,Monterrey,2025-05-12T13:40:22,2025-05-12T14:01:22,5.47,64.15,debit_card
TRIP00990,USR0349,SC0142,MTY,2025-05-25T13:41:10,2025-05-25T15:08:10,10.53,124.65,debit_card
TRIP01799,USR0251,SC0069,CDMX,2025-06-05T22:31:28,2025-06-05T23:53:28,9.41,131.49,qr_code
TRIP04843,USR0157,SC0150,Ciudad de Mexico,2024-09-20T20:29:18,2024-09-20T21:52:18,5.08,69.55,debit_card
TRIP00487,USR0138,SC0046,CDMX,2024-08-17T08:02:40,2024-08-17T08:25:40,2.43,40.07,debit_card
TRIP04868,USR0196,SC0156,CDMX,2024-09-02T21:53:24,2024-09-02T23:17:24,13.34,177.4,debit_card
TRIP00782,USR0281,SC0111,GDL,2025-06-16T18:49:57,2025-06-16T19:25:57,7.51,89.96,wallet
TRIP02078,USR0181,SC0187,GDL,2025-05-20T15:45:30,2025-05-20T17:00:30,13.04,122.32,credit_card
TRIP01052,USR0277,SC0160,cdmx,2025-04-30T19:06:35,2025-04-30T19:55:35,0.71,21.99,credit_card
TRIP02584,USR0306,SC0130,Guadalajara,2025-03-29T18:08:12,2025-03-29T19:01:12,10.78,156.29,cash
TRIP01528,USR0131,SC0058,MTY,2024-03-22T13:36:02,2024-03-22T14:36:02,6.56,87.61,wallet
TRIP02535,USR0406,SC0169,CDMX,2025-06-27T07:49:58,2025-06-27T09:03:58,7.95,90.45,credit_card
TRIP02032,USR0354,SC0108,cdmx,2024-02-22T18:27:12,2024-02-22T19:23:12,5.07,$64.56,cash
TRIP00018,USR0393,SC0196,GDL,2024-04-20T20:36:43,2024-04-20T21:29:43,1.6,34.94,cash
TRIP01901,USR0174,SC0084,GDL,2024-05-10T08:45:03,2024-05-10T09:07:03,14.04,140.24,debit_card
TRIP04485,USR0340,SC0170,CDMX,2024-09-03T08:38:15,2024-09-03T09:36:15,4.74,73.76,credit_card
TRIP01928,USR0120,SC0061,Guadalajara,2024-06-24T15:05:30,2024-06-24T15:53:30,4.6,68.91,qr_code
TRIP03105,USR0006,SC0123,Monterrey,2024-10-22T07:57:50,2024-10-22T09:16:50,1.42,33.68,cash
TRIP02921,USR0044,SC0043,cdmx,2024-06-01T21:45:20,2024-06-01T23:02:20,5.74,59.83,debit_card
TRIP01685,USR0290,SC0060,CDMX,2025-03-28T15:26:14,2025-03-28T16:47:14,13.8,146.34,cash
TRIP00139,USR0430,SC0116,Guadalajara,2024-03-15T06:16:13,2024-03-15T06:26:13,6.27,78.42,wallet
TRIP02883,USR0132,SC0200,GDL,2024-11-02T12:29:25,2024-11-02T13:55:25,4.19,70.6,qr_code
TRIP04365,USR0405,SC0175,Guadalajara,2024-11-07T17:32:08,2024-11-07T18:39:08,9.23,149.0,qr_code
TRIP03760,USR0100,SC0147,Monterrey,2024-09-02T10:16:46,2024-09-02T10:27:46,11.12,111.67,credit_card
TRIP04964,USR0393,SC0044,Ciudad de Mexico,2024-07-18T17:16:07,2024-07-18T18:03:07,8.03,80.45,qr_code
TRIP00726,USR0351,SC0123,MTY,2025-06-26T17:51:44,2025-06-26T18:12:44,1.42,27.06,cash
TRIP01439,USR0043,SC0164,Guadalajara,2025-02-15T18:53:39,2025-02-15T20:10:39,0.94,17.86,credit_card
TRIP03709,USR0222,SC0102,Monterrey,2024-11-11T18:20:31,2024-11-11T18:45:31,6.46,79.7,cash
TRIP03735,USR0395,SC0065,Guadalajara,2024-09-06T10:15:56,2024-09-06T11:21:56,0.86,20.54,credit_card
TRIP03989,USR0077,SC0157,Ciudad de Mexico,2024-11-04T08:20:16,2024-11-04T08:50:16,13.93,189.17,qr_code
TRIP02062,USR0354,SC0122,MTY,2025-02-02T15:00:15,2025-02-02T15:33:15,11.3,139.15,credit_card
TRIP04799,USR0388,SC0034,Guadalajara,2025-03-10T20:34:25,2025-03-10T21:11:25,12.39,177.37,credit_card
TRIP02224,USR0493,SC0188,cdmx,2024-01-07T12:30:35,2024-01-07T13:07:35,5.83,71.81,wallet
TRIP02551,USR0073,SC0116,Guadalajara,2024-08-16T17:08:13,2024-08-16T18:23:13,3.58,$58.47,wallet
TRIP00836,USR0047,SC0038,Monterrey,2025-05-19T11:20:14,2025-05-19T11:30:14,10.99,180.25,qr_code
TRIP01054,USR0341,SC0076,cdmx,2025-03-18T06:48:30,2025-03-18T06:55:30,2.85,$57.37,debit_card
TRIP03869,USR0080,SC0053,CDMX,2024-10-14T15:55:42,2024-10-14T16:43:42,4.81,79.5,qr_code
TRIP02342,USR0051,SC0165,Guadalajara,2025-06-30T08:25:14,2025-06-30T09:30:14,8.41,123.7,qr_code
TRIP02388,USR0376,SC0143,cdmx,2024-08-22T16:49:18,2024-08-22T17:20:18,5.59,95.29,wallet
TRIP00104,USR0154,SC0189,cdmx,2025-04-29T08:54:45,2025-04-29T09:17:45,8.65,141.16,debit_card
TRIP00771,USR0118,SC0061,GDL,2024-04-04T15:16:05,2024-04-04T16:28:05,4.75,75.72,debit_card
TRIP01245,USR0351,SC0016,Monterrey,2024-06-03T11:06:11,2024-06-03T11:25:11,9.24,$124.81,qr_code
TRIP04938,USR0172,SC0041,Monterrey,2024-06-14T14:01:34,2024-06-14T15:17:34,14.73,190.6,debit_card
TRIP00760,USR0198,SC0194,GDL,2024-05-20T07:31:21,2024-05-20T08:44:21,4.15,50.06,qr_code
TRIP00555,USR0141,SC0034,GDL,2025-04-20T12:01:18,2025-04-20T13:04:18,8.92,88.24,wallet
TRIP00394,USR0373,SC0172,MTY,2025-02-08T06:42:56,2025-02-08T07:43:56,13.06,182.71,cash
TRIP00186,USR0458,SC0123,Monterrey,2024-10-01T07:52:21,2024-10-01T08:20:21,7.12,113.96,wallet
TRIP04593,USR0013,SC0118,Monterrey,2024-07-20T06:27:52,2024-07-20T07:55:52,13.78,157.98,credit_card
TRIP03332,USR0167,SC0016,Monterrey,2025-01-16T07:52:43,2025-01-16T08:58:43,9.76,110.8,wallet
TRIP02490,USR0458,SC0082,Ciudad de Mexico,2024-09-10T11:58:12,2024-09-10T13:17:12,4.72,69.7,wallet
TRIP01538,USR0195,SC0028,CDMX,2024-09-26T16:15:42,2024-09-26T17:33:42,0.86,$26.35,qr_code
TRIP02592,USR0116,SC0019,GDL,2024-08-30T06:31:44,2024-08-30T07:09:44,11.42,179.11,debit_card
TRIP03002,USR0015,SC0069,CDMX,2025-05-19T18:10:58,2025-05-19T18:37:58,12.97,130.25,cash
TRIP02657,USR0477,SC0084,Guadalajara,2024-10-03T12:40:52,2024-10-03T12:56:52,12.13,134.24,credit_card
TRIP03923,USR0282,SC0188,Ciudad de Mexico,2025-06-20T09:40:51,2025-06-20T10:24:51,5.45,93.99,qr_code
TRIP01869,USR0081,SC0022,MTY,2025-06-18T18:17:22,2025-06-18T18:45:22,10.65,144.3,debit_card
TRIP01429,USR0303,SC0068,CDMX,2025-04-09T13:10:16,2025-04-09T14:13:16,2.36,36.07,credit_card
TRIP00700,USR0203,SC0191,CDMX,2025-04-04T17:04:40,2025-04-04T17:23:40,7.58,80.28,cash
TRIP04448,USR0207,SC0090,cdmx,2024-09-20T16:59:20,2024-09-20T18:14:20,7.02,104.91,cash
TRIP01666,USR0346,SC0196,GDL,2024-10-11T17:00:31,2024-10-11T18:18:31,2.23,33.55,credit_card
TRIP04792,USR0463,SC0094,CDMX,2024-05-27T08:43:36,2024-05-27T09:11:36,2.48,35.34,cash
TRIP03631,USR0238,SC0134,GDL,2024-04-03T06:03:19,2024-04-03T06:53:19,7.34,85.11,credit_card
TRIP04136,USR0162,SC0181,MTY,2024-11-07T08:42:35,2024-11-07T09:29:35,13.29,138.74,wallet
TRIP00197,USR0032,SC0099,GDL,2025-04-08T19:47:35,2025-04-08T20:20:35,3.95,70.27,credit_card
TRIP01908,USR0182,SC0190,cdmx,2025-06-25T18:04:21,2025-06-25T18:46:21,5.33,72.44,credit_card
TRIP00190,USR0026,SC0145,cdmx,2025-01-22T08:29:28,2025-01-22T09:47:28,6.98,74.1,credit_card
TRIP00898,USR0017,SC0028,Ciudad de Mexico,2025-04-07T19:19:39,2025-04-07T19:32:39,11.79,132.32,debit_card
TRIP02577,USR0168,SC0103,MTY,2024-05-08T18:48:15,2024-05-08T19:43:15,7.91,80.74,debit_card
TRIP04165,USR0492,SC0085,Ciudad de Mexico,2024-11-09T08:14:57,2024-11-09T09:07:57,8.33,97.53,debit_card
TRIP00702,USR0095,SC0177,CDMX,2024-03-10T16:28:47,2024-03-10T16:51:47,10.11,136.14,cash
TRIP01960,USR0171,SC0099,GDL,2025-03-03T07:27:47,2025-03-03T07:53:47,5.64,62.86,wallet
TRIP01450,USR0041,SC0124,MTY,2024-07-24T13:57:22,2024-07-24T14:44:22,7.79,105.39,cash
TRIP02012,,SC0101,Ciudad de Mexico,2024-07-08T17:16:55,2024-07-08T17:33:55,5.46,71.96,cash
TRIP01598,USR0262,SC0144,Guadalajara,2025-03-31T08:49:03,2025-03-31T09:34:03,7.62,108.18,qr_code
TRIP03298,USR0374,SC0087,Guadalajara,2024-05-30T18:32:13,2024-05-30T18:50:13,2.27,35.38,credit_card
TRIP04758,USR0288,SC0185,cdmx,2025-06-02T18:35:05,2025-06-02T19:21:05,11.3,103.09,cash
TRIP03168,USR0238,SC0170,CDMX,2024-11-25T06:41:32,2024-11-25T07:38:32,9.48,99.86,debit_card
TRIP04017,USR0306,SC0037,Guadalajara,2024-07-24T12:46:58,2024-07-24T13:01:58,3.19,43.01,qr_code
TRIP01527,USR0484,SC0093,Monterrey,2024-06-07T12:22:26,2024-06-07T12:05:26,11.0,167.53,wallet
TRIP01930,USR0287,SC0041,Monterrey,2025-02-06T09:02:21,2025-02-06T10:12:21,13.49,134.41,wallet
TRIP04937,USR0409,SC0180,cdmx,2024-03-20T12:14:00,2024-03-20T12:21:00,10.36,108.17,wallet
TRIP02929,USR0373,SC0146,cdmx,2025-05-29T16:32:57,2025-05-29T17:00:57,12.49,$145.47,qr_code
TRIP03819,USR0489,SC0080,Ciudad de Mexico,2024-01-01T08:35:59,2024-01-01T10:00:59,11.54,168.48,wallet
TRIP03598,USR0140,SC0014,cdmx,2024-12-24T07:25:22,2024-12-24T07:55:22,8.73,$95.45,cash
TRIP01377,USR0431,SC0094,Ciudad de Mexico,2024-07-20T09:03:00,2024-07-20T08:38:00,11.26,144.53,credit_card
TRIP03933,USR0407,SC0137,cdmx,2024-10-03T13:09:30,2024-10-03T14:32:30,0.85,24.45,credit_card
TRIP03519,USR0274,SC0128,Guadalajara,2024-02-14T07:45:39,2024-02-14T08:58:39,5.77,56.21,wallet
TRIP00806,USR0303,SC0195,CDMX,2024-09-10T08:41:58,2024-09-10T09:58:58,12.28,154.6,qr_code
TRIP02537,USR0132,SC0194,Guadalajara,2024-04-30T02:03:47,2024-04-30T02:17:47,12.75,$148.89,credit_card
TRIP01454,USR0356,SC0016,MTY,2024-10-08T08:58:19,2024-10-08T08:31:19,13.12,153.87,qr_code
TRIP01649,USR0163,SC0003,CDMX,2024-03-08T06:26:12,2024-03-08T07:02:12,12.74,184.28,wallet
TRIP02641,USR0235,SC0128,Guadalajara,2025-03-19T16:21:42,2025-03-19T16:53:42,2.35,39.92,credit_card
TRIP04963,USR0273,SC0156,CDMX,2024-06-24T21:34:45,2024-06-24T22:57:45,5.51,58.86,qr_code
TRIP01382,USR0220,SC0006,MTY,2024-02-13T07:16:44,2024-02-13T07:33:44,13.74,165.36,cash
TRIP04326,USR0390,SC0006,Monterrey,2025-01-22T18:02:34,2025-01-22T19:14:34,4.72,$51.56,debit_card
TRIP01695,USR0180,SC0130,GDL,2025-05-29T17:40:36,2025-05-29T19:06:36,4.89,63.9,cash
TRIP02567,USR0033,SC0006,Monterrey,2024-12-24T20:09:13,2024-12-24T21:21:13,2.88,$39.69,cash
TRIP02348,USR0233,SC0054,GDL,2024-01-15T12:44:43,2024-01-15T13:21:43,5.41,58.24,qr_code
TRIP00450,USR0310,SC0116,GDL,2025-02-12T06:22:55,2025-02-12T07:09:55,0.0,89.64,debit_card
TRIP03637,USR0367,SC0182,Monterrey,2024-04-05T18:21:24,2024-04-05T18:43:24,10.41,129.11,qr_code
TRIP03848,USR0410,SC0119,Monterrey,2024-03-12T16:13:43,2024-03-12T17:07:43,10.43,122.79,cash
TRIP01789,USR0187,SC0057,cdmx,2025-03-02T08:20:30,2025-03-02T09:12:30,10.66,102.89,cash
TRIP04021,USR0077,SC0103,MTY,2025-06-06T09:41:08,2025-06-06T09:59:08,2.82,$47.01,credit_card
TRIP03496,USR0437,SC0110,Guadalajara,2024-11-06T19:46:54,2024-11-06T20:34:54,14.66,222.02,cash
TRIP03537,USR0416,SC0122,Monterrey,2025-05-19T07:44:32,2025-05-19T08:18:32,3.7,51.22,credit_card
TRIP03639,USR0069,SC0086,cdmx,2024-04-09T07:54:15,2024-04-09T08:02:15,3.96,50.94,wallet
TRIP01810,,SC0028,CDMX,2024-08-24T08:24:39,2024-08-24T08:50:39,4.63,70.83,debit_card
TRIP03196,USR0021,SC0080,CDMX,2025-06-09T09:10:41,2025-06-09T09:48:41,9.97,105.62,debit_card
TRIP04272,USR0013,SC0178,Ciudad de Mexico,2024-01-26T17:07:03,2024-01-26T18:36:03,7.89,106.01,credit_card
TRIP04443,USR0252,SC0071,CDMX,2025-05-18T14:24:15,2025-05-18T14:30:15,6.41,104.25,debit_card
TRIP01864,USR0486,SC0192,Ciudad de Mexico,2025-03-06T18:11:13,2025-03-06T19:35:13,3.65,65.71,wallet
TRIP03093,USR0258,SC0083,MTY,2024-03-21T18:18:48,2024-03-21T19:29:48,14.87,135.9,credit_card
TRIP01830,USR0102,SC0065,Guadalajara,2024-08-09T14:08:33,2024-08-09T14:23:33,13.16,195.26,debit_card
TRIP02013,USR0393,SC0215,Monterrey,2024-01-29T20:32:09,2024-01-29T21:32:09,4.89,69.71,qr_code
TRIP01260,USR0317,SC0018,MTY,2025-04-30T16:20:09,2025-04-30T17:46:09,2.24,36.78,cash
TRIP03266,USR0380,SC0146,CDMX,2025-06-12T15:25:35,2025-06-12T16:27:35,6.54,81.42,cash
TRIP04423,USR0078,SC0001,MTY,2024-04-15T21:55:44,2024-04-15T22:43:44,14.37,223.42,cash
TRIP02454,USR0437,SC0181,Monterrey,2024-09-09T08:37:05,2024-09-09T10:07:05,4.87,80.96,debit_card
TRIP02270,USR0049,SC0136,cdmx,2024-03-21T09:31:35,2024-03-21T10:40:35,9.72,121.08,credit_card
TRIP02053,USR0192,SC0105,CDMX,2024-09-30T07:12:21,2024-09-30T08:32:21,10.63,143.73,cash
TRIP01931,USR0372,SC0036,MTY,2024-01-27T17:58:15,2024-01-27T17:54:15,2.79,47.29,debit_card
TRIP02925,USR0278,SC0115,GDL,2024-01-08T13:44:05,2024-01-08T14:45:05,4.4,47.18,credit_card
TRIP04649,USR0086,SC0100,GDL,2024-05-02T18:44:59,2024-05-02T20:12:59,13.58,122.2,wallet
TRIP00485,USR0368,SC0133,GDL,2025-05-30T08:17:44,2025-05-30T08:38:44,1.38,28.29,wallet
TRIP01033,USR0079,SC0047,Ciudad de Mexico,2024-10-30T21:02:27,2024-10-30T21:55:27,9.54,93.16,debit_card
TRIP01942,USR0054,SC0087,Guadalajara,2024-09-28T15:30:41,2024-09-28T16:11:41,9.66,122.71,cash
TRIP04464,USR0016,SC0083,MTY,2024-10-10T08:35:45,2024-10-10T08:47:45,2.53,45.95,wallet
TRIP04904,USR0317,SC0064,Monterrey,2024-04-04T13:00:20,2024-04-04T13:22:20,5.32,57.4,debit_card
TRIP04984,USR0306,SC0198,cdmx,2024-09-09T18:53:07,2024-09-09T19:32:07,6.05,62.97,wallet
TRIP00120,USR0072,SC0084,GDL,2024-03-16T16:37:25,2024-03-16T17:50:25,10.53,141.17,qr_code
TRIP02518,USR0073,SC0113,MTY,2024-06-03T06:01:50,2024-06-03T07:25:50,3.73,50.13,cash
TRIP02389,USR0272,SC0001,Monterrey,2025-06-05T12:12:00,2025-06-05T12:26:00,12.3,166.57,qr_code
TRIP02423,USR0204,SC0186,CDMX,2025-05-05T18:41:54,2025-05-05T20:06:54,14.98,126.95,qr_code
TRIP04455,USR0289,SC0025,GDL,2025-02-14T10:09:16,2025-02-14T11:20:16,3.74,47.78,wallet
TRIP02213,USR0245,SC0021,Guadalajara,2025-04-17T08:57:28,2025-04-17T09:48:28,7.75,82.43,wallet
TRIP03084,USR0480,SC0046,Ciudad de Mexico,2024-08-09T17:20:27,2024-08-09T18:07:27,2.73,53.59,qr_code
TRIP04661,USR0304,SC0170,cdmx,2024-07-05T14:50:56,2024-07-05T15:23:56,4.67,79.41,cash
TRIP04209,USR0182,SC0193,CDMX,2024-11-11T13:09:15,2024-11-11T14:21:15,13.02,143.71,debit_card
TRIP01802,USR0121,SC0064,MTY,2024-07-01T08:08:38,2024-07-01T08:48:38,4.18,54.9,wallet
TRIP04673,USR0092,SC0095,CDMX,2025-03-19T09:59:04,2025-03-19T11:01:04,1.86,34.92,cash
TRIP00991,USR0068,SC0105,cdmx,2024-11-27T08:00:07,2024-11-27T08:40:07,1.18,31.25,wallet
TRIP04404,USR0406,SC0145,cdmx,2024-06-02T10:50:26,2024-06-02T11:47:26,14.38,150.54,credit_card
TRIP02295,USR0002,SC0151,GDL,2024-02-21T05:47:33,2024-02-21T06:36:33,10.34,115.89,qr_code
TRIP03814,USR0433,SC0049,MTY,2024-11-20T16:48:46,2024-11-20T17:48:46,2.6,43.04,qr_code
TRIP00645,USR0480,SC0067,Ciudad de Mexico,2024-08-21T12:02:38,2024-08-21T12:41:38,3.26,50.99,qr_code
TRIP04746,USR0032,SC0015,Monterrey,2024-04-15T19:23:10,2024-04-15T20:37:10,9.01,123.26,credit_card
TRIP00712,USR0283,SC0097,GDL,2024-05-30T07:02:08,2024-05-30T07:55:08,11.62,160.46,wallet
TRIP03685,USR0207,SC0146,CDMX,2024-11-12T18:04:06,2024-11-12T18:32:06,2.39,35.02,credit_card
TRIP01012,USR0452,SC0088,MTY,2024-09-27T18:53:42,2024-09-27T20:09:42,9.1,111.61,debit_card
TRIP01446,USR0287,SC0148,MTY,2024-10-23T16:48:07,2024-10-23T17:26:07,1.19,22.15,debit_card
TRIP00947,USR0331,SC0071,Ciudad de Mexico,2024-04-04T16:08:27,2024-04-04T16:47:27,14.17,160.33,cash
TRIP02784,USR0097,SC0088,MTY,2025-03-09T12:13:05,2025-03-09T12:18:05,1.54,31.14,qr_code
TRIP02383,USR0260,SC0180,CDMX,2025-04-10T19:15:47,2025-04-10T19:52:47,4.46,56.48,cash
TRIP02549,USR0180,SC0121,MTY,2024-11-09T08:00:54,2024-11-09T09:02:54,9.46,108.38,wallet
TRIP01640,USR0291,SC0008,Ciudad de Mexico,2024-10-16T13:58:16,2024-10-16T14:14:16,3.93,$45.21,qr_code
TRIP04490,USR0199,SC0152,MTY,2024-02-25T08:51:22,2024-02-25T10:09:22,14.28,$120.22,wallet
TRIP00075,USR0079,SC0094,Ciudad de Mexico,2025-01-15T06:08:33,2025-01-15T06:59:33,4.12,52.27,wallet
TRIP01817,USR0279,SC0143,cdmx,2024-05-30T20:38:07,2024-05-30T21:14:07,10.19,168.52,cash
TRIP01924,USR0321,SC0148,Monterrey,2025-04-08T13:34:11,2025-04-08T13:43:11,9.54,136.17,qr_code
TRIP04652,USR0306,SC0118,MTY,2025-01-24T12:13:35,2025-01-24T13:40:35,10.61,102.36,cash
TRIP03056,USR0108,SC0188,CDMX,2024-05-20T08:00:04,2024-05-20T08:38:04,6.65,$86.80,qr_code
TRIP04348,USR0160,SC0167,CDMX,2025-06-12T10:34:57,2025-06-12T11:06:57,6.72,78.16,credit_card
TRIP01891,USR0166,SC0132,cdmx,2024-11-23T17:22:09,2024-11-23T18:39:09,4.51,60.95,wallet
TRIP00212,USR0072,SC0065,Guadalajara,2024-05-29T13:22:02,2024-05-29T13:55:02,4.33,56.76,cash
TRIP01432,USR0168,SC0123,MTY,2025-06-19T19:50:04,2025-06-19T20:16:04,5.94,75.31,credit_card
TRIP02467,USR0481,SC0169,CDMX,2024-04-15T18:03:57,2024-04-15T18:55:57,9.97,155.19,wallet
TRIP00808,USR0456,SC0108,CDMX,2024-09-18T13:07:25,2024-09-18T14:27:25,2.36,36.54,debit_card
TRIP04899,USR0456,SC0160,CDMX,2024-09-14T18:04:52,2024-09-14T19:15:52,12.61,128.41,qr_code
TRIP04841,USR0314,SC0103,MTY,2025-02-10T20:28:16,2025-02-10T21:25:16,1.72,23.16,qr_code
TRIP04247,USR0051,SC0144,GDL,2024-01-29T18:34:02,2024-01-29T19:49:02,12.87,177.0,cash
TRIP02694,USR0355,SC0185,cdmx,2024-10-13T04:07:19,2024-10-13T05:33:19,2.09,40.96,cash
TRIP01617,USR0278,SC0102,MTY,2024-12-04T09:16:56,2024-12-04T10:18:56,3.92,50.25,debit_card
TRIP00301,USR0227,SC0026,Ciudad de Mexico,2024-02-05T15:16:49,2024-02-05T15:00:49,9.78,157.07,cash
TRIP02310,USR0002,SC0058,Monterrey,2024-01-27T22:32:01,2024-01-27T23:41:01,10.1,117.77,wallet
TRIP04573,USR0245,SC0168,MTY,2025-01-19T19:27:58,2025-01-19T20:46:58,1.57,35.48,cash
TRIP04300,USR0043,SC0037,Guadalajara,2024-05-25T11:58:32,2024-05-25T12:13:32,12.75,153.39,debit_card
TRIP00705,,SC0204,Guadalajara,2024-05-02T18:02:36,2024-05-02T19:16:36,13.71,214.3,qr_code
TRIP03553,USR0085,SC0069,Ciudad de Mexico,2025-05-08T08:43:22,2025-05-08T08:49:22,2.71,32.92,cash
TRIP04333,USR0064,SC0188,Ciudad de Mexico,2025-05-29T07:41:32,2025-05-29T08:47:32,10.56,$147.66,wallet
TRIP00606,USR0124,SC0095,Ciudad de Mexico,2025-06-18T06:38:53,2025-06-18T07:10:53,12.59,181.01,wallet
TRIP03778,USR0259,SC0138,MTY,2024-03-13T08:41:09,2024-03-13T09:01:09,10.1,154.68,credit_card
TRIP02312,USR0241,SC0103,Monterrey,2024-09-24T15:35:48,2024-09-24T15:44:48,11.33,$120.28,debit_card
TRIP04451,,SC0073,GDL,2024-09-23T17:47:52,2024-09-23T17:20:52,5.11,$74.22,qr_code
TRIP01069,USR0460,SC0161,Ciudad de Mexico,2024-07-11T20:28:57,2024-07-11T20:43:57,11.38,151.93,cash
TRIP03830,USR0449,SC0012,MTY,2024-07-09T17:22:20,2024-07-09T18:51:20,2.07,43.58,credit_card
TRIP02659,USR0226,SC0009,cdmx,2024-10-28T20:43:22,2024-10-28T21:08:22,2.82,46.46,cash
TRIP00165,USR0302,SC0025,GDL,2025-05-01T08:19:05,2025-05-01T09:14:05,7.78,128.29,qr_code
TRIP04935,USR0456,SC0041,MTY,2024-03-19T09:28:47,2024-03-19T10:49:47,5.79,77.87,cash
TRIP01412,USR0438,SC0197,MTY,2025-03-19T07:16:39,2025-03-19T08:17:39,14.47,150.38,wallet
TRIP04675,USR0026,SC0071,Ciudad de Mexico,2025-05-23T18:56:52,2025-05-23T19:08:52,8.62,87.44,wallet
TRIP03721,USR0049,SC0089,cdmx,2024-10-11T10:14:41,2024-10-11T10:28:41,12.17,182.03,debit_card
TRIP01533,USR0081,SC0123,MTY,2024-10-11T23:36:41,2024-10-12T00:33:41,11.44,118.03,cash
TRIP03713,USR0391,SC0092,MTY,2024-04-24T13:24:35,2024-04-24T13:37:35,12.6,137.27,credit_card
TRIP02805,USR0059,SC0060,CDMX,2024-08-20T08:55:11,2024-08-20T09:43:11,12.21,137.35,credit_card
TRIP00801,USR0004,SC0197,MTY,2025-04-19T19:38:33,2025-04-19T20:54:33,7.36,100.67,credit_card
TRIP02309,USR0110,SC0145,cdmx,2025-06-25T15:50:52,2025-06-25T15:55:52,13.4,191.24,credit_card
TRIP01384,USR0242,SC0101,cdmx,2024-12-18T18:38:11,2024-12-18T19:41:11,6.87,107.44,qr_code
TRIP04985,USR0054,SC0055,Monterrey,2025-06-23T19:04:43,2025-06-23T19:51:43,5.74,76.21,credit_card
TRIP03723,USR0493,SC0058,MTY,2024-10-22T15:35:32,2024-10-22T16:22:32,7.61,81.46,cash
TRIP01364,USR0101,SC0158,Monterrey,2024-07-19T17:28:14,2024-07-19T18:35:14,9.06,106.41,credit_card
TRIP02842,USR0307,SC0082,Ciudad de Mexico,2024-02-27T20:47:38,2024-02-27T20:34:38,9.27,92.5,credit_card
TRIP01973,USR0390,SC0083,Monterrey,2025-05-16T13:58:05,2025-05-16T14:48:05,13.33,167.88,wallet
TRIP00150,USR0090,SC0105,cdmx,2025-04-08T15:06:29,2025-04-08T15:24:29,0.67,28.99,wallet
TRIP04387,USR0308,SC0193,Ciudad de Mexico,2025-01-22T19:26:50,2025-01-22T19:40:50,1.89,35.15,wallet
TRIP03493,USR0272,SC0041,Monterrey,2025-03-01T07:01:20,2025-03-01T07:34:20,6.67,69.79,credit_card
TRIP01611,USR0018,SC0053,cdmx,2024-12-11T08:47:02,2024-12-11T09:37:02,0.89,24.33,cash
TRIP00316,USR0241,SC0135,CDMX,2025-02-07T18:52:06,2025-02-07T19:54:06,11.42,157.87,cash
TRIP01025,USR0300,SC0086,CDMX,2025-01-29T14:45:16,2025-01-29T15:54:16,4.09,47.67,credit_card
TRIP02204,USR0246,SC0047,CDMX,2025-03-18T17:48:49,2025-03-18T18:28:49,0.55,22.17,qr_code
TRIP01721,USR0404,SC0128,GDL,2024-11-09T12:17:59,2024-11-09T12:48:59,9.38,123.64,cash
TRIP01276,USR0079,SC0148,MTY,2024-06-03T10:05:10,2024-06-03T11:32:10,14.04,221.95,debit_card
TRIP04468,USR0012,SC0145,Ciudad de Mexico,2024-10-31T07:44:46,2024-10-31T09:02:46,11.4,120.63,credit_card
TRIP02246,USR0279,SC0095,CDMX,2024-11-26T04:34:49,2024-11-26T04:48:49,2.77,42.68,wallet
TRIP03111,USR0046,SC0023,Ciudad de Mexico,2024-11-12T17:33:46,2024-11-12T17:57:46,3.1,36.0,wallet
TRIP02085,USR0434,SC0094,CDMX,2024-05-27T09:28:46,2024-05-27T10:21:46,0.65,26.0,wallet
TRIP01270,USR0341,SC0094,Ciudad de Mexico,2025-01-21T05:42:47,2025-01-21T07:05:47,2.15,33.34,qr_code
TRIP00181,USR0462,SC0072,Guadalajara,2025-02-17T08:08:13,2025-02-17T08:15:13,5.82,78.62,cash
TRIP04578,USR0157,SC0178,cdmx,2024-04-01T09:33:20,2024-04-01T10:43:20,6.75,89.72,debit_card
TRIP00039,USR0234,SC0051,cdmx,2024-04-19T15:36:18,2024-04-19T16:18:18,6.24,68.25,credit_card
TRIP03554,USR0159,SC0069,Ciudad de Mexico,2025-06-10T13:59:49,2025-06-10T15:29:49,13.22,136.8,credit_card
TRIP00174,USR0056,SC0064,MTY,2024-10-10T19:16:41,2024-10-10T20:44:41,11.6,182.94,qr_code
TRIP04218,USR0272,SC0051,cdmx,2024-10-09T07:22:43,2024-10-09T07:57:43,12.28,$132.39,credit_card
TRIP01182,USR0230,SC0249,cdmx,2024-10-27T09:54:48,2024-10-27T10:38:48,10.63,$129.18,qr_code
TRIP02174,USR0106,SC0033,MTY,2024-05-06T22:27:52,2024-05-06T23:42:52,1.28,30.23,wallet
TRIP01586,USR0438,SC0165,GDL,2025-05-23T17:51:35,2025-05-23T18:05:35,14.94,$151.93,debit_card
TRIP04118,USR0113,SC0155,Ciudad de Mexico,2024-05-13T17:54:28,2024-05-13T18:34:28,3.06,39.81,debit_card
TRIP01563,USR0183,SC0147,Monterrey,2024-06-04T18:24:15,2024-06-04T19:28:15,13.35,$208.06,debit_card
TRIP02337,USR0117,SC0102,Monterrey,2024-08-11T09:14:31,2024-08-11T09:24:31,9.43,132.95,wallet
TRIP00935,USR0219,SC0175,GDL,2025-05-01T08:45:50,2025-05-01T10:00:50,9.94,158.75,qr_code
TRIP03058,USR0028,SC0155,CDMX,2024-09-04T06:37:53,2024-09-04T07:34:53,8.17,112.21,qr_code
TRIP02754,USR0308,SC0171,GDL,2024-05-28T09:34:28,2024-05-28T10:45:28,13.39,156.87,debit_card
TRIP00366,USR0235,SC0184,Ciudad de Mexico,2024-05-31T07:55:18,2024-05-31T08:23:18,12.43,163.4,credit_card
TRIP03897,USR0344,SC0035,CDMX,2025-05-21T13:40:52,2025-05-21T14:35:52,1.38,33.28,debit_card
TRIP04096,USR0267,SC0113,Monterrey,2024-06-17T15:50:22,2024-06-17T16:39:22,0.92,25.43,wallet
TRIP02398,,SC0126,Ciudad de Mexico,2024-04-17T12:47:22,2024-04-17T13:42:22,10.33,149.25,cash
TRIP02510,USR0468,SC0151,Guadalajara,2025-04-10T08:43:52,2025-04-10T08:18:52,9.69,131.93,qr_code
TRIP04347,USR0454,SC0040,MTY,2024-05-10T16:12:03,2024-05-10T17:02:03,11.37,133.14,wallet
TRIP00890,USR0384,SC0008,Ciudad de Mexico,2024-04-04T13:41:55,2024-04-04T14:51:55,3.35,38.15,debit_card
TRIP01693,USR0271,SC0085,CDMX,2024-12-30T18:32:28,2024-12-30T18:14:28,5.29,68.14,credit_card
TRIP00962,USR0220,SC0159,CDMX,2024-10-18T14:40:39,2024-10-18T14:57:39,5.38,84.59,cash
TRIP04483,USR0160,SC0066,Monterrey,2025-04-25T19:54:57,2025-04-25T20:43:57,12.2,164.32,qr_code
TRIP02311,USR0089,SC0195,CDMX,2025-03-02T15:14:49,2025-03-02T15:28:49,13.87,125.85,cash
TRIP02118,USR0196,SC0023,Ciudad de Mexico,2025-03-27T10:02:02,2025-03-27T10:46:02,14.26,176.42,credit_card
TRIP00130,USR0417,SC0013,CDMX,2024-12-25T16:10:20,2024-12-25T16:52:20,12.94,$207.98,wallet
TRIP04731,USR0169,SC0193,CDMX,2024-08-30T17:24:07,2024-08-30T18:50:07,9.34,101.91,credit_card
TRIP04655,USR0035,SC0163,Ciudad de Mexico,2024-11-14T12:07:42,2024-11-14T13:00:42,4.38,65.06,credit_card
TRIP00176,USR0433,SC0183,GDL,2024-07-04T13:47:16,2024-07-04T15:03:16,10.36,113.56,cash
TRIP00040,USR0463,SC0077,GDL,2024-12-26T08:16:43,2024-12-26T09:45:43,1.91,29.26,credit_card
TRIP00192,USR0338,SC0064,Monterrey,2024-10-25T11:06:02,2024-10-25T11:32:02,11.27,131.26,credit_card
TRIP04295,USR0058,SC0053,CDMX,2024-03-22T08:37:46,2024-03-22T10:03:46,13.88,126.09,credit_card
TRIP02987,USR0118,SC0240,MTY,2024-11-13T16:06:19,2024-11-13T16:24:19,12.25,133.27,debit_card
TRIP02505,USR0444,SC0002,cdmx,2024-11-22T20:40:40,2024-11-22T21:34:40,6.19,77.38,cash
TRIP00615,USR0292,SC0133,GDL,2024-10-22T17:32:35,2024-10-22T18:11:35,4.24,53.27,debit_card
TRIP04403,USR0233,SC0053,cdmx,2024-03-21T17:50:29,2024-03-21T19:13:29,6.01,85.99,credit_card
TRIP01229,USR0352,SC0056,MTY,2025-01-31T17:15:00,2025-01-31T18:39:00,3.42,52.37,qr_code
TRIP00025,USR0442,SC0014,CDMX,2025-02-14T15:43:03,2025-02-14T16:07:03,4.91,80.22,qr_code
TRIP02802,USR0096,SC0174,MTY,2025-03-18T08:36:06,2025-03-18T09:51:06,2.71,53.08,cash
TRIP00411,USR0132,SC0151,Guadalajara,2025-03-31T07:02:03,2025-03-31T07:23:03,14.42,201.17,debit_card
TRIP01626,USR0370,SC0001,MTY,2025-05-09T08:17:28,2025-05-09T08:32:28,0.0,34.56,debit_card
TRIP01360,USR0463,SC0052,Ciudad de Mexico,2024-08-12T17:17:24,2024-08-12T18:45:24,8.28,124.23,debit_card
TRIP00312,USR0091,SC0008,CDMX,2024-03-13T17:37:37,2024-03-13T18:23:37,13.53,136.68,debit_card
TRIP00971,USR0396,SC0092,Monterrey,2024-12-06T07:37:56,2024-12-06T08:22:56,14.61,149.37,qr_code
TRIP01157,USR0153,SC0016,Monterrey,2024-08-15T00:02:26,2024-08-15T00:09:26,7.54,73.29,wallet
TRIP00815,USR0242,SC0049,MTY,2024-11-28T10:30:48,2024-11-28T11:05:48,6.75,95.92,debit_card
TRIP00002,USR0068,SC0014,CDMX,2024-09-07T07:53:34,2024-09-07T08:36:34,9.98,97.64,credit_card
TRIP01645,USR0281,SC0023,Ciudad de Mexico,2025-05-05T09:55:01,2025-05-05T10:14:01,2.8,57.16,cash
TRIP03383,USR0201,SC0104,MTY,2024-04-19T18:53:17,2024-04-19T20:06:17,14.47,159.94,debit_card
TRIP02813,USR0288,SC0184,cdmx,2025-04-08T16:26:42,2025-04-08T17:32:42,1.52,$30.52,qr_code
TRIP04228,USR0492,SC0075,Monterrey,2024-05-09T12:24:45,2024-05-09T13:31:45,14.17,161.34,credit_card
TRIP03715,USR0493,SC0004,cdmx,2024-03-02T15:31:38,2024-03-02T16:46:38,5.44,65.38,credit_card
TRIP03439,USR0335,SC0055,Monterrey,2025-06-19T13:33:45,2025-06-19T14:10:45,2.95,48.02,debit_card
TRIP01612,USR0499,SC0155,CDMX,2024-04-21T07:44:03,2024-04-21T08:55:03,1.53,29.12,qr_code
TRIP01252,USR0263,SC0130,GDL,2025-04-29T09:58:48,2025-04-29T10:32:48,12.92,$206.84,debit_card
TRIP02702,USR0216,SC0150,cdmx,2024-08-30T18:05:05,2024-08-30T18:50:05,8.36,90.58,debit_card
TRIP02162,USR0410,SC0041,Monterrey,2024-01-15T17:20:40,2024-01-15T18:00:40,12.65,131.5,qr_code
TRIP00188,USR0211,SC0014,cdmx,2024-09-24T01:55:43,2024-09-24T03:07:43,8.69,144.05,qr_code
TRIP03752,USR0053,SC0086,Ciudad de Mexico,2024-05-21T12:35:01,2024-05-21T12:45:01,13.45,166.62,cash
TRIP04696,USR0157,SC0141,cdmx,2025-03-30T09:13:29,2025-03-30T08:52:29,11.79,181.29,credit_card
TRIP01873,USR0467,SC0191,cdmx,2024-05-17T18:58:14,2024-05-17T20:26:14,5.2,62.59,wallet
TRIP02969,USR0135,SC0161,cdmx,2024-04-05T11:03:30,2024-04-05T11:16:30,1.74,29.8,cash
TRIP01820,USR0428,SC0087,GDL,2024-06-11T12:51:02,2024-06-11T13:53:02,11.7,160.28,qr_code
TRIP04516,USR0421,SC0195,cdmx,2024-06-06T09:41:09,2024-06-06T11:07:09,4.56,60.49,credit_card
TRIP04234,USR0426,SC0102,MTY,2024-03-28T20:36:24,2024-03-28T20:47:24,6.99,115.58,debit_card
TRIP02464,USR0483,SC0168,MTY,2024-03-22T18:39:01,2024-03-22T19:27:01,9.77,109.91,cash
TRIP00634,USR0395,SC0026,Ciudad de Mexico,2024-11-21T14:14:54,2024-11-21T15:10:54,12.48,157.96,cash
TRIP04742,USR0093,SC0089,cdmx,2024-09-25T17:02:32,2024-09-25T17:55:32,2.2,35.85,cash
TRIP03773,USR0175,SC0240,Ciudad de Mexico,2025-04-25T09:26:09,2025-04-25T10:28:09,5.59,54.95,cash
TRIP03470,USR0113,SC0198,CDMX,2024-02-08T20:16:23,2024-02-08T21:14:23,6.6,94.52,credit_card
TRIP04084,USR0280,SC0099,GDL,2024-09-05T08:59:08,2024-09-05T09:20:08,4.54,64.26,wallet
TRIP01236,USR0008,SC0132,Ciudad de Mexico,2024-08-16T17:56:21,2024-08-16T19:15:21,1.15,25.98,qr_code
TRIP03891,USR0012,SC0101,CDMX,2024-03-09T17:55:01,2024-03-09T18:10:01,7.49,124.08,credit_card
TRIP00879,USR0369,SC0166,Ciudad de Mexico,2025-02-27T00:23:54,2025-02-27T01:33:54,13.83,$157.76,debit_card
TRIP01106,USR0016,SC0154,Monterrey,2024-06-28T20:36:47,2024-06-28T22:01:47,2.31,38.04,cash
TRIP04805,USR0199,SC0059,CDMX,2025-03-26T21:31:12,2025-03-26T22:15:12,14.34,149.38,cash
TRIP04413,USR0494,SC0031,GDL,2024-01-05T19:58:17,2024-01-05T21:01:17,8.92,121.77,qr_code
TRIP02933,USR0288,SC0094,Ciudad de Mexico,2024-02-21T07:22:05,2024-02-21T07:50:05,6.54,75.54,qr_code
TRIP00790,USR0108,SC0138,MTY,2025-02-04T06:02:53,2025-02-04T06:39:53,7.22,123.37,wallet
TRIP00321,USR0453,SC0016,Monterrey,2024-03-19T09:44:09,2024-03-19T10:52:09,14.31,128.0,debit_card
TRIP03265,USR0096,SC0050,cdmx,2024-08-04T07:04:45,2024-08-04T07:14:45,14.48,133.11,qr_code
TRIP02994,USR0358,SC0098,Monterrey,2024-06-01T18:15:44,2024-06-01T18:34:44,6.85,74.21,debit_card
TRIP03993,USR0380,SC0199,GDL,2025-06-03T17:54:07,2025-06-03T19:05:07,14.66,204.65,qr_code
TRIP00377,USR0205,SC0194,GDL,2025-05-14T06:01:27,2025-05-14T07:19:27,13.45,158.97,cash
TRIP00653,USR0176,SC0094,CDMX,2025-03-24T07:08:56,2025-03-24T07:22:56,6.5,66.16,debit_card
TRIP01630,USR0271,SC0193,Ciudad de Mexico,2024-12-17T01:17:32,2024-12-17T02:47:32,10.23,126.03,debit_card
TRIP00015,USR0392,SC0151,Guadalajara,2024-11-01T19:53:26,2024-11-01T21:06:26,9.25,96.57,credit_card
TRIP02023,USR0114,SC0192,cdmx,2024-05-04T07:29:36,2024-05-04T08:14:36,1.46,34.43,debit_card
TRIP02538,USR0337,SC0039,GDL,2024-07-15T14:06:00,2024-07-15T15:25:00,5.12,88.14,cash
TRIP01223,USR0261,SC0090,cdmx,2024-03-13T12:20:38,2024-03-13T13:27:38,8.08,90.75,wallet
TRIP02147,USR0471,SC0065,Guadalajara,2025-03-21T08:24:03,2025-03-21T09:41:03,11.28,111.34,debit_card
TRIP02562,USR0083,SC0186,CDMX,2024-12-16T19:39:12,2024-12-16T20:06:12,6.63,80.12,credit_card
TRIP02181,USR0298,SC0011,CDMX,2024-01-15T20:33:08,2024-01-15T20:43:08,6.17,96.86,debit_card
TRIP03152,USR0293,SC0142,Monterrey,2025-06-18T16:45:07,2025-06-18T17:13:07,1.63,26.49,wallet
TRIP03138,USR0354,SC0130,Guadalajara,2024-10-22T08:48:14,2024-10-22T09:56:14,6.22,57.97,qr_code
TRIP04752,USR0437,SC0124,Monterrey,2024-11-15T16:31:53,2024-11-15T17:32:53,0.76,16.95,qr_code
TRIP03908,USR0027,SC0038,Monterrey,2024-03-31T19:48:45,2024-03-31T20:45:45,10.41,163.83,qr_code
TRIP03336,USR0087,SC0123,MTY,2025-03-25T05:23:40,2025-03-25T06:42:40,8.62,97.96,debit_card
TRIP04598,USR0395,SC0185,cdmx,2024-09-19T10:27:33,2024-09-19T11:57:33,13.88,141.39,credit_card
TRIP00977,USR0334,SC0156,CDMX,2024-04-01T19:43:47,2024-04-01T19:57:47,9.32,138.09,qr_code
TRIP02541,,SC0153,Ciudad de Mexico,2025-01-25T10:24:41,2025-01-25T11:28:41,8.45,125.64,qr_code
TRIP04163,USR0172,SC0090,Ciudad de Mexico,2024-11-14T14:49:37,2024-11-14T16:05:37,0.98,30.0,credit_card
TRIP01014,USR0068,SC0035,cdmx,2024-02-08T06:17:36,2024-02-08T07:17:36,1.43,$27.03,credit_card
TRIP00749,USR0017,SC0066,Monterrey,2024-02-01T13:51:24,2024-02-01T15:04:24,9.01,146.86,credit_card
TRIP02780,USR0315,SC0076,Ciudad de Mexico,2024-05-28T16:52:03,2024-05-28T17:00:03,7.15,98.81,credit_card
TRIP03135,USR0031,SC0191,Ciudad de Mexico,2024-11-25T18:48:44,2024-11-25T19:43:44,2.24,39.9,wallet
TRIP04176,USR0478,SC0144,Guadalajara,2024-09-07T21:13:20,2024-09-07T21:32:20,0.61,16.48,credit_card
TRIP01621,USR0083,SC0120,cdmx,2024-12-26T19:51:51,2024-12-26T20:09:51,8.38,81.05,wallet
TRIP03023,USR0395,SC0019,GDL,2024-03-12T22:11:05,2024-03-12T22:36:05,12.07,194.82,wallet
TRIP03641,USR0091,SC0106,MTY,2024-12-12T10:40:28,2024-12-12T10:49:28,14.83,207.35,credit_card
TRIP00873,USR0110,SC0102,MTY,2025-06-21T18:28:54,2025-06-21T19:13:54,4.35,76.04,credit_card
TRIP03400,USR0359,SC0015,Monterrey,2024-01-14T18:25:56,2024-01-14T18:46:56,3.27,56.97,wallet
TRIP01417,USR0010,SC0020,Ciudad de Mexico,2024-05-24T15:38:21,2024-05-24T15:53:21,3.52,61.5,cash
TRIP03936,USR0356,SC0062,Monterrey,2025-03-08T08:06:48,2025-03-08T09:11:48,4.16,57.33,credit_card
TRIP03985,USR0144,SC0195,cdmx,2024-10-05T18:11:53,2024-10-05T19:25:53,3.28,40.22,wallet
TRIP04007,,SC0186,cdmx,2025-02-23T10:47:02,2025-02-23T11:27:02,6.96,77.27,debit_card
TRIP04699,USR0220,SC0022,MTY,2024-03-13T07:43:08,2024-03-13T08:14:08,6.17,$64.52,debit_card
TRIP00850,USR0385,SC0050,cdmx,2024-09-30T07:37:50,2024-09-30T08:21:50,13.54,206.81,debit_card
TRIP03142,USR0489,SC0196,GDL,2025-05-04T08:04:37,2025-05-04T08:20:37,3.2,44.32,wallet
TRIP00038,USR0318,SC0132,Ciudad de Mexico,2024-05-26T16:29:16,2024-05-26T16:03:16,4.67,61.34,qr_code
TRIP01097,USR0005,SC0046,CDMX,2024-05-31T10:21:00,2024-05-31T10:52:00,0.0,21.65,wallet
TRIP03494,USR0246,SC0171,Guadalajara,2024-03-19T08:08:16,2024-03-19T09:33:16,10.39,152.56,credit_card
TRIP01600,USR0355,SC0166,Ciudad de Mexico,2025-03-12T21:28:09,2025-03-12T22:53:09,5.47,65.88,cash
TRIP00419,USR0157,SC0095,CDMX,2025-01-18T07:48:05,2025-01-18T08:30:05,8.97,115.29,wallet
TRIP00511,USR0034,SC0122,Monterrey,2025-05-12T18:07:17,2025-05-12T19:10:17,7.31,$101.04,qr_code
TRIP01423,USR0302,SC0006,Monterrey,2024-10-11T18:23:25,2024-10-11T19:13:25,11.3,157.69,cash
TRIP03900,USR0312,SC0168,MTY,2025-02-21T16:48:31,2025-02-21T16:55:31,5.4,60.14,wallet
TRIP02359,USR0106,SC0084,Guadalajara,2024-05-10T05:43:30,2024-05-10T06:34:30,13.58,134.02,cash
TRIP04061,USR0234,SC0137,Ciudad de Mexico,2025-01-20T18:41:49,2025-01-20T19:58:49,4.27,64.49,credit_card
TRIP02815,USR0399,SC0003,cdmx,2025-01-24T17:23:39,2025-01-24T17:49:39,11.11,174.79,qr_code
TRIP03472,USR0395,SC0173,CDMX,2024-03-05T13:52:34,2024-03-05T14:07:34,5.27,87.97,qr_code
TRIP00246,USR0255,SC0054,Guadalajara,2024-10-16T16:07:06,2024-10-16T17:18:06,14.1,135.9,debit_card
TRIP04824,USR0177,SC0152,MTY,2024-10-28T08:27:29,2024-10-28T09:05:29,12.82,114.14,credit_card
TRIP02400,USR0483,SC0058,Monterrey,2025-02-15T08:02:34,2025-02-15T08:07:34,3.31,52.17,qr_code
TRIP02497,USR0331,SC0025,GDL,2025-06-08T10:49:47,2025-06-08T11:53:47,11.43,115.55,debit_card
TRIP02027,USR0014,SC0124,Monterrey,2024-09-17T09:26:41,2024-09-17T10:02:41,1.18,17.38,cash
TRIP00708,USR0365,SC0038,Monterrey,2024-11-10T07:06:34,2024-11-10T08:34:34,14.36,213.53,cash
TRIP03643,USR0107,SC0177,Ciudad de Mexico,2024-08-26T17:04:51,2024-08-26T17:55:51,11.97,$160.52,cash
TRIP03295,USR0473,SC0071,CDMX,2025-03-05T15:08:28,2025-03-05T16:32:28,14.09,174.25,wallet
TRIP03762,USR0126,SC0092,MTY,2024-07-08T07:49:51,2024-07-08T08:48:51,11.05,181.14,wallet
TRIP02985,USR0088,SC0076,cdmx,2025-04-02T16:19:06,2025-04-02T17:03:06,0.59,23.19,wallet
TRIP02003,USR0448,SC0032,Monterrey,2025-03-30T12:02:22,2025-03-30T13:11:22,3.95,$62.85,wallet
TRIP00942,USR0464,SC0094,CDMX,2024-04-02T19:14:18,2024-04-02T19:19:18,1.96,42.94,qr_code
TRIP04570,USR0048,SC0022,Monterrey,2024-05-25T08:31:08,2024-05-25T10:00:08,4.4,58.55,credit_card
TRIP01748,USR0015,SC0140,CDMX,2025-04-26T18:03:30,2025-04-26T18:18:30,8.36,141.15,debit_card
TRIP00479,USR0306,SC0112,cdmx,2025-05-06T13:48:27,2025-05-06T14:24:27,3.21,38.72,debit_card
TRIP04121,USR0141,SC0175,GDL,2024-09-29T11:15:22,2024-09-29T12:35:22,14.75,224.08,qr_code
TRIP01153,USR0272,SC0154,MTY,2025-05-04T18:01:47,2025-05-04T19:11:47,10.05,145.63,cash
TRIP02005,USR0118,SC0190,Ciudad de Mexico,2024-10-31T21:33:34,2024-10-31T21:56:34,10.94,156.88,credit_card
TRIP04495,USR0071,SC0098,Monterrey,2024-06-05T19:16:44,2024-06-05T20:27:44,14.48,183.64,qr_code
TRIP00424,,SC0042,Ciudad de Mexico,2024-12-04T18:58:38,2024-12-04T20:16:38,3.46,50.16,credit_card
TRIP00722,USR0311,SC0015,MTY,2024-09-25T09:22:47,2024-09-25T10:28:47,7.59,105.9,debit_card
TRIP01628,USR0398,SC0188,CDMX,2024-05-09T10:59:51,2024-05-09T12:01:51,10.78,151.38,debit_card
TRIP01383,USR0344,SC0196,Guadalajara,2024-11-24T08:00:33,2024-11-24T08:52:33,11.83,171.37,cash
TRIP01467,USR0111,SC0058,Monterrey,2025-02-16T12:12:38,2025-02-16T13:06:38,5.55,$85.62,credit_card
TRIP00666,USR0001,SC0126,Ciudad de Mexico,2024-09-20T17:23:39,2024-09-20T18:53:39,11.36,166.57,debit_card
TRIP02697,USR0272,SC0164,Guadalajara,2024-02-02T23:47:52,2024-02-03T00:06:52,7.61,106.89,debit_card
TRIP03797,USR0279,SC0151,GDL,2024-06-12T12:32:50,2024-06-12T12:47:50,5.25,$54.08,qr_code
TRIP00242,USR0327,SC0075,Monterrey,2024-08-29T09:10:50,2024-08-29T09:50:50,4.02,73.14,qr_code
TRIP04327,USR0469,SC0175,Guadalajara,2025-05-23T19:56:09,2025-05-23T20:02:09,1.06,31.06,debit_card
TRIP02673,USR0467,SC0114,cdmx,2025-04-26T00:44:29,2025-04-26T00:56:29,5.87,91.46,credit_card
TRIP03831,USR0393,SC0041,Monterrey,2024-05-14T17:56:51,2024-05-14T18:26:51,2.98,47.59,debit_card
TRIP03634,USR0415,SC0182,MTY,2025-02-25T18:31:02,2025-02-25T18:43:02,10.65,125.73,debit_card
TRIP02192,USR0235,SC0063,Monterrey,2024-04-04T09:53:19,2024-04-04T11:05:19,4.93,83.74,cash
TRIP04098,USR0431,SC0161,cdmx,2024-03-07T20:32:17,2024-03-07T21:46:17,9.31,149.83,debit_card
TRIP01027,USR0249,SC0009,CDMX,2024-12-26T22:39:16,2024-12-26T23:29:16,13.34,190.5,debit_card
TRIP04192,USR0309,SC0012,Monterrey,2024-12-21T07:29:56,2024-12-21T07:44:56,9.63,$88.86,credit_card
TRIP03136,USR0029,SC0087,Guadalajara,2024-05-18T17:59:56,2024-05-18T18:28:56,5.73,77.68,cash
TRIP00272,USR0048,SC0063,MTY,2024-03-07T07:44:55,2024-03-07T08:24:55,3.54,39.37,qr_code
TRIP01265,USR0125,SC0167,Ciudad de Mexico,2025-03-21T14:03:44,2025-03-21T15:15:44,1.37,30.93,credit_card
TRIP03539,USR0119,SC0198,CDMX,2024-09-16T08:43:22,2024-09-16T09:35:22,9.67,141.27,credit_card
TRIP04015,USR0078,SC0001,MTY,2024-04-18T17:28:04,2024-04-18T17:42:04,12.66,166.65,cash
TRIP02315,USR0295,SC0024,Ciudad de Mexico,2024-02-13T19:04:29,2024-02-13T20:26:29,5.2,67.82,debit_card
TRIP01674,USR0200,SC0068,CDMX,2024-12-19T20:28:14,2024-12-19T19:58:14,0.98,30.95,credit_card
TRIP03490,USR0049,SC0183,GDL,2024-09-15T18:53:00,2024-09-15T19:02:00,14.01,139.29,credit_card
TRIP01884,USR0258,SC0047,Ciudad de Mexico,2025-03-04T08:36:11,2025-03-04T08:51:11,10.85,144.34,debit_card
TRIP02729,USR0475,SC0152,MTY,2024-10-28T21:41:39,2024-10-28T22:08:39,7.68,97.1,credit_card
TRIP04400,USR0401,SC0001,Monterrey,2024-10-04T13:26:48,2024-10-04T14:15:48,4.59,54.73,credit_card
TRIP04356,USR0362,SC0178,CDMX,2025-04-18T20:13:35,2025-04-18T20:35:35,7.62,91.94,debit_card
TRIP01568,USR0149,SC0032,MTY,2024-07-07T07:04:39,2024-07-07T08:06:39,2.5,$45.67,debit_card
TRIP01280,USR0153,SC0114,CDMX,2025-02-10T16:53:09,2025-02-10T18:12:09,6.13,89.35,debit_card
TRIP00006,USR0401,SC0198,Ciudad de Mexico,2024-09-11T18:06:24,2024-09-11T18:15:24,12.34,148.06,debit_card
TRIP00082,USR0264,SC0110,Guadalajara,2024-09-04T09:15:09,2024-09-04T09:32:09,13.03,161.82,cash
TRIP04932,USR0485,SC0071,Ciudad de Mexico,2025-03-18T15:12:23,2025-03-18T15:37:23,7.49,72.59,debit_card
TRIP04213,USR0360,SC0046,cdmx,2024-08-13T18:38:29,2024-08-13T18:59:29,0.54,27.23,credit_card
TRIP00137,USR0052,SC0022,Monterrey,2025-01-28T12:50:08,2025-01-28T13:26:08,8.52,118.06,credit_card
TRIP04940,USR0415,SC0093,MTY,2024-03-01T16:13:23,2024-03-01T16:52:23,6.65,67.27,wallet
TRIP01160,USR0384,SC0065,GDL,2024-02-02T17:50:16,2024-02-02T19:12:16,1.15,$22.86,cash
TRIP03131,USR0176,SC0141,cdmx,2024-11-08T14:26:13,2024-11-08T15:51:13,8.37,85.48,debit_card
TRIP02710,,SC0017,cdmx,2025-04-21T12:47:00,2025-04-21T13:05:00,6.75,92.4,debit_card
TRIP02063,USR0436,SC0104,MTY,2024-04-08T09:36:39,2024-04-08T10:25:39,13.94,183.43,credit_card
TRIP00562,USR0265,SC0037,Guadalajara,2025-05-25T16:21:01,2025-05-25T16:54:01,12.51,144.64,debit_card
TRIP00612,USR0175,SC0178,Ciudad de Mexico,2024-03-29T13:07:58,2024-03-29T13:23:58,5.1,68.47,credit_card
TRIP01791,USR0329,SC0175,GDL,2024-04-21T16:23:02,2024-04-21T17:13:02,11.22,182.39,credit_card
TRIP00860,USR0012,SC0178,cdmx,2025-03-14T20:07:29,2025-03-14T21:13:29,14.1,147.16,debit_card
TRIP01981,USR0228,SC0177,Ciudad de Mexico,2025-01-25T18:08:43,2025-01-25T18:42:43,1.67,35.23,debit_card
TRIP00236,USR0303,SC0161,Ciudad de Mexico,2025-03-21T16:19:58,2025-03-21T17:08:58,1.8,29.46,credit_card
TRIP01713,USR0340,SC0044,Ciudad de Mexico,2024-05-09T17:00:38,2024-05-09T17:15:38,8.89,146.49,credit_card
TRIP01647,USR0014,SC0139,Monterrey,2025-05-30T07:54:42,2025-05-30T08:06:42,11.45,189.44,qr_code
TRIP02145,USR0307,SC0049,Monterrey,2024-12-10T14:23:02,2024-12-10T14:29:02,7.24,73.22,credit_card
TRIP03965,USR0270,SC0097,Guadalajara,2024-05-09T09:18:21,2024-05-09T10:04:21,7.39,119.86,qr_code
TRIP03911,USR0015,SC0171,GDL,2024-04-28T10:31:33,2024-04-28T11:18:33,12.34,143.77,wallet
TRIP02595,USR0053,SC0058,MTY,2024-08-27T18:59:17,2024-08-27T19:10:17,2.32,34.75,wallet
TRIP03393,USR0332,SC0168,Monterrey,2024-04-15T18:37:17,2024-04-15T19:49:17,11.58,145.97,qr_code
TRIP01546,USR0460,SC0083,Monterrey,2024-04-19T06:57:29,2024-04-19T06:54:29,14.27,198.93,qr_code
TRIP00799,USR0467,SC0031,GDL,2024-03-05T10:33:52,2024-03-05T11:46:52,11.48,130.18,wallet
TRIP02049,USR0201,SC0018,MTY,2024-12-25T18:25:58,2024-12-25T18:38:58,9.55,151.02,debit_card
TRIP00651,,SC0013,cdmx,2024-10-07T17:13:42,2024-10-07T17:50:42,5.17,79.87,debit_card
TRIP02366,USR0481,SC0095,Ciudad de Mexico,2025-03-28T17:23:06,2025-03-28T17:34:06,7.54,96.52,cash
TRIP03860,USR0337,SC0180,Ciudad de Mexico,2024-07-11T09:33:15,2024-07-11T10:23:15,14.67,174.09,credit_card
TRIP01788,USR0402,SC0142,MTY,2024-01-26T05:04:54,2024-01-26T06:32:54,4.92,$73.42,qr_code
TRIP04138,USR0104,SC0191,cdmx,2025-06-06T01:28:49,2025-06-06T02:21:49,9.67,126.6,qr_code
TRIP04967,USR0318,SC0170,cdmx,2024-02-18T11:07:04,2024-02-18T12:05:04,6.62,88.23,cash
TRIP04054,USR0225,SC0134,Guadalajara,2024-09-05T13:23:53,2024-09-05T14:31:53,7.4,96.81,qr_code
TRIP04427,USR0144,SC0122,MTY,2025-04-11T18:39:30,2025-04-11T18:48:30,3.02,42.54,wallet
TRIP00340,USR0054,SC0137,Ciudad de Mexico,2024-03-28T11:44:37,2024-03-28T12:02:37,2.95,39.1,wallet
TRIP04789,USR0428,SC0083,Monterrey,2025-06-07T18:16:09,2025-06-07T18:51:09,9.08,$123.95,cash
TRIP03975,USR0224,SC0163,CDMX,2024-09-04T14:07:48,2024-09-04T14:58:48,6.72,104.0,credit_card
TRIP04905,USR0426,SC0048,CDMX,2024-12-30T11:20:41,2024-12-30T12:00:41,6.75,112.02,wallet
TRIP04617,USR0371,SC0049,Monterrey,2025-02-18T21:39:14,2025-02-18T22:41:14,1.23,$18.26,wallet
TRIP03902,USR0315,SC0081,MTY,2025-03-13T20:42:06,2025-03-13T21:54:06,1.33,19.81,qr_code
TRIP03728,USR0346,SC0005,Monterrey,2024-05-22T19:07:01,2024-05-22T20:19:01,12.24,144.73,wallet
TRIP01896,USR0157,SC0097,GDL,2025-03-03T07:06:25,2025-03-03T07:54:25,11.98,166.07,qr_code
TRIP04431,USR0433,SC0120,CDMX,2024-04-15T06:58:59,2024-04-15T06:35:59,14.48,202.57,qr_code
TRIP04896,USR0301,SC0111,Guadalajara,2024-04-10T12:17:15,2024-04-10T12:58:15,7.64,71.99,debit_card
TRIP03862,USR0054,SC0006,Monterrey,2025-01-08T09:39:25,2025-01-08T09:45:25,11.41,171.41,qr_code
TRIP00778,USR0170,SC0165,GDL,2024-06-18T07:47:45,2024-06-18T09:03:45,3.67,48.11,qr_code
TRIP02282,USR0413,SC0120,CDMX,2024-04-04T06:17:15,2024-04-04T06:56:15,0.51,19.55,wallet
TRIP00930,USR0198,SC0141,Ciudad de Mexico,2024-02-19T10:52:40,2024-02-19T11:18:40,7.95,87.69,debit_card
TRIP01204,USR0317,SC0185,Ciudad de Mexico,2024-09-06T12:50:31,2024-09-06T13:44:31,6.41,77.96,credit_card
TRIP00950,USR0144,SC0206,Ciudad de Mexico,2025-05-12T21:52:33,2025-05-12T22:20:33,7.06,$80.84,qr_code
TRIP00686,USR0480,SC0143,cdmx,2024-12-31T17:20:55,2024-12-31T17:56:55,1.9,47.19,qr_code
TRIP01183,USR0143,SC0084,GDL,2025-06-06T07:55:45,2025-06-06T09:12:45,8.01,95.26,debit_card
TRIP03540,USR0462,SC0096,Ciudad de Mexico,2024-12-03T07:58:26,2024-12-03T08:35:26,11.27,138.65,credit_card
TRIP01240,USR0002,SC0048,cdmx,2024-08-06T16:43:05,2024-08-06T17:35:05,13.89,195.09,debit_card
TRIP00508,USR0181,SC0047,cdmx,2025-04-16T13:16:48,2025-04-16T14:17:48,2.3,33.15,wallet
TRIP00623,USR0204,SC0026,cdmx,2025-04-21T10:46:06,2025-04-21T12:14:06,0.68,20.58,wallet
TRIP00516,USR0108,SC0142,MTY,2024-01-15T10:19:57,2024-01-15T11:03:57,10.64,145.29,cash
TRIP00365,USR0473,SC0172,Monterrey,2025-03-26T07:14:11,2025-03-26T07:23:11,7.27,82.49,wallet
TRIP00390,USR0067,SC0117,CDMX,2024-03-20T14:37:35,2024-03-20T15:48:35,8.97,131.67,wallet
TRIP02926,USR0180,SC0153,cdmx,2024-09-09T09:53:17,2024-09-09T11:22:17,11.04,116.75,credit_card
TRIP03160,USR0338,SC0109,Ciudad de Mexico,2025-06-24T09:59:01,2025-06-24T10:28:01,12.13,176.89,cash
TRIP02912,USR0041,SC0183,Guadalajara,2025-02-11T05:58:19,2025-02-11T06:52:19,1.8,23.75,cash
TRIP00392,USR0190,SC0006,MTY,2025-06-19T11:23:19,2025-06-19T12:05:19,2.56,36.78,cash
TRIP03123,USR0408,SC0169,Ciudad de Mexico,2024-06-11T04:57:41,2024-06-11T06:27:41,8.82,116.69,credit_card
TRIP02881,USR0464,SC0187,Guadalajara,2025-03-04T18:32:33,2025-03-04T19:57:33,10.9,154.37,debit_card
TRIP02302,USR0157,SC0033,Monterrey,2024-10-26T19:34:10,2024-10-26T20:45:10,5.54,69.11,wallet
TRIP04179,USR0233,SC0131,Ciudad de Mexico,2024-11-16T18:01:31,2024-11-16T19:27:31,10.81,$135.97,wallet
TRIP03907,USR0006,SC0049,MTY,2024-12-04T09:03:41,2024-12-04T09:34:41,1.91,41.18,cash
TRIP02956,USR0113,SC0190,Ciudad de Mexico,2024-03-20T09:32:14,2024-03-20T10:18:14,12.69,185.34,credit_card
TRIP04520,USR0381,SC0144,Guadalajara,2024-01-22T16:52:38,2024-01-22T18:14:38,13.02,165.45,qr_code
TRIP02539,USR0138,SC0054,GDL,2025-04-01T20:03:39,2025-04-01T20:32:39,2.61,38.0,credit_card
TRIP04401,USR0023,SC0093,MTY,2024-04-11T17:07:42,2024-04-11T18:05:42,10.98,158.76,wallet
TRIP01057,USR0158,SC0096,CDMX,2024-11-06T17:20:23,2024-11-06T18:41:23,2.98,58.8,cash
TRIP02002,USR0054,SC0126,CDMX,2025-06-05T10:53:28,2025-06-05T11:49:28,9.1,152.44,qr_code
TRIP01438,USR0384,SC0166,CDMX,2024-04-05T19:56:53,2024-04-05T21:08:53,4.13,63.02,wallet
TRIP02252,USR0070,SC0062,MTY,2025-03-27T17:25:16,2025-03-27T17:31:16,7.01,86.81,qr_code
TRIP03903,,SC0006,Monterrey,2024-07-13T10:57:29,2024-07-13T12:01:29,2.17,38.65,debit_card
TRIP00149,USR0238,SC0028,CDMX,2024-04-02T17:52:45,2024-04-02T19:14:45,5.25,54.08,qr_code
TRIP02643,USR0343,SC0194,GDL,2024-10-11T12:22:18,2024-10-11T13:26:18,11.57,124.71,debit_card
TRIP00692,USR0275,SC0089,Ciudad de Mexico,2024-04-09T20:38:23,2024-04-09T21:56:23,12.77,183.78,wallet
TRIP01093,USR0013,SC0142,MTY,2024-05-17T10:44:22,2024-05-17T12:03:22,1.04,22.71,qr_code
TRIP03649,USR0176,SC0068,Ciudad de Mexico,2024-07-06T10:08:55,2024-07-06T10:30:55,3.16,51.27,credit_card
TRIP01294,USR0448,SC0202,CDMX,2024-02-13T19:41:58,2024-02-13T20:21:58,14.81,172.4,debit_card
TRIP01517,USR0423,SC0057,CDMX,2024-09-09T13:17:21,2024-09-09T13:53:21,3.52,41.06,debit_card
TRIP03987,USR0031,SC0170,CDMX,2024-08-01T19:56:30,2024-08-01T19:34:30,2.16,43.31,debit_card
TRIP01060,USR0349,SC0042,Ciudad de Mexico,2024-11-16T07:32:20,2024-11-16T08:39:20,1.47,21.0,credit_card
TRIP04444,USR0443,SC0195,CDMX,2024-09-17T11:33:15,2024-09-17T12:19:15,2.44,40.25,wallet
TRIP02416,USR0453,SC0176,CDMX,2024-02-14T12:34:29,2024-02-14T13:45:29,10.16,$101.58,qr_code
TRIP03921,USR0154,SC0075,MTY,2024-05-18T17:46:00,2024-05-18T18:07:00,8.69,118.14,wallet
TRIP00757,USR0066,SC0032,Monterrey,2024-03-15T08:48:26,2024-03-15T10:13:26,4.31,47.76,wallet
TRIP04082,USR0388,SC0021,Guadalajara,2024-05-31T09:41:44,2024-05-31T10:33:44,3.16,45.87,credit_card
TRIP00532,USR0274,SC0021,GDL,2024-03-12T19:26:46,2024-03-12T20:09:46,6.3,84.64,wallet
TRIP00448,USR0031,SC0190,CDMX,2024-07-15T20:26:28,2024-07-15T21:51:28,9.73,89.56,credit_card
TRIP03794,USR0025,SC0117,cdmx,2025-02-21T14:10:28,2025-02-21T14:25:28,12.0,161.06,wallet
TRIP03014,USR0042,SC0064,Monterrey,2024-09-26T12:11:20,2024-09-26T12:58:20,11.18,183.27,debit_card
TRIP04629,USR0235,SC0040,Monterrey,2024-04-01T12:58:32,2024-04-01T13:47:32,12.41,106.73,wallet
TRIP03914,USR0022,SC0116,Guadalajara,2024-09-25T08:17:50,2024-09-25T08:49:50,1.31,22.97,debit_card
TRIP01279,USR0426,SC0024,Ciudad de Mexico,2024-10-07T12:30:35,2024-10-07T12:37:35,11.11,140.27,cash
TRIP03009,USR0385,SC0042,CDMX,2024-08-12T18:58:00,2024-08-12T20:14:00,13.53,173.29,cash
TRIP01306,USR0483,SC0156,cdmx,2024-04-20T10:29:18,2024-04-20T11:48:18,12.59,161.03,debit_card
TRIP04632,USR0096,SC0033,Monterrey,2025-04-15T15:02:37,2025-04-15T16:25:37,14.46,182.47,debit_card
TRIP02009,USR0448,SC0126,cdmx,2024-05-16T14:00:52,2024-05-16T15:26:52,4.41,74.29,credit_card
TRIP02195,USR0222,SC0105,cdmx,2024-09-16T15:41:39,2024-09-16T16:12:39,8.9,141.57,cash
TRIP03564,USR0099,SC0172,MTY,2024-02-18T18:12:02,2024-02-18T18:51:02,11.97,152.21,credit_card
TRIP03019,USR0012,SC0151,Guadalajara,2024-04-29T14:10:46,2024-04-29T15:07:46,1.53,$33.21,debit_card
TRIP01264,USR0185,SC0031,Guadalajara,2024-07-21T07:16:44,2024-07-21T08:36:44,9.05,98.42,credit_card
TRIP04730,USR0316,SC0189,CDMX,2024-12-14T18:08:44,2024-12-14T18:26:44,3.01,52.68,qr_code
TRIP02016,USR0125,SC0236,CDMX,2024-10-27T07:10:47,2024-10-27T08:05:47,11.66,120.62,cash
TRIP02951,USR0283,SC0199,GDL,2024-02-19T11:47:25,2024-02-19T12:54:25,4.22,47.76,credit_card
TRIP01765,USR0419,SC0027,CDMX,2024-07-25T13:59:40,2024-07-25T14:10:40,5.79,85.7,qr_code
TRIP00658,USR0004,SC0128,GDL,2024-01-20T09:09:16,2024-01-20T09:42:16,8.22,111.37,cash
TRIP03733,USR0298,SC0049,MTY,2025-03-18T12:27:33,2025-03-18T13:38:33,9.93,$89.90,credit_card
TRIP00640,USR0356,SC0179,CDMX,2024-09-23T17:21:50,2024-09-23T18:23:50,9.12,128.78,debit_card
TRIP03293,USR0219,SC0182,MTY,2025-01-03T17:08:28,2025-01-03T17:30:28,6.26,75.34,credit_card
TRIP00644,USR0187,SC0129,Guadalajara,2024-04-11T14:17:35,2024-04-11T15:30:35,1.65,34.12,debit_card
TRIP01742,USR0413,SC0071,CDMX,2025-05-08T11:34:13,2025-05-08T12:04:13,6.34,74.91,wallet
TRIP01676,USR0451,SC0152,MTY,2024-08-01T13:14:13,2024-08-01T13:52:13,5.65,77.63,debit_card
TRIP00883,USR0090,SC0142,Monterrey,2024-08-08T18:46:13,2024-08-08T20:03:13,14.37,218.0,qr_code
TRIP03047,USR0256,SC0034,Guadalajara,2025-05-16T16:53:48,2025-05-16T18:19:48,4.82,64.79,wallet
TRIP00403,USR0193,SC0066,MTY,2025-01-31T18:44:00,2025-01-31T19:04:00,6.95,71.67,cash
TRIP00255,USR0101,SC0186,cdmx,2025-06-20T06:49:27,2025-06-20T07:35:27,2.13,33.69,cash
TRIP00672,USR0385,SC0113,Monterrey,2025-03-10T09:25:18,2025-03-10T10:19:18,13.46,158.82,credit_card
TRIP04574,USR0265,SC0195,Ciudad de Mexico,2025-05-25T16:41:16,2025-05-25T17:59:16,11.29,113.47,credit_card
TRIP01310,,SC0108,cdmx,2024-02-19T08:15:13,2024-02-19T09:07:13,7.56,97.46,debit_card
TRIP00595,USR0449,SC0016,Monterrey,2024-03-19T17:48:46,2024-03-19T18:46:46,8.35,126.95,wallet
TRIP00395,USR0044,SC0123,Monterrey,2025-06-18T13:57:01,2025-06-18T14:17:01,14.45,151.5,qr_code
TRIP01875,USR0229,SC0015,MTY,2024-03-29T17:59:27,2024-03-29T19:02:27,4.7,52.33,qr_code
TRIP00420,USR0163,SC0008,cdmx,2024-07-02T09:04:22,2024-07-02T09:19:22,8.43,81.2,credit_card
TRIP03193,USR0094,SC0055,MTY,2024-04-23T07:01:46,2024-04-23T08:07:46,4.84,69.8,qr_code
TRIP04032,USR0142,SC0123,MTY,2025-01-10T19:00:14,2025-01-10T20:20:14,2.27,26.97,debit_card
TRIP04527,USR0362,SC0125,cdmx,2024-04-25T19:38:45,2024-04-25T21:07:45,13.33,150.15,wallet
TRIP00711,USR0462,SC0188,CDMX,2024-11-19T19:30:21,2024-11-19T19:57:21,8.65,131.02,qr_code
TRIP02618,USR0107,SC0091,CDMX,2024-12-24T06:10:38,2024-12-24T06:56:38,13.49,$179.57,cash
TRIP01169,USR0169,SC0190,Ciudad de Mexico,2024-07-29T08:43:52,2024-07-29T09:09:52,13.09,163.1,cash
TRIP00756,USR0007,SC0170,CDMX,2024-01-10T18:20:58,2024-01-10T18:56:58,3.24,$48.87,wallet
TRIP02955,USR0435,SC0161,CDMX,2024-02-28T09:58:43,2024-02-28T10:31:43,13.11,$157.51,wallet
TRIP01083,USR0423,SC0130,GDL,2024-01-24T07:08:22,2024-01-24T07:46:22,13.9,135.51,debit_card
TRIP02736,USR0383,SC0074,Ciudad de Mexico,2024-07-29T14:14:08,2024-07-29T14:38:08,5.87,64.66,cash
TRIP04360,USR0159,SC0171,GDL,2025-04-27T08:15:47,2025-04-27T09:10:47,7.58,96.04,qr_code
TRIP02915,USR0291,SC0116,Guadalajara,2024-08-24T12:51:25,2024-08-24T14:19:25,12.22,176.66,credit_card
TRIP02151,,SC0046,cdmx,2024-07-16T12:28:18,2024-07-16T12:43:18,5.82,60.1,wallet
TRIP02343,USR0342,SC0135,CDMX,2024-04-16T20:00:33,2024-04-16T21:12:33,11.99,124.16,credit_card
TRIP01288,USR0343,SC0061,GDL,2025-06-17T17:18:05,2025-06-17T17:38:05,12.84,136.65,credit_card
TRIP01615,USR0438,SC0099,Guadalajara,2024-09-18T14:28:19,2024-09-18T14:22:19,14.06,219.03,cash
TRIP02944,USR0291,SC0112,Ciudad de Mexico,2024-10-11T07:24:28,2024-10-11T07:43:28,9.55,106.37,cash
TRIP00081,USR0413,SC0083,MTY,2024-10-31T17:10:28,2024-10-31T18:08:28,9.3,110.52,cash
TRIP01135,USR0401,SC0054,Guadalajara,2024-07-04T19:47:53,2024-07-04T20:08:53,1.36,31.71,credit_card
TRIP02524,USR0364,SC0056,Monterrey,2024-05-23T15:09:39,2024-05-23T16:32:39,1.8,33.85,debit_card
TRIP03958,USR0036,SC0108,cdmx,2025-03-05T22:05:21,2025-03-05T22:12:21,7.67,115.17,credit_card
TRIP03545,USR0493,SC0005,MTY,2025-06-22T17:33:55,2025-06-22T18:02:55,4.05,69.41,wallet
TRIP03431,USR0284,SC0132,cdmx,2025-01-20T14:23:54,2025-01-20T15:25:54,12.09,116.67,debit_card
TRIP02369,USR0267,SC0135,cdmx,2024-01-09T13:27:14,2024-01-09T14:44:14,4.81,65.23,qr_code
TRIP01473,USR0260,SC0106,Monterrey,2025-02-03T15:05:51,2025-02-03T15:26:51,12.05,119.38,cash
TRIP03264,,SC0133,Guadalajara,2024-07-21T07:24:55,2024-07-21T07:35:55,7.02,$81.33,cash
TRIP04531,USR0128,SC0158,Monterrey,2024-02-26T02:40:30,2024-02-26T04:00:30,9.87,158.93,debit_card
TRIP03640,USR0382,SC0183,GDL,2025-04-01T12:18:05,2025-04-01T12:30:05,9.53,144.58,qr_code
TRIP01886,USR0195,SC0076,cdmx,2024-11-19T16:14:36,2024-11-19T16:29:36,12.37,137.42,wallet
TRIP01969,USR0184,SC0128,GDL,2024-10-09T18:42:18,2024-10-09T19:25:18,2.59,40.76,cash
TRIP01708,USR0386,SC0016,MTY,2024-12-19T07:54:18,2024-12-19T09:02:18,6.31,80.62,qr_code
TRIP04398,USR0360,SC0107,Ciudad de Mexico,2025-01-03T16:45:00,2025-01-03T17:17:00,5.59,64.02,cash
TRIP04797,USR0122,SC0165,Guadalajara,2025-04-08T07:39:03,2025-04-08T08:58:03,13.54,138.58,debit_card
TRIP04456,USR0028,SC0002,cdmx,2025-03-22T13:38:50,2025-03-22T14:06:50,7.64,80.74,qr_code
TRIP01758,USR0249,SC0173,CDMX,2024-05-21T09:08:37,2024-05-21T09:58:37,5.48,87.72,wallet
TRIP03464,USR0352,SC0191,CDMX,2024-10-01T07:41:45,2024-10-01T07:51:45,3.76,65.96,qr_code
TRIP04457,USR0160,SC0077,GDL,2024-08-24T20:58:35,2024-08-24T21:58:35,7.92,109.54,wallet
TRIP03381,USR0146,SC0056,Monterrey,2025-01-25T09:44:46,2025-01-25T11:03:46,0.92,13.9,cash
TRIP04449,USR0456,SC0009,cdmx,2024-04-24T18:42:38,2024-04-24T20:06:38,12.11,180.65,credit_card
TRIP04910,USR0419,SC0042,Ciudad de Mexico,2025-05-03T16:05:57,2025-05-03T17:22:57,7.92,86.13,cash
TRIP03356,USR0182,SC0183,GDL,2024-03-14T17:31:12,2024-03-14T17:54:12,14.16,211.51,credit_card
TRIP00346,USR0020,SC0109,CDMX,2024-09-30T13:01:20,2024-09-30T13:54:20,1.92,37.29,wallet
TRIP01815,USR0467,SC0104,Monterrey,2024-04-25T09:48:05,2024-04-25T10:20:05,10.55,127.36,credit_card
TRIP04450,USR0498,SC0155,cdmx,2024-03-05T09:24:33,2024-03-05T09:18:33,6.9,95.37,qr_code
TRIP04385,USR0177,SC0200,Guadalajara,2025-03-24T02:14:47,2025-03-24T02:31:47,1.15,18.69,debit_card
TRIP01519,USR0046,SC0090,CDMX,2024-11-28T13:51:37,2024-11-28T14:30:37,4.46,55.15,cash
TRIP02649,USR0470,SC0163,CDMX,2025-04-16T17:34:57,2025-04-16T18:01:57,2.81,38.26,cash
TRIP01418,USR0180,SC0190,Ciudad de Mexico,2025-05-01T08:20:26,2025-05-01T08:43:26,6.63,80.02,qr_code
TRIP00307,USR0113,SC0051,Ciudad de Mexico,2025-03-12T19:47:43,2025-03-12T20:43:43,8.85,96.85,credit_card
TRIP01400,USR0326,SC0072,Guadalajara,2024-04-05T14:04:56,2024-04-05T14:35:56,3.29,41.63,credit_card
TRIP00121,USR0128,SC0066,Monterrey,2024-06-19T06:41:43,2024-06-19T08:08:43,14.5,164.85,qr_code
TRIP00484,USR0039,SC0160,cdmx,2024-12-17T13:48:12,2024-12-17T15:01:12,3.28,47.67,qr_code
TRIP02545,USR0163,SC0018,MTY,2025-05-10T15:09:16,2025-05-10T16:21:16,2.99,$50.06,debit_card
TRIP04174,USR0081,SC0118,Monterrey,2024-10-31T20:01:30,2024-10-31T20:25:30,12.3,193.95,qr_code
TRIP03308,USR0409,SC0034,GDL,2025-03-07T09:50:01,2025-03-07T10:30:01,10.73,120.33,debit_card
TRIP04122,USR0367,SC0075,Monterrey,2024-04-18T13:31:28,2024-04-18T13:56:28,14.8,177.38,qr_code
TRIP00341,USR0143,SC0191,cdmx,2025-02-13T17:25:31,2025-02-13T18:35:31,2.07,32.65,debit_card
TRIP04268,USR0482,SC0081,Monterrey,2024-01-31T17:54:50,2024-01-31T18:40:50,13.54,168.68,debit_card
TRIP03054,USR0494,SC0162,MTY,2024-12-07T19:40:08,2024-12-07T19:51:08,1.08,28.04,wallet
TRIP00505,USR0460,SC0018,Monterrey,2025-05-29T07:37:50,2025-05-29T08:30:50,1.04,$24.73,credit_card
TRIP01395,USR0472,SC0060,Ciudad de Mexico,2024-03-19T19:21:17,2024-03-19T20:40:17,5.0,66.92,debit_card
TRIP04185,USR0315,SC0035,Ciudad de Mexico,2024-05-02T10:20:42,2024-05-02T10:47:42,3.33,51.13,qr_code
TRIP02855,USR0391,SC0099,GDL,2024-06-08T22:38:32,2024-06-08T23:53:32,6.9,92.71,cash
TRIP01787,USR0145,SC0178,cdmx,2025-03-04T18:57:28,2025-03-04T20:16:28,2.07,29.69,wallet
TRIP03268,USR0193,SC0137,Ciudad de Mexico,2025-06-17T17:32:56,2025-06-17T18:13:56,3.61,60.88,credit_card
TRIP02612,USR0187,SC0030,Monterrey,2024-09-04T08:40:50,2024-09-04T08:56:50,7.47,90.07,wallet
TRIP02838,USR0292,SC0124,Monterrey,2025-02-23T17:21:08,2025-02-23T18:10:08,0.91,29.52,debit_card
TRIP01855,USR0261,SC0176,cdmx,2025-01-04T18:18:58,2025-01-04T18:39:58,10.67,134.37,cash
TRIP00363,,SC0128,Guadalajara,2025-01-14T19:02:37,2025-01-14T19:29:37,13.99,204.87,qr_code
TRIP01022,USR0029,SC0047,Ciudad de Mexico,2024-06-23T08:45:58,2024-06-23T09:06:58,7.15,121.57,credit_card
TRIP04110,USR0081,SC0033,MTY,2024-12-27T19:51:23,2024-12-27T20:53:23,14.33,164.52,wallet
TRIP03082,USR0058,SC0047,cdmx,2024-10-29T13:00:48,2024-10-29T13:50:48,8.82,90.04,credit_card
TRIP04429,USR0051,SC0178,CDMX,2024-05-03T04:26:40,2024-05-03T05:17:40,8.94,77.96,debit_card
TRIP03013,USR0297,SC0119,Monterrey,2024-09-20T13:29:41,2024-09-20T14:22:41,11.37,175.64,cash
TRIP03959,USR0040,SC0048,CDMX,2024-05-17T14:09:49,2024-05-17T14:34:49,12.82,142.66,debit_card
TRIP01837,USR0464,SC0144,GDL,2025-05-17T18:58:23,2025-05-17T19:11:23,10.02,97.39,qr_code
TRIP02840,USR0112,SC0197,MTY,2024-05-06T00:45:15,2024-05-06T01:18:15,12.48,$105.88,debit_card
TRIP03884,USR0108,SC0005,Monterrey,2024-11-28T15:56:58,2024-11-28T16:42:58,12.77,165.3,wallet
TRIP02877,USR0089,SC0192,CDMX,2025-03-25T20:33:53,2025-03-25T21:48:53,14.65,231.32,cash
TRIP04864,USR0112,SC0025,GDL,2024-05-05T08:56:06,2024-05-05T09:30:06,7.38,92.24,cash
TRIP04002,USR0297,SC0083,Monterrey,2024-09-10T10:53:23,2024-09-10T12:22:23,4.81,61.5,wallet
TRIP01192,USR0079,SC0167,cdmx,2024-10-24T00:15:50,2024-10-24T00:59:50,2.87,33.58,qr_code
TRIP02743,USR0247,SC0029,Guadalajara,2024-02-16T15:16:58,2024-02-16T16:16:58,13.47,134.72,wallet
TRIP03108,USR0256,SC0040,MTY,2024-05-13T16:05:03,2024-05-13T17:27:03,1.49,26.11,qr_code
TRIP04280,,SC0076,cdmx,2024-04-05T18:16:14,2024-04-05T18:40:14,11.22,$145.74,wallet
TRIP00486,USR0385,SC0118,Monterrey,2025-02-03T09:11:00,2025-02-03T09:36:00,0.63,21.83,qr_code
TRIP00431,USR0070,SC0188,CDMX,2024-03-10T17:45:28,2024-03-10T18:07:28,2.84,53.49,credit_card
TRIP03448,USR0118,SC0010,Ciudad de Mexico,2024-03-29T22:12:21,2024-03-29T22:20:21,14.56,128.14,cash
TRIP03041,USR0159,SC0051,Ciudad de Mexico,2024-06-13T10:44:52,2024-06-13T11:57:52,11.02,120.32,debit_card
TRIP03971,USR0246,SC0084,GDL,2024-05-16T06:45:06,2024-05-16T07:37:06,3.83,42.59,debit_card
TRIP01974,USR0213,SC0020,cdmx,2025-03-07T22:57:19,2025-03-07T23:07:19,11.32,$132.42,qr_code
TRIP04223,USR0125,SC0157,cdmx,2024-06-11T08:41:01,2024-06-11T08:47:01,10.76,171.0,cash
TRIP01408,USR0481,SC0140,cdmx,2024-09-17T14:49:51,2024-09-17T15:40:51,4.11,59.81,debit_card
TRIP03669,USR0266,SC0051,CDMX,2024-09-12T18:53:41,2024-09-12T19:41:41,3.54,43.93,qr_code
TRIP03151,USR0498,SC0082,cdmx,2024-04-04T19:35:27,2024-04-04T20:30:27,6.35,111.29,debit_card
TRIP02786,USR0066,SC0075,Monterrey,2024-10-20T16:12:21,2024-10-20T16:48:21,14.48,163.87,cash
TRIP02127,USR0257,SC0043,cdmx,2025-01-12T17:53:36,2025-01-12T18:12:36,12.36,155.95,wallet
TRIP01059,USR0399,SC0200,GDL,2025-04-19T12:17:34,2025-04-19T13:44:34,5.52,71.69,debit_card
TRIP02516,USR0213,SC0037,Guadalajara,2025-03-10T18:42:25,2025-03-10T20:06:25,8.87,128.62,debit_card
TRIP01089,USR0386,SC0167,cdmx,2025-04-07T07:13:34,2025-04-07T08:06:34,7.35,73.54,credit_card
TRIP01199,USR0279,SC0176,cdmx,2025-06-30T07:20:10,2025-06-30T08:42:10,13.57,146.95,debit_card
TRIP00108,USR0169,SC0119,MTY,2024-12-11T18:46:41,2024-12-11T19:53:41,5.61,63.57,qr_code
TRIP00662,USR0009,SC0227,CDMX,2024-04-12T21:53:04,2024-04-12T22:53:04,3.83,64.2,wallet
TRIP01068,USR0288,SC0075,MTY,2025-05-17T17:22:48,2025-05-17T18:33:48,2.11,$33.32,qr_code
TRIP02144,USR0453,SC0049,MTY,2024-03-28T11:19:23,2024-03-28T12:40:23,1.33,35.69,cash
TRIP03677,USR0142,SC0083,Monterrey,2024-04-13T20:41:51,2024-04-13T21:48:51,10.08,147.72,credit_card
TRIP03609,USR0089,SC0018,Monterrey,2025-04-12T20:05:51,2025-04-12T20:23:51,7.39,121.18,qr_code
TRIP00203,USR0086,SC0191,CDMX,2025-06-30T06:42:40,2025-06-30T07:14:40,2.01,39.19,wallet
TRIP01277,USR0147,SC0085,CDMX,2025-05-27T08:36:01,2025-05-27T09:33:01,8.31,95.76,qr_code
TRIP00543,USR0377,SC0103,Monterrey,2024-09-20T08:29:00,2024-09-20T09:19:00,8.01,119.28,wallet
TRIP03325,USR0228,SC0136,cdmx,2024-05-03T19:23:47,2024-05-03T20:47:47,4.76,58.8,wallet
TRIP04162,USR0256,SC0153,CDMX,2024-11-11T18:46:00,2024-11-11T19:16:00,0.0,77.65,qr_code
TRIP03273,USR0115,SC0164,GDL,2024-06-21T04:50:04,2024-06-21T05:11:04,0.91,33.27,qr_code
TRIP04439,USR0296,SC0117,CDMX,2024-05-29T19:14:14,2024-05-29T19:44:14,3.63,56.82,wallet
TRIP03024,USR0463,SC0046,CDMX,2024-11-28T18:38:12,2024-11-28T19:07:12,14.53,177.18,debit_card
TRIP03827,USR0436,SC0013,Ciudad de Mexico,2024-02-22T17:22:27,2024-02-22T18:28:27,9.77,$102.55,cash
TRIP04881,USR0127,SC0007,Guadalajara,2025-02-03T19:11:06,2025-02-03T20:10:06,14.32,219.94,debit_card
TRIP01651,USR0183,SC0197,MTY,2024-04-25T18:57:36,2024-04-25T19:55:36,13.83,168.4,wallet
TRIP01523,,SC0120,CDMX,2024-11-16T07:20:38,2024-11-16T08:36:38,5.7,85.55,credit_card
TRIP03213,USR0242,SC0019,GDL,2024-05-03T16:09:07,2024-05-03T16:24:07,2.63,32.63,debit_card
TRIP04950,USR0132,SC0006,Monterrey,2024-05-13T09:39:37,2024-05-13T09:56:37,10.73,106.28,credit_card
TRIP04298,USR0161,SC0082,CDMX,2025-03-13T08:49:30,2025-03-13T09:38:30,1.89,31.22,cash
TRIP04106,USR0491,SC0138,MTY,2024-03-23T08:01:54,2024-03-23T08:34:54,2.66,53.08,qr_code
TRIP02086,USR0305,SC0125,Ciudad de Mexico,2025-01-30T18:47:43,2025-01-30T19:01:43,4.27,71.84,wallet
TRIP02365,USR0353,SC0053,CDMX,2024-03-12T07:12:17,2024-03-12T07:58:17,9.36,82.5,wallet
TRIP02963,USR0216,SC0133,Guadalajara,2024-09-19T16:45:44,2024-09-19T17:04:44,13.84,209.56,credit_card
TRIP04081,USR0338,SC0169,CDMX,2025-05-01T07:40:11,2025-05-01T08:52:11,9.55,142.99,qr_code
TRIP01118,USR0332,SC0124,MTY,2025-04-22T09:23:58,2025-04-22T09:29:58,14.39,159.51,credit_card
TRIP01623,USR0039,SC0139,Monterrey,2025-06-19T11:37:02,2025-06-19T12:22:02,6.16,103.14,debit_card
TRIP01361,USR0403,SC0154,MTY,2024-08-22T20:41:35,2024-08-22T21:40:35,12.57,139.23,qr_code
TRIP01342,USR0443,SC0073,GDL,2024-08-13T14:45:13,2024-08-13T15:35:13,3.21,43.1,cash
TRIP00161,USR0018,SC0080,CDMX,2024-03-16T19:10:46,2024-03-16T19:24:46,1.85,36.7,credit_card
TRIP04921,USR0497,SC0191,cdmx,2024-01-17T16:08:03,2024-01-17T16:30:03,3.16,61.19,debit_card
TRIP04040,USR0228,SC0110,GDL,2025-02-23T13:48:02,2025-02-23T14:08:02,10.92,$111.38,wallet
TRIP01690,USR0295,SC0055,MTY,2025-05-20T17:14:34,2025-05-20T18:15:34,11.29,171.64,qr_code
TRIP03500,USR0458,SC0050,Ciudad de Mexico,2024-10-03T22:59:40,2024-10-04T00:29:40,7.84,79.91,wallet
TRIP04718,USR0251,SC0145,cdmx,2024-10-04T07:07:26,2024-10-04T07:47:26,14.29,127.81,credit_card
TRIP00719,USR0244,SC0179,Ciudad de Mexico,2025-05-22T08:18:46,2025-05-22T09:38:46,3.18,33.22,debit_card
TRIP01663,USR0365,SC0163,CDMX,2024-12-11T21:47:47,2024-12-11T22:22:47,14.99,232.73,credit_card
TRIP03844,USR0159,SC0079,cdmx,2024-09-11T09:06:15,2024-09-11T10:26:15,8.63,93.0,debit_card
TRIP04747,USR0260,SC0132,CDMX,2024-02-13T13:21:26,2024-02-13T13:57:26,12.77,158.02,credit_card
TRIP02461,USR0084,SC0122,MTY,2024-01-29T13:01:49,2024-01-29T14:20:49,14.81,224.91,cash
TRIP02021,USR0114,SC0043,cdmx,2024-03-18T06:11:58,2024-03-18T06:51:58,8.11,84.94,credit_card
TRIP04741,USR0226,SC0029,GDL,2024-02-18T18:11:25,2024-02-18T19:00:25,13.97,217.09,credit_card
TRIP01035,USR0467,SC0180,cdmx,2025-01-16T19:34:26,2025-01-16T20:47:26,13.46,131.22,cash
TRIP04119,USR0243,SC0176,cdmx,2024-03-05T16:06:17,2024-03-05T17:12:17,14.02,177.08,qr_code
TRIP02332,USR0080,SC0003,Ciudad de Mexico,2024-05-02T14:40:21,2024-05-02T14:58:21,12.95,$142.82,debit_card
TRIP04736,USR0004,SC0070,CDMX,2024-02-01T19:45:34,2024-02-01T20:43:34,10.48,168.67,cash
TRIP02948,USR0319,SC0046,Ciudad de Mexico,2025-03-26T07:23:54,2025-03-26T07:40:54,7.79,83.73,wallet
TRIP04878,USR0046,SC0027,cdmx,2024-06-06T11:34:39,2024-06-06T12:04:39,12.86,175.38,cash
TRIP01133,USR0120,SC0147,MTY,2024-08-28T10:01:43,2024-08-28T11:13:43,2.6,$35.71,cash
TRIP03121,USR0260,SC0071,cdmx,2024-01-19T18:50:04,2024-01-19T20:18:04,11.17,150.34,credit_card
TRIP04775,USR0113,SC0111,GDL,2025-03-05T08:09:37,2025-03-05T08:53:37,2.67,57.35,cash
TRIP00215,USR0339,SC0085,Ciudad de Mexico,2024-04-26T13:13:37,2024-04-26T13:38:37,4.03,49.73,qr_code
TRIP02412,USR0155,SC0163,cdmx,2024-07-24T14:46:19,2024-07-24T15:57:19,14.27,149.09,debit_card
TRIP01039,USR0305,SC0071,cdmx,2025-06-23T07:44:12,2025-06-23T08:03:12,3.68,51.72,debit_card
TRIP03910,USR0253,SC0017,cdmx,2024-06-09T18:04:44,2024-06-09T19:19:44,13.2,125.78,qr_code
TRIP03926,USR0303,SC0103,MTY,2024-03-05T10:24:32,2024-03-05T11:39:32,3.93,45.86,qr_code
TRIP01177,USR0266,SC0014,Ciudad de Mexico,2025-04-10T07:10:38,2025-04-10T08:08:38,11.67,179.04,credit_card
TRIP04183,USR0056,SC0184,cdmx,2024-09-03T17:26:47,2024-09-03T18:23:47,9.11,129.05,credit_card
TRIP04837,USR0002,SC0148,MTY,2025-04-02T20:40:18,2025-04-02T20:50:18,6.83,100.41,cash
TRIP04764,USR0247,SC0014,Ciudad de Mexico,2024-06-27T17:10:22,2024-06-27T18:24:22,4.02,58.09,wallet
TRIP02664,USR0486,SC0071,Ciudad de Mexico,2024-07-06T07:01:43,2024-07-06T07:39:43,9.36,142.13,qr_code
TRIP01718,USR0128,SC0075,MTY,2024-08-23T14:32:30,2024-08-23T14:23:30,7.36,$89.12,debit_card
TRIP03944,USR0396,SC0086,CDMX,2024-04-30T09:19:33,2024-04-30T09:39:33,3.1,39.97,debit_card
TRIP04924,USR0138,SC0024,CDMX,2024-04-15T19:09:52,2024-04-15T20:13:52,4.12,67.61,qr_code
TRIP01510,USR0298,SC0012,Monterrey,2024-10-20T06:44:22,2024-10-20T07:50:22,4.68,53.67,debit_card
TRIP01603,USR0374,SC0175,Guadalajara,2025-06-11T08:44:53,2025-06-11T10:11:53,7.34,120.99,debit_card
TRIP00483,USR0380,SC0154,Monterrey,2025-06-25T08:17:13,2025-06-25T09:36:13,2.39,38.35,debit_card
TRIP01665,USR0025,SC0088,Monterrey,2024-11-29T16:45:30,2024-11-29T17:02:30,8.63,$138.35,qr_code
TRIP03889,USR0103,SC0068,cdmx,2024-04-08T22:53:43,2024-04-08T23:56:43,1.38,36.92,debit_card
TRIP01001,USR0198,SC0025,Guadalajara,2025-02-12T19:30:42,2025-02-12T20:21:42,4.51,61.53,credit_card
TRIP02442,USR0029,SC0072,GDL,2025-04-02T18:40:50,2025-04-02T18:48:50,1.44,26.83,wallet
TRIP04898,USR0317,SC0230,Ciudad de Mexico,2024-03-09T15:21:51,2024-03-09T16:16:51,5.99,83.91,qr_code
TRIP00057,USR0382,SC0064,MTY,2024-06-21T16:33:32,2024-06-21T17:02:32,11.05,168.97,debit_card
TRIP03397,USR0203,SC0032,MTY,2024-09-06T18:58:02,2024-09-06T19:54:02,7.14,83.24,qr_code
TRIP01291,USR0209,SC0115,Guadalajara,2024-12-11T09:48:41,2024-12-11T10:56:41,0.53,15.83,credit_card
TRIP03087,USR0470,SC0030,MTY,2024-01-04T14:06:25,2024-01-04T15:29:25,10.12,161.66,credit_card
TRIP02329,USR0096,SC0143,CDMX,2024-12-20T06:23:17,2024-12-20T06:32:17,14.68,190.81,qr_code
TRIP02814,USR0182,SC0028,cdmx,2024-08-01T15:20:44,2024-08-01T15:44:44,7.97,81.39,qr_code
TRIP03156,USR0052,SC0069,CDMX,2025-02-15T16:09:47,2025-02-15T16:16:47,12.29,182.55,debit_card
TRIP03764,,SC0162,MTY,2024-07-19T06:42:15,2024-07-19T07:18:15,9.04,91.46,cash
TRIP03979,USR0342,SC0090,CDMX,2024-11-08T17:46:58,2024-11-08T18:24:58,10.67,115.94,wallet
TRIP01004,USR0221,SC0199,Guadalajara,2025-02-17T15:29:25,2025-02-17T15:38:25,3.63,45.59,credit_card
TRIP04948,USR0358,SC0008,cdmx,2024-02-20T07:43:21,2024-02-20T08:27:21,6.71,74.92,debit_card
TRIP02286,USR0440,SC0112,CDMX,2025-02-11T16:14:27,2025-02-11T17:17:27,4.4,53.74,wallet
TRIP00369,USR0131,SC0129,GDL,2024-04-01T08:24:49,2024-04-01T09:20:49,9.98,100.63,cash
TRIP03405,USR0003,SC0036,Monterrey,2024-06-02T17:14:10,2024-06-02T18:41:10,3.93,72.55,credit_card
TRIP03670,USR0444,SC0070,cdmx,2025-01-28T13:39:33,2025-01-28T14:50:33,11.17,149.71,cash
TRIP04585,USR0101,SC0025,Guadalajara,2025-03-09T11:09:34,2025-03-09T11:29:34,8.15,79.31,qr_code
TRIP00596,USR0402,SC0136,Ciudad de Mexico,2024-01-24T12:06:16,2024-01-24T13:34:16,6.73,75.41,cash
TRIP00476,USR0044,SC0044,cdmx,2025-02-24T13:09:49,2025-02-24T14:38:49,5.93,80.95,cash
TRIP03866,USR0104,SC0130,Guadalajara,2024-08-27T09:07:14,2024-08-27T09:43:14,2.55,53.21,cash
TRIP01556,USR0045,SC0001,Monterrey,2025-06-08T18:33:54,2025-06-08T19:16:54,8.81,88.85,qr_code
TRIP01646,,SC0055,MTY,2025-02-04T19:31:29,2025-02-04T20:20:29,10.76,$142.55,wallet
TRIP02503,USR0327,SC0060,Ciudad de Mexico,2024-10-10T06:38:33,2024-10-10T07:02:33,4.15,47.45,wallet
TRIP00069,USR0150,SC0123,Monterrey,2024-12-27T12:42:42,2024-12-27T12:57:42,14.32,185.89,credit_card
TRIP01492,USR0303,SC0048,cdmx,2025-02-21T14:59:26,2025-02-21T16:14:26,13.0,202.72,cash
TRIP02484,USR0496,SC0027,CDMX,2024-05-23T19:25:03,2024-05-23T20:41:03,9.0,140.54,credit_card
TRIP01503,USR0260,SC0043,Ciudad de Mexico,2024-08-09T17:00:27,2024-08-09T17:11:27,5.37,87.02,wallet
TRIP03635,USR0461,SC0148,Monterrey,2024-04-05T17:38:26,2024-04-05T18:05:26,11.0,162.32,credit_card
TRIP01472,USR0397,SC0116,Guadalajara,2024-06-06T05:11:54,2024-06-06T05:59:54,6.52,105.16,cash
TRIP03738,USR0469,SC0062,MTY,2024-08-03T07:01:54,2024-08-03T07:53:54,13.06,$201.87,qr_code
TRIP03935,USR0200,SC0061,Guadalajara,2024-04-05T14:33:10,2024-04-05T16:01:10,8.65,115.51,credit_card
TRIP03906,USR0091,SC0190,CDMX,2024-05-16T05:48:06,2024-05-16T06:55:06,5.26,68.78,credit_card
TRIP03759,USR0075,SC0001,MTY,2024-04-10T21:34:45,2024-04-10T21:46:45,6.84,68.24,debit_card
TRIP03438,USR0346,SC0198,Ciudad de Mexico,2024-01-04T09:33:22,2024-01-04T10:02:22,9.63,$145.39,qr_code
TRIP04962,USR0427,SC0092,Monterrey,2024-07-23T21:22:44,2024-07-23T22:44:44,9.52,108.5,wallet
TRIP04133,USR0300,SC0121,Monterrey,2024-10-01T06:35:11,2024-10-01T06:42:11,11.72,172.44,debit_card
TRIP01172,USR0360,SC0191,Ciudad de Mexico,2024-08-26T12:58:59,2024-08-26T13:03:59,4.97,59.97,credit_card
TRIP00490,USR0223,SC0127,CDMX,2024-04-05T12:52:55,2024-04-05T13:19:55,11.08,144.18,debit_card
TRIP04036,USR0442,SC0065,Guadalajara,2024-06-21T08:19:56,2024-06-21T09:23:56,13.86,147.0,debit_card
TRIP00291,USR0018,SC0149,Ciudad de Mexico,2025-05-09T07:30:44,2025-05-09T07:45:44,14.76,236.4,credit_card
TRIP00195,USR0071,SC0165,GDL,2024-08-10T16:18:43,2024-08-10T17:07:43,10.8,167.79,cash
TRIP01545,USR0203,SC0058,Monterrey,2024-01-22T12:33:25,2024-01-22T13:37:25,5.99,88.33,cash
TRIP00768,USR0252,SC0106,Monterrey,2024-12-16T13:39:24,2024-12-16T14:40:24,10.7,146.1,wallet
TRIP00620,USR0192,SC0211,Ciudad de Mexico,2024-12-18T15:25:44,2024-12-18T15:57:44,12.55,$178.89,debit_card
TRIP01698,USR0371,SC0090,cdmx,2024-12-10T07:52:47,2024-12-10T09:12:47,6.47,84.12,wallet
TRIP00134,USR0353,SC0167,cdmx,2024-11-05T20:17:05,2024-11-05T21:45:05,10.14,132.96,debit_card
TRIP02909,USR0361,SC0162,MTY,2024-06-11T14:20:53,2024-06-11T15:39:53,6.63,111.19,qr_code
TRIP03492,USR0447,SC0044,cdmx,2024-02-25T10:40:56,2024-02-25T11:05:56,9.81,130.12,debit_card
TRIP04212,USR0149,SC0131,Ciudad de Mexico,2024-09-29T01:03:05,2024-09-29T01:37:05,6.52,92.47,cash
TRIP04958,USR0193,SC0036,Monterrey,2024-09-20T20:15:42,2024-09-20T20:31:42,7.07,89.63,wallet
TRIP01477,USR0485,SC0169,CDMX,2025-06-18T08:17:03,2025-06-18T08:34:03,8.35,$125.24,wallet
TRIP01082,USR0241,SC0115,GDL,2025-06-08T08:25:18,2025-06-08T09:30:18,1.87,38.43,credit_card
TRIP02776,USR0267,SC0014,cdmx,2024-11-14T19:45:10,2024-11-14T20:15:10,9.12,93.89,wallet
TRIP04159,USR0386,SC0065,Guadalajara,2025-04-30T17:38:01,2025-04-30T17:56:01,5.38,91.8,cash
TRIP02292,USR0276,SC0057,CDMX,2024-04-30T19:04:23,2024-04-30T19:22:23,4.0,$71.65,wallet
TRIP04889,USR0014,SC0072,GDL,2024-04-05T12:53:41,2024-04-05T13:43:41,0.0,77.71,debit_card
TRIP01386,USR0024,SC0042,cdmx,2024-10-22T21:19:19,2024-10-22T22:14:19,6.65,92.08,credit_card
TRIP00999,USR0324,SC0047,Ciudad de Mexico,2025-01-21T19:21:13,2025-01-21T20:13:13,4.01,74.12,debit_card
TRIP03767,USR0417,SC0075,Monterrey,2024-01-14T23:04:32,2024-01-14T23:48:32,3.72,49.85,credit_card
TRIP01485,USR0389,SC0098,Monterrey,2024-04-12T13:54:31,2024-04-12T14:02:31,7.75,129.63,debit_card
TRIP02977,USR0469,SC0134,GDL,2024-07-25T07:10:24,2024-07-25T08:07:24,13.99,191.14,wallet
TRIP01440,USR0118,SC0172,Monterrey,2024-12-26T18:35:40,2024-12-26T19:38:40,2.61,36.41,cash
TRIP04931,USR0390,SC0038,MTY,2024-12-08T19:34:39,2024-12-08T20:18:39,12.63,150.96,wallet
TRIP00302,USR0482,SC0151,Guadalajara,2025-03-22T18:51:50,2025-03-22T19:04:50,0.0,96.33,wallet
TRIP03030,USR0458,SC0037,GDL,2024-06-21T19:43:49,2024-06-21T21:00:49,9.57,98.33,qr_code
TRIP00283,USR0364,SC0126,cdmx,2024-05-27T16:58:23,2024-05-27T17:53:23,5.29,84.07,credit_card
TRIP01427,USR0308,SC0005,MTY,2025-06-23T06:45:10,2025-06-23T07:19:10,0.0,34.44,wallet
TRIP03334,,SC0094,CDMX,2025-06-10T08:49:59,2025-06-10T10:12:59,14.8,193.09,wallet
TRIP04911,USR0471,SC0029,GDL,2024-10-28T17:59:21,2024-10-28T18:56:21,11.31,128.89,credit_card
TRIP00630,USR0140,SC0214,CDMX,2024-05-12T12:50:40,2024-05-12T13:35:40,10.78,117.09,qr_code
TRIP02059,USR0336,SC0165,Guadalajara,2024-02-12T09:12:13,2024-02-12T09:53:13,14.91,193.1,credit_card
TRIP03102,USR0427,SC0035,Ciudad de Mexico,2024-03-10T12:47:18,2024-03-10T13:33:18,10.85,$155.42,wallet
TRIP03020,USR0046,SC0059,CDMX,2024-06-02T22:16:41,2024-06-02T22:58:41,10.56,147.43,wallet
TRIP03572,USR0167,SC0085,CDMX,2025-04-01T19:06:39,2025-04-01T19:44:39,14.38,133.92,wallet
TRIP00339,USR0146,SC0186,cdmx,2024-11-15T19:14:35,2024-11-15T20:11:35,3.24,45.11,cash
TRIP01162,USR0400,SC0051,cdmx,2025-05-28T15:28:36,2025-05-28T15:34:36,11.7,132.26,debit_card
TRIP03657,USR0183,SC0187,GDL,2025-04-11T17:40:01,2025-04-11T18:03:01,8.0,$117.92,wallet
TRIP02275,USR0341,SC0100,Guadalajara,2025-05-21T11:04:39,2025-05-21T12:03:39,6.0,81.62,credit_card
TRIP04241,USR0266,SC0200,GDL,2025-03-13T14:03:01,2025-03-13T14:18:01,1.49,19.8,wallet
TRIP00239,USR0234,SC0070,cdmx,2025-05-18T04:03:34,2025-05-18T04:10:34,4.4,73.13,debit_card
TRIP04031,USR0417,SC0200,GDL,2025-02-18T20:07:46,2025-02-18T20:25:46,6.07,66.38,credit_card
TRIP02695,USR0333,SC0089,Ciudad de Mexico,2025-03-26T15:24:59,2025-03-26T15:45:59,3.06,49.85,debit_card
TRIP00565,USR0139,SC0034,GDL,2024-02-06T08:22:27,2024-02-06T09:28:27,14.59,124.74,debit_card
TRIP00852,USR0143,SC0161,CDMX,2024-03-15T09:29:26,2024-03-15T09:56:26,13.14,207.08,credit_card
TRIP00820,USR0222,SC0015,MTY,2024-06-11T00:23:02,2024-06-11T01:36:02,6.6,$64.08,wallet
TRIP03779,USR0480,SC0136,CDMX,2025-05-02T19:10:56,2025-05-02T19:45:56,13.84,179.23,cash
TRIP00106,USR0171,SC0003,CDMX,2024-04-30T18:58:15,2024-04-30T20:20:15,3.97,49.94,cash
TRIP00530,USR0270,SC0146,cdmx,2024-10-11T21:51:55,2024-10-11T23:21:55,6.62,97.77,debit_card
TRIP01000,USR0029,SC0176,Ciudad de Mexico,2025-05-18T19:00:31,2025-05-18T20:30:31,14.27,206.09,credit_card
TRIP00364,USR0023,SC0132,cdmx,2024-10-14T20:18:57,2024-10-14T20:56:57,4.32,62.42,wallet
TRIP00602,USR0170,SC0184,cdmx,2024-05-18T17:30:00,2024-05-18T18:15:00,1.47,31.49,credit_card
TRIP02052,USR0228,SC0189,cdmx,2025-01-29T10:23:08,2025-01-29T11:20:08,6.89,113.22,wallet
TRIP04565,USR0400,SC0114,cdmx,2024-07-20T08:23:23,2024-07-20T09:49:23,9.02,80.58,cash
TRIP01184,USR0196,SC0144,Guadalajara,2025-06-25T15:08:23,2025-06-25T16:27:23,14.53,218.23,credit_card
TRIP04245,USR0165,SC0135,CDMX,2024-04-15T14:30:52,2024-04-15T14:45:52,14.39,137.98,qr_code
TRIP00945,,SC0030,MTY,2024-05-15T17:22:29,2024-05-15T18:47:29,13.15,$149.73,credit_card
TRIP04933,USR0052,SC0138,Monterrey,2025-03-31T17:46:51,2025-03-31T18:17:51,5.88,81.16,debit_card
TRIP03127,USR0119,SC0215,Guadalajara,2024-09-13T15:23:57,2024-09-13T16:40:57,2.57,39.62,debit_card
TRIP03664,USR0419,SC0151,Guadalajara,2024-05-24T06:26:28,2024-05-24T06:46:28,8.86,97.5,credit_card
TRIP04502,USR0203,SC0126,Ciudad de Mexico,2024-12-16T16:35:31,2024-12-16T18:03:31,7.84,99.82,wallet
TRIP03149,USR0294,SC0015,Monterrey,2025-04-15T07:34:41,2025-04-15T07:05:41,9.16,148.71,qr_code
TRIP04454,USR0128,SC0026,cdmx,2025-01-20T16:32:30,2025-01-20T17:09:30,0.91,20.43,debit_card
TRIP03659,USR0415,SC0011,CDMX,2024-02-28T11:26:21,2024-02-28T12:37:21,12.8,177.42,debit_card
TRIP03480,USR0172,SC0164,Guadalajara,2024-11-26T08:07:58,2024-11-26T08:37:58,1.09,29.31,cash
TRIP02065,USR0212,SC0053,CDMX,2025-01-06T09:25:07,2025-01-06T10:34:07,12.9,129.95,credit_card
TRIP04322,USR0006,SC0118,MTY,2024-06-20T17:22:57,2024-06-20T18:46:57,3.41,38.77,wallet
TRIP00939,USR0324,SC0146,CDMX,2025-05-07T07:35:05,2025-05-07T08:17:05,1.85,31.47,cash
TRIP02906,USR0080,SC0120,Ciudad de Mexico,2024-08-03T08:00:40,2024-08-03T08:47:40,8.63,93.59,credit_card
TRIP01024,USR0134,SC0123,MTY,2024-02-21T16:14:34,2024-02-21T17:15:34,9.62,$117.90,debit_card
TRIP01329,USR0198,SC0086,CDMX,2024-03-18T19:12:33,2024-03-18T20:38:33,9.86,123.7,credit_card
TRIP00831,USR0125,SC0015,Monterrey,2024-05-24T16:18:46,2024-05-24T16:44:46,10.17,$112.71,wallet
TRIP03652,USR0130,SC0049,Monterrey,2024-04-02T17:08:10,2024-04-02T18:06:10,3.71,50.62,cash
TRIP01779,USR0337,SC0064,MTY,2024-04-13T09:54:35,2024-04-13T10:39:35,4.32,48.02,qr_code
TRIP03981,USR0371,SC0025,Guadalajara,2025-04-14T15:05:00,2025-04-14T15:54:00,0.95,$25.07,qr_code
TRIP04760,USR0072,SC0016,MTY,2025-04-14T18:04:38,2025-04-14T19:12:38,10.38,$108.58,cash
TRIP03229,USR0291,SC0126,Ciudad de Mexico,2024-07-02T20:04:13,2024-07-02T20:14:13,7.86,$112.34,qr_code
TRIP02058,USR0392,SC0138,MTY,2024-05-02T19:32:07,2024-05-02T20:39:07,0.62,22.8,qr_code
TRIP04285,USR0443,SC0051,cdmx,2025-06-04T19:05:15,2025-06-04T19:57:15,11.82,134.97,credit_card
TRIP04284,USR0085,SC0078,Ciudad de Mexico,2024-10-09T04:29:42,2024-10-09T04:51:42,2.27,32.08,debit_card
TRIP03712,USR0068,SC0187,Guadalajara,2024-03-21T15:01:41,2024-03-21T15:29:41,13.15,159.09,debit_card
TRIP04974,,SC0071,Ciudad de Mexico,2025-06-05T18:40:26,2025-06-05T19:29:26,4.17,64.73,wallet
TRIP04208,USR0322,SC0085,cdmx,2024-03-01T11:16:04,2024-03-01T11:30:04,13.16,181.18,credit_card
TRIP02395,USR0391,SC0003,Ciudad de Mexico,2024-01-06T11:40:55,2024-01-06T12:52:55,2.8,39.25,wallet
TRIP03166,USR0365,SC0009,CDMX,2025-01-27T09:54:28,2025-01-27T10:18:28,6.17,97.84,credit_card
TRIP03734,USR0192,SC0158,MTY,2024-09-22T13:01:56,2024-09-22T13:34:56,13.51,134.54,qr_code
TRIP01851,USR0105,SC0009,cdmx,2024-06-29T17:16:10,2024-06-29T18:43:10,6.85,110.76,debit_card
TRIP03357,USR0046,SC0195,cdmx,2024-11-22T08:29:42,2024-11-22T09:14:42,3.52,61.01,cash
TRIP04424,USR0377,SC0139,Monterrey,2024-06-06T08:32:30,2024-06-06T09:14:30,2.56,35.35,qr_code
TRIP02061,USR0039,SC0076,CDMX,2024-05-27T07:43:46,2024-05-27T08:32:46,6.25,68.8,qr_code
TRIP04556,USR0237,SC0193,cdmx,2024-11-12T18:02:04,2024-11-12T19:08:04,13.61,124.84,qr_code
TRIP04810,USR0342,SC0118,MTY,2024-06-25T09:06:06,2024-06-25T10:35:06,5.29,97.49,cash
TRIP03980,USR0042,SC0041,Monterrey,2025-06-04T09:58:24,2025-06-04T10:26:24,13.73,178.14,qr_code
TRIP02255,USR0184,SC0055,MTY,2025-03-07T11:27:05,2025-03-07T11:39:05,7.71,102.07,debit_card
TRIP01190,USR0364,SC0025,GDL,2025-06-15T10:14:01,2025-06-15T11:31:01,6.71,104.48,qr_code
TRIP02620,USR0340,SC0132,Ciudad de Mexico,2025-05-12T09:35:26,2025-05-12T10:26:26,7.23,108.49,cash
TRIP02716,USR0107,SC0170,CDMX,2025-01-23T14:42:26,2025-01-23T15:28:26,13.84,185.83,cash
TRIP03434,USR0081,SC0180,CDMX,2024-05-10T08:58:37,2024-05-10T09:35:37,7.0,78.01,wallet
TRIP03379,USR0335,SC0072,Guadalajara,2024-03-25T16:51:27,2024-03-25T16:58:27,12.43,157.26,qr_code
TRIP01591,USR0478,SC0149,cdmx,2024-10-07T18:07:49,2024-10-07T18:32:49,13.94,189.13,credit_card
TRIP00105,USR0473,SC0094,cdmx,2024-04-04T19:03:17,2024-04-04T19:56:17,13.17,139.13,qr_code
TRIP03832,USR0073,SC0139,Monterrey,2024-07-26T02:25:40,2024-07-26T02:39:40,7.62,97.19,wallet
TRIP00598,USR0483,SC0067,CDMX,2024-03-26T16:30:33,2024-03-26T17:47:33,7.65,99.36,credit_card
TRIP02773,USR0109,SC0164,GDL,2024-01-21T10:39:06,2024-01-21T11:19:06,6.0,107.6,wallet
TRIP00948,USR0068,SC0118,MTY,2025-01-16T19:20:27,2025-01-16T20:29:27,2.55,45.98,qr_code
TRIP03602,USR0419,SC0002,cdmx,2025-03-12T19:28:01,2025-03-12T19:55:01,1.56,34.94,cash
TRIP04147,USR0447,SC0186,cdmx,2024-01-10T13:58:41,2024-01-10T15:24:41,5.51,95.98,wallet
TRIP00987,USR0302,SC0070,cdmx,2024-07-04T20:18:03,2024-07-04T21:48:03,8.96,105.68,credit_card
TRIP01217,USR0274,SC0054,Guadalajara,2024-02-17T17:01:36,2024-02-17T17:18:36,1.45,26.28,qr_code
TRIP02041,USR0131,SC0024,Ciudad de Mexico,2024-10-04T00:03:47,2024-10-04T00:42:47,6.45,74.94,credit_card
TRIP04305,USR0383,SC0125,Ciudad de Mexico,2024-06-04T11:43:48,2024-06-04T12:41:48,4.54,68.95,wallet
TRIP01216,USR0021,SC0146,cdmx,2024-05-16T18:52:25,2024-05-16T19:55:25,9.96,109.28,qr_code
TRIP01484,USR0362,SC0008,CDMX,2024-11-07T18:05:09,2024-11-07T19:19:09,5.29,75.85,qr_code
TRIP00065,USR0485,SC0134,Guadalajara,2025-04-17T18:32:33,2025-04-17T19:30:33,12.12,117.45,cash
TRIP00071,USR0246,SC0039,GDL,2024-03-05T21:02:18,2024-03-05T21:32:18,1.11,28.86,qr_code
TRIP02294,USR0432,SC0012,Monterrey,2025-06-19T21:18:19,2025-06-19T21:33:19,13.13,147.31,debit_card
TRIP02362,USR0419,SC0160,Ciudad de Mexico,2025-04-07T10:50:23,2025-04-07T11:28:23,8.57,104.65,cash
TRIP01110,USR0210,SC0134,GDL,2024-10-03T09:29:53,2024-10-03T09:44:53,9.77,108.44,credit_card
TRIP03701,USR0112,SC0087,GDL,2024-03-04T15:33:29,2024-03-04T15:38:29,14.44,132.86,wallet
TRIP00189,USR0373,SC0066,Monterrey,2025-01-29T19:57:39,2025-01-29T19:27:39,12.81,$196.91,wallet
TRIP01034,USR0276,SC0010,CDMX,2024-02-14T14:54:14,2024-02-14T15:19:14,3.06,46.98,credit_card
TRIP03120,USR0440,SC0192,cdmx,2024-10-13T06:12:43,2024-10-13T07:04:43,4.2,44.44,cash
TRIP04184,USR0494,SC0010,Ciudad de Mexico,2024-05-22T19:27:32,2024-05-22T20:34:32,9.76,103.27,credit_card
TRIP01030,,SC0176,CDMX,2024-12-23T18:20:12,2024-12-23T19:22:12,13.6,161.14,qr_code
TRIP02167,USR0342,SC0120,CDMX,2024-12-06T19:09:49,2024-12-06T19:34:49,3.19,46.71,debit_card
TRIP04232,USR0338,SC0062,Monterrey,2025-01-21T19:39:18,2025-01-21T20:13:18,14.15,217.54,debit_card
TRIP01785,USR0457,SC0025,Guadalajara,2024-05-27T09:00:00,2024-05-27T09:50:00,13.8,$212.84,qr_code
TRIP03010,USR0101,SC0038,Monterrey,2024-08-23T19:00:12,2024-08-23T19:52:12,13.86,161.97,qr_code
TRIP02303,USR0081,SC0091,cdmx,2024-08-10T14:23:22,2024-08-10T15:36:22,6.56,106.24,wallet
TRIP03946,USR0390,SC0162,MTY,2025-05-13T20:57:32,2025-05-13T21:19:32,2.14,38.24,wallet
TRIP00457,USR0341,SC0178,cdmx,2024-11-12T17:17:54,2024-11-12T18:35:54,7.68,109.95,cash
TRIP00180,USR0128,SC0089,CDMX,2024-11-15T11:37:19,2024-11-15T12:03:19,14.25,172.28,wallet
TRIP00546,USR0233,SC0115,Guadalajara,2024-10-22T01:59:43,2024-10-22T02:22:43,14.52,194.53,cash
TRIP04714,USR0238,SC0154,Monterrey,2024-08-19T17:42:32,2024-08-19T18:38:32,7.5,88.97,cash
TRIP04914,USR0004,SC0170,cdmx,2024-04-27T10:25:51,2024-04-27T11:32:51,10.66,129.84,cash
TRIP01139,USR0107,SC0144,GDL,2024-07-06T09:36:14,2024-07-06T09:55:14,8.67,128.35,qr_code
TRIP04976,USR0488,SC0162,MTY,2024-11-13T07:18:36,2024-11-13T08:27:36,3.78,43.38,cash
TRIP00123,USR0050,SC0147,MTY,2025-04-08T09:51:45,2025-04-08T10:10:45,2.09,47.37,qr_code
TRIP00306,USR0019,SC0103,Monterrey,2024-02-16T17:00:11,2024-02-16T18:25:11,12.01,141.99,credit_card
TRIP00169,USR0472,SC0075,Monterrey,2024-11-06T19:54:44,2024-11-06T20:11:44,4.86,80.79,wallet
TRIP02284,USR0457,SC0190,Ciudad de Mexico,2024-07-09T17:40:01,2024-07-09T18:38:01,14.29,165.52,debit_card
TRIP03568,USR0385,SC0172,MTY,2024-03-01T00:33:21,2024-03-01T01:12:21,9.74,102.01,debit_card
TRIP04942,USR0198,SC0224,Ciudad de Mexico,2024-01-28T07:33:52,2024-01-28T08:04:52,1.1,19.22,qr_code
TRIP02935,USR0075,SC0119,Monterrey,2025-03-12T14:13:17,2025-03-12T14:47:17,14.0,192.51,wallet
TRIP02889,USR0478,SC0004,cdmx,2024-04-17T16:05:15,2024-04-17T17:14:15,10.31,157.25,qr_code
TRIP02123,USR0497,SC0113,Monterrey,2024-04-15T03:54:40,2024-04-15T05:08:40,10.35,133.08,cash
TRIP03081,USR0080,SC0031,GDL,2025-05-30T14:25:06,2025-05-30T15:20:06,4.04,57.68,qr_code
TRIP02816,USR0008,SC0174,Monterrey,2024-08-15T18:30:47,2024-08-15T18:44:47,7.3,77.3,debit_card
TRIP03454,USR0391,SC0007,GDL,2024-09-15T06:32:15,2024-09-15T07:54:15,5.37,88.48,qr_code
TRIP03818,USR0177,SC0092,MTY,2025-01-18T18:29:01,2025-01-18T19:05:01,13.86,171.86,cash
TRIP01778,USR0091,SC0076,cdmx,2024-06-03T17:27:28,2024-06-03T18:04:28,5.85,58.76,credit_card
TRIP04067,USR0077,SC0186,cdmx,2025-02-27T09:25:19,2025-02-27T10:13:19,11.73,165.48,debit_card
TRIP00287,USR0150,SC0119,Monterrey,2025-04-02T17:20:19,2025-04-02T18:37:19,13.82,216.94,credit_card
TRIP02756,USR0283,SC0070,cdmx,2024-09-04T20:27:22,2024-09-04T21:11:22,3.21,$54.57,cash
TRIP03957,USR0126,SC0135,Ciudad de Mexico,2024-03-22T17:09:04,2024-03-22T18:31:04,2.96,48.65,cash
TRIP00458,USR0376,SC0057,Ciudad de Mexico,2025-02-05T18:58:54,2025-02-05T19:23:54,5.39,88.55,wallet
TRIP03745,USR0347,SC0055,MTY,2024-04-01T18:02:12,2024-04-01T19:24:12,5.04,$56.96,credit_card
TRIP01500,USR0390,SC0146,CDMX,2025-06-02T00:20:05,2025-06-02T00:30:05,5.41,65.37,debit_card
TRIP03303,USR0093,SC0118,Monterrey,2024-10-04T18:10:03,2024-10-04T19:03:03,1.48,26.07,debit_card
TRIP00848,USR0460,SC0130,GDL,2024-04-30T20:36:39,2024-04-30T21:36:39,12.81,129.54,debit_card
TRIP04822,USR0473,SC0154,Monterrey,2024-05-31T18:42:18,2024-05-31T18:52:18,10.72,102.73,debit_card
TRIP02429,USR0042,SC0146,cdmx,2024-05-03T07:17:21,2024-05-03T08:28:21,4.42,60.95,debit_card
TRIP01951,USR0087,SC0181,MTY,2024-11-25T17:38:17,2024-11-25T18:41:17,10.61,117.03,qr_code
TRIP03611,USR0478,SC0027,CDMX,2024-05-21T17:59:08,2024-05-21T18:14:08,9.51,$120.41,wallet
TRIP03986,USR0275,SC0093,Monterrey,2024-07-08T12:44:01,2024-07-08T14:00:01,14.82,187.8,credit_card
TRIP04709,USR0224,SC0004,cdmx,2025-01-14T20:21:55,2025-01-14T20:28:55,1.88,37.43,debit_card
TRIP03416,USR0483,SC0025,Guadalajara,2024-05-24T10:02:17,2024-05-24T10:08:17,6.71,91.72,cash
TRIP03840,USR0149,SC0033,Monterrey,2024-12-04T08:48:08,2024-12-04T10:09:08,0.0,47.05,debit_card
TRIP02626,USR0023,SC0023,CDMX,2025-05-23T18:29:15,2025-05-23T18:42:15,9.3,$101.30,qr_code
TRIP01895,USR0318,SC0039,Guadalajara,2024-01-10T21:29:10,2024-01-10T21:46:10,12.98,$143.16,cash
TRIP03756,USR0307,SC0088,MTY,2025-03-22T07:24:54,2025-03-22T07:56:54,4.91,75.5,cash
TRIP00477,USR0225,SC0090,cdmx,2025-03-20T19:45:12,2025-03-20T20:04:12,6.22,100.67,debit_card
TRIP00101,USR0127,SC0044,cdmx,2024-10-09T19:48:07,2024-10-09T19:57:07,11.61,169.94,credit_card
TRIP02624,USR0135,SC0151,GDL,2024-04-03T07:43:38,2024-04-03T08:30:38,8.62,103.24,debit_card
TRIP02528,USR0056,SC0089,CDMX,2024-05-13T18:30:38,2024-05-13T18:48:38,14.9,198.9,credit_card
TRIP00880,USR0414,SC0039,Guadalajara,2024-05-09T07:53:41,2024-05-09T07:58:41,1.36,36.19,wallet
TRIP00400,USR0318,SC0046,cdmx,2024-01-01T20:17:38,2024-01-01T20:54:38,5.6,83.36,credit_card
TRIP00724,USR0078,SC0048,Ciudad de Mexico,2024-08-10T11:09:17,2024-08-10T11:57:17,2.8,56.47,debit_card
TRIP03838,USR0295,SC0119,MTY,2025-02-26T13:53:35,2025-02-26T15:10:35,4.48,73.15,qr_code
TRIP03699,USR0147,SC0146,Ciudad de Mexico,2024-11-02T20:08:15,2024-11-02T20:32:15,11.29,106.21,credit_card
TRIP02137,USR0126,SC0016,Monterrey,2024-11-21T07:43:24,2024-11-21T07:29:24,3.92,47.68,debit_card
TRIP04079,USR0335,SC0140,cdmx,2025-05-29T17:37:34,2025-05-29T17:51:34,12.73,158.16,qr_code
TRIP03463,USR0060,SC0159,CDMX,2024-07-22T16:25:09,2024-07-22T17:53:09,11.39,167.99,qr_code
TRIP02677,USR0198,SC0134,GDL,2024-05-29T19:31:01,2024-05-29T19:55:01,4.87,77.58,debit_card
TRIP04349,USR0455,SC0098,Monterrey,2024-05-20T14:22:03,2024-05-20T15:04:03,10.72,167.81,qr_code
TRIP03236,USR0315,SC0204,Ciudad de Mexico,2024-10-04T10:38:44,2024-10-04T11:31:44,3.12,52.04,credit_card
TRIP04619,USR0336,SC0037,GDL,2024-11-22T19:10:32,2024-11-22T20:01:32,14.72,$192.95,qr_code
TRIP03467,USR0494,SC0078,CDMX,2024-02-23T16:19:19,2024-02-23T17:00:19,11.64,117.82,wallet
TRIP02168,USR0457,SC0092,MTY,2024-06-28T17:16:05,2024-06-28T17:45:05,9.96,121.32,wallet
TRIP01958,USR0083,SC0123,MTY,2025-02-10T17:37:59,2025-02-10T18:54:59,12.39,$166.87,credit_card
TRIP03433,USR0023,SC0045,Ciudad de Mexico,2024-07-18T17:26:04,2024-07-18T18:04:04,5.61,96.21,credit_card
TRIP00132,USR0480,SC0120,Ciudad de Mexico,2025-05-14T00:49:54,2025-05-14T01:05:54,10.13,112.39,debit_card
TRIP04370,USR0358,SC0119,Monterrey,2024-11-01T11:12:56,2024-11-01T12:16:56,3.56,54.88,credit_card
TRIP02967,USR0395,SC0142,Monterrey,2024-08-30T09:45:43,2024-08-30T09:58:43,11.04,125.92,credit_card
TRIP04446,USR0468,SC0183,GDL,2025-01-02T17:27:59,2025-01-02T17:43:59,11.48,161.39,qr_code
TRIP00004,,SC0200,Guadalajara,2024-09-25T12:45:27,2024-09-25T12:42:27,10.52,100.68,qr_code
TRIP00557,USR0072,SC0190,Ciudad de Mexico,2025-05-10T13:42:11,2025-05-10T15:00:11,10.05,114.1,qr_code
TRIP04966,USR0379,SC0062,Monterrey,2024-03-13T18:03:52,2024-03-13T18:40:52,1.62,36.29,qr_code
TRIP00016,USR0208,SC0125,Ciudad de Mexico,2025-06-30T11:36:42,2025-06-30T11:44:42,13.07,130.09,wallet
TRIP03366,USR0371,SC0121,Monterrey,2024-04-09T06:56:32,2024-04-09T06:30:32,2.68,$32.55,qr_code
TRIP01273,USR0294,SC0124,Monterrey,2025-01-04T13:14:22,2025-01-04T14:10:22,10.48,176.73,cash
TRIP02046,USR0246,SC0007,GDL,2025-03-24T07:28:36,2025-03-24T08:32:36,11.25,126.81,cash
TRIP01479,USR0256,SC0058,Monterrey,2024-11-02T11:36:14,2024-11-02T11:46:14,2.85,54.47,cash
TRIP00204,USR0079,SC0148,Monterrey,2024-12-05T06:11:50,2024-12-05T06:48:50,3.8,48.1,wallet
TRIP00452,USR0120,SC0129,GDL,2024-03-24T20:59:30,2024-03-24T22:28:30,11.15,120.06,qr_code
TRIP02763,USR0338,SC0145,Ciudad de Mexico,2024-02-11T17:58:35,2024-02-11T19:16:35,10.64,107.89,cash
TRIP03451,USR0149,SC0097,GDL,2024-12-15T14:10:23,2024-12-15T15:12:23,11.16,125.84,debit_card
TRIP01852,USR0218,SC0181,Monterrey,2025-02-23T17:42:48,2025-02-23T19:06:48,4.42,$56.62,cash
TRIP03632,USR0130,SC0110,Guadalajara,2024-06-08T10:56:06,2024-06-08T12:05:06,11.14,139.0,wallet
TRIP03912,USR0133,SC0066,MTY,2025-01-21T09:56:54,2025-01-21T11:02:54,14.54,185.14,credit_card
TRIP02979,USR0222,SC0096,Ciudad de Mexico,2025-04-21T13:21:58,2025-04-21T14:21:58,9.63,102.73,qr_code
TRIP03686,USR0404,SC0150,CDMX,2025-02-03T20:55:45,2025-02-03T22:16:45,3.31,47.63,debit_card
TRIP00257,,SC0037,GDL,2024-11-08T04:13:47,2024-11-08T05:26:47,11.38,149.1,credit_card
TRIP03353,USR0432,SC0089,CDMX,2025-02-19T07:52:58,2025-02-19T08:05:58,1.6,27.78,debit_card
TRIP02321,USR0159,SC0060,CDMX,2024-05-04T10:53:50,2024-05-04T11:00:50,9.68,162.22,cash
TRIP02939,USR0372,SC0063,Monterrey,2024-12-09T08:25:41,2024-12-09T09:19:41,4.54,55.96,credit_card
TRIP01435,USR0045,SC0105,CDMX,2024-03-31T07:56:41,2024-03-31T08:46:41,14.31,$152.19,cash
TRIP03110,USR0240,SC0175,GDL,2025-02-28T13:27:40,2025-02-28T14:40:40,14.38,145.69,qr_code
TRIP01877,USR0248,SC0051,CDMX,2025-01-17T15:27:57,2025-01-17T16:47:57,14.58,215.38,debit_card
TRIP04087,USR0242,SC0075,Monterrey,2024-09-18T20:41:08,2024-09-18T21:08:08,0.96,26.58,credit_card
TRIP02225,USR0250,SC0023,CDMX,2024-08-26T19:16:13,2024-08-26T19:22:13,2.69,40.13,cash
TRIP04633,USR0469,SC0052,cdmx,2024-01-27T23:45:21,2024-01-27T23:59:21,13.29,139.75,qr_code
TRIP03262,USR0122,SC0008,CDMX,2024-07-05T10:40:31,2024-07-05T10:51:31,13.34,167.07,wallet
TRIP04772,USR0308,SC0191,CDMX,2025-01-05T09:53:03,2025-01-05T11:08:03,1.63,32.99,wallet
TRIP03051,USR0012,SC0035,Ciudad de Mexico,2024-03-09T20:51:56,2024-03-09T20:56:56,7.53,$92.26,credit_card
TRIP02364,USR0270,SC0085,CDMX,2024-04-17T18:07:58,2024-04-17T19:24:58,9.38,139.27,qr_code
TRIP00907,USR0391,SC0048,CDMX,2025-06-11T16:37:36,2025-06-11T16:56:36,0.71,27.88,wallet
TRIP02244,USR0409,SC0113,Monterrey,2024-06-22T13:40:43,2024-06-22T14:44:43,13.87,129.47,wallet
TRIP01112,USR0130,SC0189,Ciudad de Mexico,2024-12-30T08:50:11,2024-12-30T08:57:11,4.51,62.29,credit_card
TRIP00472,USR0085,SC0020,CDMX,2024-10-19T13:55:00,2024-10-19T14:54:00,2.48,43.76,qr_code
TRIP03581,USR0490,SC0161,Ciudad de Mexico,2024-06-21T19:44:13,2024-06-21T20:00:13,4.87,53.07,qr_code
TRIP00787,USR0304,SC0171,GDL,2024-03-14T09:04:29,2024-03-14T10:26:29,11.75,148.8,cash
TRIP01798,USR0375,SC0199,GDL,2024-06-27T06:22:06,2024-06-27T07:21:06,12.25,157.6,qr_code
TRIP04517,USR0499,SC0007,Guadalajara,2025-05-28T16:43:51,2025-05-28T18:09:51,6.68,78.78,wallet
TRIP02241,USR0123,SC0190,cdmx,2024-02-17T00:09:51,2024-02-17T00:40:51,8.01,108.07,wallet
TRIP02959,USR0054,SC0072,GDL,2024-07-18T19:04:30,2024-07-18T20:22:30,4.91,89.07,wallet
TRIP00941,USR0009,SC0189,CDMX,2024-01-04T18:21:47,2024-01-04T19:41:47,5.31,81.73,wallet
TRIP04111,USR0022,SC0022,MTY,2024-09-02T11:10:10,2024-09-02T12:29:10,3.51,56.21,wallet
TRIP01680,USR0458,SC0124,MTY,2025-01-30T19:22:19,2025-01-30T20:05:19,1.89,37.05,wallet
TRIP02726,USR0385,SC0071,Ciudad de Mexico,2024-05-03T08:42:58,2024-05-03T09:52:58,4.91,82.18,cash
TRIP00447,USR0418,SC0018,Monterrey,2024-03-12T12:26:41,2024-03-12T13:07:41,5.93,84.64,credit_card
TRIP03673,USR0234,SC0055,Monterrey,2024-11-29T09:32:57,2024-11-29T10:55:57,13.43,129.32,cash
TRIP02029,USR0249,SC0180,CDMX,2024-01-11T17:22:25,2024-01-11T18:34:25,4.52,77.1,wallet
TRIP00270,USR0003,SC0132,cdmx,2024-08-31T17:29:26,2024-08-31T18:30:26,4.05,62.21,debit_card
TRIP01985,USR0353,SC0147,MTY,2024-12-03T19:37:40,2024-12-03T20:25:40,11.86,126.13,qr_code
TRIP04975,USR0312,SC0034,Guadalajara,2024-08-08T07:01:31,2024-08-08T06:33:31,2.97,51.58,debit_card
TRIP04277,USR0196,SC0161,Ciudad de Mexico,2024-08-09T12:42:45,2024-08-09T12:57:45,14.49,181.61,wallet
TRIP04323,USR0491,SC0184,Ciudad de Mexico,2025-06-05T14:49:30,2025-06-05T14:54:30,11.21,161.7,cash
TRIP03728,USR0346,SC0005,Monterrey,2024-05-22T19:07:01,2024-05-22T20:19:01,12.24,144.73,wallet
TRIP02918,USR0220,SC0162,Monterrey,2024-04-10T07:01:23,2024-04-10T07:12:23,6.06,70.94,debit_card
TRIP02833,USR0159,SC0029,GDL,2025-06-08T11:25:38,2025-06-08T11:47:38,13.5,123.82,cash
TRIP04877,USR0473,SC0122,Monterrey,2024-02-15T20:32:33,2024-02-15T20:25:33,3.81,71.29,cash
TRIP00603,USR0320,SC0033,MTY,2024-03-09T15:14:22,2024-03-09T15:07:22,12.4,188.32,qr_code
TRIP04296,USR0451,SC0068,Ciudad de Mexico,2024-06-23T16:45:42,2024-06-23T17:10:42,3.55,64.75,qr_code
TRIP02253,USR0176,SC0063,MTY,2024-11-03T10:50:27,2024-11-03T11:46:27,8.8,85.73,wallet
TRIP02671,USR0371,SC0155,Ciudad de Mexico,2024-09-29T21:29:04,2024-09-29T21:58:04,14.27,176.85,cash
TRIP00643,USR0008,SC0014,cdmx,2024-12-16T08:09:17,2024-12-16T09:31:17,9.92,116.01,credit_card
TRIP01643,USR0331,SC0015,Monterrey,2024-11-05T07:07:52,2024-11-05T08:25:52,9.06,111.07,cash
TRIP00494,USR0367,SC0037,GDL,2025-05-18T07:06:18,2025-05-18T07:56:18,5.73,$89.20,debit_card
TRIP04379,USR0075,SC0084,Guadalajara,2024-02-01T10:42:00,2024-02-01T10:47:00,2.71,46.22,cash
TRIP00624,USR0206,SC0011,Ciudad de Mexico,2024-11-06T18:07:38,2024-11-06T19:09:38,10.82,170.07,debit_card
TRIP04806,USR0335,SC0160,cdmx,2025-06-13T19:46:47,2025-06-13T20:02:47,6.91,84.71,wallet
TRIP01979,USR0429,SC0170,Ciudad de Mexico,2024-12-20T11:26:50,2024-12-20T11:50:50,3.23,43.36,wallet
TRIP00353,USR0047,SC0037,GDL,2024-11-16T15:24:51,2024-11-16T15:59:51,2.05,28.59,qr_code
TRIP00601,USR0369,SC0173,cdmx,2024-10-04T16:23:36,2024-10-04T17:51:36,10.43,161.33,qr_code
TRIP02836,USR0473,SC0012,MTY,2024-11-08T18:59:23,2024-11-08T20:02:23,2.8,41.39,cash
TRIP00912,USR0303,SC0061,GDL,2025-05-31T18:25:37,2025-05-31T19:55:37,9.71,109.67,credit_card
TRIP00960,,SC0190,CDMX,2024-02-21T07:13:55,2024-02-21T07:41:55,12.07,168.38,qr_code
TRIP03878,USR0286,SC0016,MTY,2024-03-12T20:00:48,2024-03-12T20:51:48,10.22,116.53,qr_code
TRIP00922,USR0026,SC0123,MTY,2024-07-03T17:30:23,2024-07-03T18:06:23,10.57,$116.61,credit_card
TRIP01064,USR0162,SC0080,Ciudad de Mexico,2024-07-04T17:26:20,2024-07-04T18:55:20,3.78,$68.49,qr_code
TRIP03559,USR0052,SC0130,Guadalajara,2024-09-24T21:00:49,2024-09-24T21:24:49,13.04,164.34,credit_card
TRIP04361,USR0151,SC0066,MTY,2025-01-10T18:27:20,2025-01-10T19:19:20,0.0,47.26,debit_card
TRIP02582,USR0329,SC0129,GDL,2025-05-05T17:32:05,2025-05-05T18:04:05,0.56,21.14,credit_card
TRIP04622,USR0106,SC0051,cdmx,2025-02-13T16:46:51,2025-02-13T17:01:51,1.18,24.94,credit_card
TRIP00261,USR0466,SC0093,MTY,2024-05-14T07:34:43,2024-05-14T08:04:43,10.72,132.1,debit_card
TRIP03716,USR0180,SC0010,cdmx,2025-02-19T19:00:11,2025-02-19T20:28:11,0.0,53.88,cash
TRIP00480,USR0362,SC0018,MTY,2025-05-29T08:54:37,2025-05-29T10:19:37,2.42,39.87,wallet
TRIP02600,USR0298,SC0181,MTY,2024-03-28T15:07:16,2024-03-28T15:32:16,5.0,88.67,wallet
TRIP02724,USR0115,SC0047,CDMX,2024-10-16T13:03:15,2024-10-16T14:28:15,10.5,170.15,qr_code
TRIP03845,USR0475,SC0158,MTY,2024-07-10T09:50:34,2024-07-10T11:15:34,13.3,155.65,debit_card
TRIP00767,USR0158,SC0156,CDMX,2025-01-30T08:54:05,2025-01-30T09:51:05,11.22,134.18,qr_code
TRIP02373,USR0477,SC0127,cdmx,2024-11-07T18:52:15,2024-11-07T19:08:15,7.49,94.84,wallet
TRIP02070,USR0064,SC0112,CDMX,2024-09-20T17:08:48,2024-09-20T17:19:48,10.1,90.17,cash
TRIP02278,USR0244,SC0023,Ciudad de Mexico,2024-03-19T10:42:16,2024-03-19T11:13:16,10.02,123.03,credit_card
TRIP04667,USR0288,SC0028,cdmx,2025-04-14T19:30:03,2025-04-14T19:43:03,0.0,52.75,qr_code
TRIP04920,USR0016,SC0132,CDMX,2024-04-27T13:16:53,2024-04-27T13:38:53,6.63,99.27,debit_card
TRIP00826,USR0059,SC0165,GDL,2024-10-23T09:05:34,2024-10-23T09:28:34,7.41,$103.41,debit_card
TRIP02202,USR0216,SC0149,cdmx,2024-03-07T11:43:27,2024-03-07T13:02:27,10.46,152.61,credit_card
TRIP02172,USR0244,SC0075,Monterrey,2024-02-15T08:36:17,2024-02-15T09:48:17,10.82,160.53,debit_card
TRIP01021,USR0240,SC0185,CDMX,2025-03-14T10:52:00,2025-03-14T11:53:00,7.44,107.55,credit_card
TRIP02525,USR0309,SC0113,MTY,2024-06-22T15:13:32,2024-06-22T16:19:32,2.51,33.08,qr_code
TRIP03505,USR0294,SC0160,cdmx,2024-06-12T13:43:29,2024-06-12T13:59:29,9.27,139.0,wallet
TRIP01927,USR0043,SC0104,Monterrey,2024-04-23T12:59:29,2024-04-23T14:12:29,9.17,91.32,wallet
TRIP02938,USR0333,SC0057,CDMX,2025-04-22T07:21:19,2025-04-22T07:44:19,2.13,43.29,cash
TRIP01358,USR0454,SC0164,Guadalajara,2024-07-19T07:16:50,2024-07-19T07:43:50,6.64,82.26,debit_card
TRIP03261,USR0309,SC0084,Guadalajara,2025-05-09T19:16:30,2025-05-09T20:13:30,9.32,115.56,cash
TRIP03667,USR0099,SC0134,Guadalajara,2025-02-03T17:48:55,2025-02-03T18:01:55,12.49,201.13,debit_card
TRIP02386,USR0032,SC0033,MTY,2024-08-03T10:59:03,2024-08-03T12:04:03,13.27,$145.79,credit_card
TRIP02158,USR0483,SC0071,cdmx,2025-06-24T08:53:03,2025-06-24T10:20:03,4.76,79.76,qr_code
TRIP04757,USR0302,SC0147,MTY,2024-09-20T18:19:28,2024-09-20T18:37:28,7.71,115.61,qr_code
TRIP02741,USR0059,SC0137,Ciudad de Mexico,2024-01-26T14:59:58,2024-01-26T16:20:58,13.98,210.42,qr_code
TRIP04344,USR0105,SC0181,MTY,2024-10-11T16:58:57,2024-10-11T17:55:57,6.79,80.75,debit_card
TRIP04034,USR0268,SC0086,Ciudad de Mexico,2024-09-10T19:38:09,2024-09-10T20:52:09,9.46,114.17,credit_card
TRIP01861,USR0449,SC0117,cdmx,2025-05-19T09:46:55,2025-05-19T11:15:55,2.04,37.33,cash
TRIP04375,USR0078,SC0142,MTY,2025-04-13T15:28:16,2025-04-13T16:17:16,10.66,135.45,wallet
TRIP04359,USR0068,SC0020,Ciudad de Mexico,2025-04-03T09:34:45,2025-04-03T10:17:45,4.32,63.06,credit_card
TRIP03025,USR0257,SC0152,Monterrey,2024-04-11T10:44:08,2024-04-11T10:56:08,1.18,30.65,credit_card
TRIP02594,USR0354,SC0128,GDL,2024-09-21T08:56:49,2024-09-21T09:15:49,5.77,62.94,cash
TRIP00141,USR0045,SC0022,Monterrey,2025-04-09T06:42:47,2025-04-09T08:11:47,10.76,146.37,qr_code
TRIP04331,USR0018,SC0078,cdmx,2024-12-13T18:53:00,2024-12-13T20:13:00,3.28,56.83,wallet
TRIP02576,USR0338,SC0071,CDMX,2025-04-08T09:43:07,2025-04-08T10:15:07,12.45,156.6,debit_card
TRIP03230,USR0417,SC0120,Ciudad de Mexico,2025-03-13T17:56:29,2025-03-13T18:05:29,11.85,115.86,qr_code
TRIP03755,USR0317,SC0116,GDL,2025-02-26T17:36:24,2025-02-26T18:39:24,9.15,137.24,credit_card
TRIP01259,USR0143,SC0021,GDL,2024-05-17T19:08:43,2024-05-17T19:41:43,1.07,23.43,wallet
TRIP03384,USR0098,SC0066,Monterrey,2025-03-31T17:04:58,2025-03-31T18:09:58,9.1,105.09,cash
TRIP01903,USR0057,SC0114,CDMX,2024-12-20T15:50:23,2024-12-20T16:35:23,14.26,200.4,wallet
TRIP04378,USR0316,SC0156,cdmx,2025-06-18T17:28:08,2025-06-18T17:52:08,3.35,49.75,credit_card
TRIP01926,USR0185,SC0010,cdmx,2024-06-16T07:27:29,2024-06-16T08:44:29,8.17,125.36,wallet
TRIP03385,USR0342,SC0121,MTY,2024-03-01T16:59:45,2024-03-01T17:48:45,1.13,$18.81,debit_card
TRIP04995,USR0468,SC0196,GDL,2024-04-04T11:14:06,2024-04-04T12:32:06,4.06,$61.93,debit_card
TRIP01398,USR0063,SC0083,MTY,2024-08-26T09:16:06,2024-08-26T09:47:06,5.12,55.17,qr_code
TRIP00710,USR0445,SC0190,cdmx,2025-05-13T20:39:33,2025-05-13T22:04:33,11.91,107.56,credit_card
TRIP04887,USR0426,SC0071,Ciudad de Mexico,2024-04-14T13:43:38,2024-04-14T14:23:38,5.43,80.25,credit_card
TRIP02738,,SC0044,cdmx,2025-05-29T21:03:03,2025-05-29T21:26:03,12.76,165.63,wallet
TRIP03361,USR0108,SC0091,cdmx,2025-04-11T07:25:54,2025-04-11T08:25:54,13.51,174.01,debit_card
TRIP03330,USR0488,SC0123,MTY,2024-09-26T17:25:19,2024-09-26T18:09:19,8.89,91.09,cash
TRIP02719,USR0384,SC0027,cdmx,2025-06-16T17:57:00,2025-06-16T18:29:00,1.01,23.31,debit_card
TRIP00893,USR0275,SC0212,cdmx,2025-04-11T17:19:49,2025-04-11T18:30:49,4.59,49.21,wallet
TRIP00443,USR0497,SC0096,cdmx,2025-05-16T22:04:26,2025-05-16T22:13:26,14.02,144.54,cash
TRIP03730,USR0341,SC0184,CDMX,2024-09-30T08:38:05,2024-09-30T09:39:05,12.58,$178.94,qr_code
TRIP04986,USR0083,SC0025,Guadalajara,2024-04-19T18:26:17,2024-04-19T19:22:17,8.66,142.8,wallet
TRIP01863,USR0119,SC0028,CDMX,2024-01-17T20:45:55,2024-01-17T21:06:55,1.05,23.48,qr_code
TRIP00721,USR0083,SC0015,MTY,2025-05-20T18:39:48,2025-05-20T19:39:48,10.88,$104.12,qr_code
TRIP04759,USR0480,SC0142,Monterrey,2024-11-22T18:38:23,2024-11-22T19:41:23,2.8,44.13,cash
TRIP03586,USR0059,SC0136,cdmx,2024-01-21T12:50:02,2024-01-21T13:54:02,8.02,121.88,credit_card
TRIP01610,USR0059,SC0081,MTY,2024-11-23T18:51:50,2024-11-23T19:54:50,12.1,155.16,qr_code
TRIP04304,USR0497,SC0045,CDMX,2024-12-31T08:56:11,2024-12-31T10:21:11,13.22,174.66,credit_card
TRIP02723,USR0011,SC0128,GDL,2024-12-04T08:03:56,2024-12-04T08:48:56,1.9,30.83,wallet
TRIP03953,USR0263,SC0102,MTY,2024-08-08T08:19:47,2024-08-08T09:40:47,7.63,68.4,debit_card
TRIP04814,USR0045,SC0211,cdmx,2024-02-10T17:17:23,2024-02-10T17:36:23,9.86,163.58,wallet
TRIP00940,USR0044,SC0025,Guadalajara,2025-05-09T18:49:54,2025-05-09T20:04:54,4.99,84.01,credit_card
TRIP01608,USR0243,SC0120,Ciudad de Mexico,2025-03-08T19:28:47,2025-03-08T20:12:47,5.52,74.15,cash
TRIP01761,USR0181,SC0172,MTY,2024-08-03T10:32:04,2024-08-03T10:44:04,10.13,129.35,wallet
TRIP03326,USR0278,SC0060,CDMX,2024-12-11T22:10:39,2024-12-11T23:30:39,11.32,172.7,credit_card
TRIP03389,USR0350,SC0082,CDMX,2024-12-12T05:44:43,2024-12-12T06:14:43,14.19,160.74,credit_card
TRIP02212,USR0114,SC0110,GDL,2024-01-31T08:13:57,2024-01-31T08:26:57,2.15,31.6,debit_card
TRIP03621,USR0029,SC0171,Guadalajara,2024-12-09T22:45:22,2024-12-09T23:57:22,12.06,119.79,credit_card
TRIP01677,USR0091,SC0189,CDMX,2024-07-31T08:14:45,2024-07-31T09:19:45,10.86,104.07,debit_card
TRIP03422,USR0299,SC0097,GDL,2024-05-14T14:09:39,2024-05-14T15:35:39,13.41,209.63,qr_code
TRIP02972,USR0401,SC0038,Monterrey,2024-06-10T17:52:05,2024-06-10T19:02:05,13.81,153.1,cash
TRIP04261,USR0298,SC0129,GDL,2025-02-28T17:31:27,2025-02-28T18:58:27,5.03,$83.86,wallet
TRIP02197,USR0187,SC0019,Guadalajara,2024-03-28T21:16:39,2024-03-28T21:57:39,9.5,130.5,cash
TRIP01738,USR0175,SC0145,Ciudad de Mexico,2025-03-06T05:48:33,2025-03-06T06:36:33,14.16,182.73,qr_code
TRIP00398,USR0253,SC0135,Ciudad de Mexico,2024-10-02T13:26:04,2024-10-02T14:32:04,13.75,125.1,credit_card
TRIP02884,,SC0003,CDMX,2024-04-22T20:28:16,2024-04-22T20:57:16,11.11,102.34,debit_card
TRIP02596,USR0046,SC0115,Guadalajara,2024-03-04T11:26:43,2024-03-04T11:38:43,5.17,72.55,debit_card
TRIP01272,USR0220,SC0047,cdmx,2024-09-27T12:12:17,2024-09-27T12:39:17,8.96,105.61,wallet
TRIP02291,USR0427,SC0028,Ciudad de Mexico,2024-09-02T12:20:03,2024-09-02T13:37:03,10.13,151.45,qr_code
TRIP01006,USR0309,SC0128,GDL,2024-12-02T05:32:43,2024-12-02T06:51:43,2.31,$26.03,credit_card
TRIP00140,USR0276,SC0056,Monterrey,2024-03-26T14:13:51,2024-03-26T14:37:51,9.7,$149.48,wallet
TRIP00908,,SC0165,Guadalajara,2025-04-16T14:10:06,2025-04-16T14:26:06,10.08,141.62,cash
TRIP01776,USR0027,SC0111,GDL,2024-11-29T12:25:41,2024-11-29T13:55:41,12.47,150.73,credit_card
TRIP04768,USR0166,SC0130,Guadalajara,2025-05-09T09:59:41,2025-05-09T11:16:41,10.8,139.96,wallet
TRIP03364,USR0439,SC0176,CDMX,2024-04-08T08:27:46,2024-04-08T09:56:46,11.64,$123.00,credit_card
TRIP01702,USR0330,SC0020,cdmx,2024-05-14T17:49:14,2024-05-14T19:12:14,3.34,41.34,qr_code
TRIP01493,USR0290,SC0107,Ciudad de Mexico,2024-05-27T13:37:11,2024-05-27T14:38:11,1.3,22.96,debit_card
TRIP01988,USR0291,SC0097,GDL,2024-05-14T15:16:37,2024-05-14T15:58:37,12.31,172.07,wallet
TRIP04452,USR0428,SC0073,Guadalajara,2024-01-05T19:32:29,2024-01-05T20:13:29,3.22,$61.47,credit_card
TRIP02485,USR0320,SC0119,Monterrey,2024-07-03T17:30:25,2024-07-03T18:36:25,11.73,146.43,qr_code
TRIP01119,USR0347,SC0114,CDMX,2025-04-27T13:48:03,2025-04-27T14:22:03,2.03,31.98,qr_code
TRIP00221,USR0487,SC0040,MTY,2025-06-04T10:35:39,2025-06-04T10:46:39,0.58,12.19,wallet
TRIP04045,USR0444,SC0145,CDMX,2024-04-10T10:57:41,2024-04-10T12:12:41,9.09,136.34,wallet
TRIP01055,USR0119,SC0076,Ciudad de Mexico,2024-09-15T16:02:25,2024-09-15T17:08:25,6.62,105.79,debit_card
TRIP04732,USR0019,SC0038,MTY,2025-06-06T22:15:52,2025-06-06T23:36:52,11.82,127.03,credit_card
TRIP01336,USR0370,SC0124,MTY,2025-05-01T20:48:07,2025-05-01T21:08:07,2.53,38.5,wallet
TRIP04050,USR0272,SC0008,Ciudad de Mexico,2024-12-13T12:21:44,2024-12-13T13:39:44,3.31,61.48,cash
TRIP02863,USR0453,SC0028,CDMX,2024-03-25T07:03:03,2024-03-25T07:26:03,8.02,82.42,wallet
TRIP00819,USR0099,SC0061,Guadalajara,2024-07-02T08:08:18,2024-07-02T09:11:18,9.47,93.73,cash
TRIP03286,USR0285,SC0005,Monterrey,2025-06-19T18:21:28,2025-06-19T18:59:28,2.25,37.36,wallet
TRIP02652,USR0076,SC0072,Guadalajara,2025-04-15T11:14:08,2025-04-15T11:56:08,0.0,61.26,wallet
TRIP00072,USR0098,SC0192,CDMX,2024-12-05T18:27:56,2024-12-05T19:23:56,6.11,102.97,qr_code
TRIP03942,USR0483,SC0044,CDMX,2024-09-03T20:40:55,2024-09-03T21:45:55,3.21,62.31,wallet
TRIP02261,USR0427,SC0100,GDL,2025-02-27T20:43:43,2025-02-27T21:33:43,3.29,50.17,credit_card
TRIP02370,USR0405,SC0125,CDMX,2024-10-12T06:08:23,2024-10-12T06:51:23,7.47,87.22,wallet
TRIP01451,USR0326,SC0140,Ciudad de Mexico,2024-11-26T19:41:07,2024-11-26T21:04:07,5.35,63.94,credit_card
TRIP00567,USR0048,SC0059,CDMX,2024-09-12T06:08:28,2024-09-12T06:36:28,9.24,151.48,wallet
TRIP01489,USR0225,SC0073,GDL,2024-04-29T23:24:01,2024-04-30T00:12:01,1.25,32.93,cash
TRIP00944,USR0267,SC0119,MTY,2024-05-01T23:42:41,2024-05-02T00:49:41,0.94,24.23,credit_card
TRIP02728,USR0112,SC0100,GDL,2024-06-01T09:40:28,2024-06-01T10:00:28,7.49,$110.68,wallet
TRIP03306,USR0076,SC0015,Monterrey,2024-09-17T07:17:01,2024-09-17T08:21:01,13.02,207.12,qr_code
TRIP00716,USR0263,SC0168,MTY,2025-03-10T10:22:46,2025-03-10T11:00:46,4.37,$81.68,cash
TRIP00548,USR0074,SC0051,CDMX,2025-03-18T07:14:02,2025-03-18T08:19:02,10.34,121.66,cash
TRIP00160,USR0355,SC0068,cdmx,2024-02-19T18:10:56,2024-02-19T19:07:56,8.42,85.53,debit_card
TRIP01659,USR0211,SC0195,CDMX,2024-01-20T18:40:16,2024-01-20T19:56:16,14.44,203.2,debit_card
TRIP02140,USR0095,SC0133,GDL,2025-06-27T20:03:34,2025-06-27T20:35:34,6.17,104.63,cash
TRIP02523,USR0222,SC0200,Guadalajara,2024-11-15T19:32:56,2024-11-15T19:51:56,14.34,206.92,debit_card
TRIP02018,USR0385,SC0140,cdmx,2024-10-07T09:04:18,2024-10-07T09:09:18,9.42,155.72,qr_code
TRIP01130,USR0398,SC0114,CDMX,2024-10-30T19:32:54,2024-10-30T20:18:54,6.06,62.94,wallet
TRIP03886,USR0083,SC0102,Monterrey,2024-03-04T17:39:35,2024-03-04T18:48:35,3.31,$48.84,debit_card
TRIP03222,USR0439,SC0148,MTY,2025-02-13T20:05:54,2025-02-13T20:54:54,2.36,33.61,cash
TRIP03045,USR0234,SC0153,CDMX,2025-01-19T07:48:50,2025-01-19T08:17:50,12.39,119.59,credit_card
TRIP02958,USR0068,SC0112,CDMX,2025-06-09T00:32:09,2025-06-09T00:47:09,13.24,149.25,credit_card
TRIP03351,USR0419,SC0037,Guadalajara,2024-11-13T19:58:43,2024-11-13T20:07:43,2.67,46.84,qr_code
TRIP03705,USR0238,SC0140,CDMX,2025-05-05T19:33:58,2025-05-05T20:58:58,10.19,159.7,qr_code
TRIP00144,USR0440,SC0130,Guadalajara,2024-08-17T12:46:20,2024-08-17T13:25:20,2.23,34.14,qr_code
TRIP01411,USR0282,SC0098,MTY,2024-10-18T16:25:42,2024-10-18T17:18:42,7.02,96.33,wallet
TRIP03566,USR0103,SC0141,CDMX,2025-01-10T18:03:27,2025-01-10T18:57:27,4.43,72.55,credit_card
TRIP01878,USR0398,SC0043,CDMX,2025-01-07T13:11:04,2025-01-07T13:35:04,0.0,64.21,qr_code
TRIP02483,USR0043,SC0077,Guadalajara,2024-04-09T12:11:03,2024-04-09T13:27:03,6.77,73.79,credit_card
TRIP04237,USR0495,SC0148,Monterrey,2024-08-26T10:46:44,2024-08-26T11:39:44,4.3,49.3,credit_card
TRIP00961,USR0490,SC0024,cdmx,2024-03-08T22:18:43,2024-03-08T23:42:43,10.96,121.73,cash
TRIP01885,USR0008,SC0028,Ciudad de Mexico,2024-05-21T00:45:17,2024-05-21T01:55:17,6.59,107.57,cash
TRIP03689,USR0307,SC0045,cdmx,2025-06-08T04:51:58,2025-06-08T05:40:58,3.51,36.8,qr_code
TRIP00795,USR0491,SC0198,CDMX,2024-10-07T19:26:01,2024-10-07T20:35:01,11.62,173.59,wallet
TRIP04855,USR0073,SC0107,Ciudad de Mexico,2024-03-25T08:01:00,2024-03-25T08:22:00,6.12,69.64,cash
TRIP03888,USR0165,SC0120,CDMX,2025-06-06T19:12:07,2025-06-06T19:44:07,12.25,191.81,cash
TRIP04684,USR0209,SC0051,cdmx,2025-04-04T12:54:04,2025-04-04T13:39:04,11.45,147.24,debit_card
TRIP01722,USR0403,SC0117,CDMX,2024-06-17T19:29:01,2024-06-17T19:45:01,3.49,51.78,qr_code
TRIP00152,USR0371,SC0008,Ciudad de Mexico,2024-06-25T20:17:17,2024-06-25T21:19:17,9.48,101.58,qr_code
TRIP00491,USR0037,SC0144,Guadalajara,2025-02-16T14:46:48,2025-02-16T14:52:48,0.8,27.48,credit_card
TRIP01678,USR0018,SC0093,MTY,2024-01-12T08:56:48,2024-01-12T09:26:48,8.29,121.52,wallet
TRIP03608,USR0253,SC0003,Ciudad de Mexico,2025-04-21T21:48:27,2025-04-21T22:03:27,3.22,49.61,debit_card
TRIP04177,USR0269,SC0119,Monterrey,2024-03-08T17:39:15,2024-03-08T18:34:15,6.14,89.36,credit_card
TRIP00284,USR0434,SC0191,cdmx,2024-05-10T11:45:50,2024-05-10T12:03:50,11.99,151.65,qr_code
TRIP02155,USR0046,SC0128,GDL,2024-04-16T19:07:06,2024-04-16T19:28:06,12.93,176.43,credit_card
TRIP04160,USR0196,SC0003,CDMX,2024-01-07T17:49:41,2024-01-07T18:15:41,11.43,112.71,wallet
TRIP03095,USR0053,SC0112,Ciudad de Mexico,2025-06-03T18:58:19,2025-06-03T20:07:19,12.12,154.03,wallet
TRIP02469,USR0072,SC0163,Ciudad de Mexico,2024-03-09T08:55:03,2024-03-09T10:25:03,14.93,147.22,cash
TRIP03703,USR0101,SC0142,Monterrey,2025-06-17T17:14:20,2025-06-17T18:26:20,8.47,121.55,qr_code
TRIP02690,USR0270,SC0197,Monterrey,2025-03-03T17:06:05,2025-03-03T17:50:05,7.15,82.6,wallet
TRIP04906,USR0013,SC0036,Monterrey,2025-03-15T13:34:48,2025-03-15T13:40:48,14.04,155.21,wallet
TRIP00625,USR0041,SC0111,GDL,2024-09-21T18:46:55,2024-09-21T19:49:55,1.08,$27.11,qr_code
TRIP02350,USR0293,SC0121,Monterrey,2024-11-20T18:37:33,2024-11-20T19:01:33,3.03,48.03,wallet
TRIP04482,USR0334,SC0101,Ciudad de Mexico,2024-04-06T14:30:53,2024-04-06T14:47:53,11.8,185.46,wallet
TRIP00125,USR0101,SC0055,Monterrey,2025-05-16T16:38:24,2025-05-16T18:01:24,5.6,70.34,cash
TRIP01215,USR0126,SC0034,Guadalajara,2024-07-09T16:27:31,2024-07-09T17:02:31,2.58,48.88,debit_card
TRIP00046,USR0392,SC0121,Monterrey,2024-08-26T07:57:38,2024-08-26T08:02:38,14.82,191.58,credit_card
TRIP00310,USR0046,SC0168,MTY,2024-11-04T00:15:12,2024-11-04T00:35:12,9.47,152.75,wallet
TRIP02859,USR0366,SC0152,MTY,2024-11-28T21:25:11,2024-11-28T21:48:11,4.3,53.04,cash
TRIP04338,USR0495,SC0127,CDMX,2024-01-19T17:25:50,2024-01-19T18:38:50,11.62,173.86,debit_card
TRIP02797,USR0349,SC0169,CDMX,2024-05-27T15:02:35,2024-05-27T16:27:35,5.29,68.27,cash
TRIP04350,USR0190,SC0180,cdmx,2024-05-22T12:39:37,2024-05-22T13:54:37,9.24,114.94,qr_code
TRIP03597,USR0429,SC0101,CDMX,2025-04-03T08:03:56,2025-04-03T08:13:56,13.06,205.91,debit_card
TRIP02050,USR0365,SC0093,Monterrey,2025-03-21T09:41:00,2025-03-21T10:27:00,4.53,70.91,wallet
TRIP03355,USR0153,SC0018,MTY,2024-11-11T19:10:10,2024-11-11T19:37:10,14.3,212.85,credit_card
TRIP02902,USR0268,SC0181,Monterrey,2025-01-22T06:24:25,2025-01-22T07:21:25,6.08,102.3,wallet
TRIP02256,USR0427,SC0045,CDMX,2025-02-24T08:23:00,2025-02-24T09:50:00,1.62,33.47,wallet
TRIP00266,USR0203,SC0021,Guadalajara,2025-01-31T16:03:12,2025-01-31T16:45:12,11.72,124.71,credit_card
TRIP02980,USR0387,SC0036,MTY,2024-12-21T22:10:06,2024-12-21T23:05:06,11.19,177.19,cash
TRIP04259,USR0419,SC0116,Guadalajara,2024-10-22T18:31:22,2024-10-22T19:49:22,8.49,111.89,qr_code
TRIP04533,USR0396,SC0105,CDMX,2025-05-23T15:16:45,2025-05-23T15:37:45,12.59,133.1,wallet
TRIP02227,USR0344,SC0111,Guadalajara,2025-02-28T02:35:34,2025-02-28T02:44:34,10.04,153.74,debit_card
TRIP00309,USR0046,SC0155,CDMX,2024-10-17T18:49:30,2024-10-17T19:10:30,8.08,107.02,credit_card
TRIP02152,USR0347,SC0061,GDL,2024-11-19T21:33:39,2024-11-19T22:45:39,6.32,$100.73,credit_card
TRIP01880,USR0358,SC0008,Ciudad de Mexico,2024-10-02T20:15:52,2024-10-02T21:41:52,2.31,38.32,cash
TRIP03148,USR0251,SC0109,cdmx,2025-01-29T11:30:15,2025-01-29T11:04:15,5.74,51.5,credit_card
TRIP04169,USR0393,SC0105,CDMX,2025-01-11T08:30:09,2025-01-11T09:35:09,0.56,19.91,cash
TRIP03763,USR0230,SC0128,Guadalajara,2025-03-09T13:40:39,2025-03-09T13:55:39,14.98,138.18,credit_card
TRIP04368,USR0345,SC0023,Ciudad de Mexico,2024-03-04T19:01:42,2024-03-04T20:03:42,1.77,33.61,qr_code
TRIP00280,USR0108,SC0038,MTY,2024-10-20T09:28:42,2024-10-20T09:48:42,2.16,45.16,qr_code
TRIP01113,USR0280,SC0106,MTY,2024-05-30T00:42:27,2024-05-30T01:16:27,9.01,108.33,debit_card
TRIP03240,USR0081,SC0100,GDL,2025-05-29T17:09:29,2025-05-29T17:28:29,6.67,91.73,debit_card
TRIP04615,USR0029,SC0136,cdmx,2025-05-22T14:38:31,2025-05-22T15:44:31,8.44,136.75,credit_card
TRIP00216,USR0086,SC0048,Ciudad de Mexico,2024-08-09T23:55:30,2024-08-10T00:21:30,2.57,47.55,qr_code
TRIP01402,USR0121,SC0062,Monterrey,2024-01-15T14:41:50,2024-01-15T15:25:50,11.53,154.65,credit_card
TRIP04498,USR0390,SC0009,CDMX,2024-03-13T07:57:15,2024-03-13T09:14:15,14.86,$206.95,credit_card
TRIP01209,USR0009,SC0028,CDMX,2024-12-24T09:53:54,2024-12-24T10:34:54,6.39,103.86,debit_card
TRIP00222,USR0041,SC0184,cdmx,2025-06-17T21:03:49,2025-06-17T21:30:49,3.42,60.14,credit_card
TRIP03855,USR0474,SC0020,Ciudad de Mexico,2025-06-18T13:08:18,2025-06-18T14:19:18,6.93,108.44,qr_code
TRIP04599,USR0040,SC0144,GDL,2025-05-13T06:35:17,2025-05-13T07:49:17,14.11,226.31,wallet
TRIP03277,USR0267,SC0057,CDMX,2025-06-10T09:10:58,2025-06-10T10:30:58,7.7,89.03,cash
TRIP04918,USR0325,SC0146,cdmx,2025-05-09T12:15:21,2025-05-09T13:22:21,1.97,41.09,credit_card
TRIP00575,USR0336,SC0165,Guadalajara,2025-03-26T06:45:14,2025-03-26T06:57:14,14.64,136.45,qr_code
TRIP00131,USR0065,SC0039,GDL,2024-09-12T09:15:48,2024-09-12T10:10:48,4.4,59.74,credit_card
TRIP02418,USR0160,SC0069,Ciudad de Mexico,2024-04-11T18:41:06,2024-04-11T18:50:06,11.75,178.62,credit_card
TRIP01653,USR0137,SC0041,MTY,2024-05-13T08:29:21,2024-05-13T09:18:21,7.47,70.61,credit_card
TRIP03128,USR0135,SC0001,Monterrey,2024-02-21T18:50:00,2024-02-21T19:23:00,9.82,89.58,wallet
TRIP04930,USR0119,SC0152,Monterrey,2024-05-17T14:48:10,2024-05-17T14:57:10,3.15,56.83,qr_code
TRIP02476,USR0118,SC0022,Monterrey,2024-04-17T07:05:58,2024-04-17T08:05:58,12.77,141.32,cash
TRIP01782,USR0463,SC0072,GDL,2024-02-15T19:40:30,2024-02-15T20:46:30,5.81,$66.88,debit_card
TRIP03782,USR0155,SC0018,MTY,2025-01-03T07:03:59,2025-01-03T08:10:59,14.13,$181.88,cash
TRIP04988,USR0223,SC0020,CDMX,2024-03-18T06:31:00,2024-03-18T06:57:00,10.26,144.75,qr_code
TRIP00269,USR0290,SC0044,CDMX,2024-02-22T09:49:28,2024-02-22T10:30:28,2.41,37.04,wallet
TRIP03076,USR0437,SC0079,Ciudad de Mexico,2025-06-18T16:32:53,2025-06-18T18:00:53,3.31,40.2,debit_card
TRIP04849,USR0288,SC0123,Monterrey,2024-08-24T20:54:02,2024-08-24T21:06:02,2.51,49.68,credit_card
TRIP02517,USR0093,SC0187,Guadalajara,2024-07-04T13:41:56,2024-07-04T14:56:56,10.46,$108.82,cash
TRIP00409,USR0227,SC0123,Monterrey,2025-03-18T17:35:03,2025-03-18T18:17:03,9.45,120.76,qr_code
TRIP02924,USR0464,SC0042,Ciudad de Mexico,2024-09-15T12:28:55,2024-09-15T13:44:55,11.32,111.89,debit_card
TRIP03508,USR0380,SC0045,CDMX,2025-04-11T16:16:01,2025-04-11T17:17:01,2.17,37.76,wallet
TRIP01865,USR0267,SC0157,CDMX,2025-03-04T15:05:52,2025-03-04T15:54:52,6.0,$84.92,debit_card
TRIP00167,USR0167,SC0137,Ciudad de Mexico,2025-04-14T01:44:39,2025-04-14T03:04:39,6.51,72.65,credit_card
TRIP01662,USR0061,SC0148,Monterrey,2024-08-05T19:27:17,2024-08-05T20:37:17,10.46,$139.42,credit_card
TRIP02766,USR0201,SC0145,CDMX,2025-02-12T20:31:27,2025-02-12T21:31:27,5.61,75.95,cash
TRIP02852,USR0392,SC0071,CDMX,2024-03-16T19:53:49,2024-03-16T20:46:49,13.66,197.24,wallet
TRIP00973,USR0452,SC0025,GDL,2024-04-08T07:46:48,2024-04-08T08:52:48,8.49,117.52,debit_card
TRIP03547,USR0384,SC0087,GDL,2024-05-30T12:23:59,2024-05-30T13:44:59,8.98,80.32,credit_card
TRIP00145,USR0239,SC0100,GDL,2024-12-01T12:23:12,2024-12-01T13:05:12,9.53,121.06,debit_card
TRIP03282,USR0227,SC0077,Guadalajara,2024-07-17T11:44:16,2024-07-17T12:53:16,8.19,131.04,wallet
TRIP01176,USR0335,SC0111,Guadalajara,2024-01-02T12:02:07,2024-01-02T13:07:07,2.76,39.91,debit_card
TRIP01045,,SC0175,Guadalajara,2025-06-19T17:17:15,2025-06-19T17:31:15,6.95,87.44,credit_card
TRIP04515,USR0211,SC0074,CDMX,2025-01-05T18:30:08,2025-01-05T19:06:08,14.95,148.18,wallet
TRIP01910,USR0079,SC0181,MTY,2025-06-12T07:00:36,2025-06-12T07:25:36,5.23,78.73,qr_code
TRIP00410,USR0220,SC0160,cdmx,2024-04-13T20:50:01,2024-04-13T21:53:01,2.07,32.44,debit_card
TRIP00415,USR0146,SC0069,CDMX,2024-06-27T15:11:12,2024-06-27T15:18:12,1.97,34.28,credit_card
TRIP03026,USR0204,SC0112,cdmx,2025-04-22T05:06:31,2025-04-22T05:32:31,9.42,109.49,debit_card
TRIP03460,USR0184,SC0127,Ciudad de Mexico,2024-04-13T10:38:38,2024-04-13T11:35:38,7.47,88.78,qr_code
TRIP00837,USR0049,SC0135,cdmx,2024-04-24T19:33:59,2024-04-24T19:39:59,7.35,103.92,qr_code
TRIP01090,USR0473,SC0071,cdmx,2025-05-22T08:51:04,2025-05-22T09:56:04,4.94,73.34,debit_card
TRIP03777,USR0021,SC0209,Monterrey,2025-06-13T09:42:26,2025-06-13T11:00:26,7.44,78.28,wallet
TRIP01913,USR0014,SC0092,Monterrey,2024-12-02T06:34:29,2024-12-02T07:47:29,10.02,143.92,credit_card
TRIP02762,USR0084,SC0141,cdmx,2024-01-14T11:51:12,2024-01-14T12:19:12,2.72,38.5,qr_code
TRIP03877,USR0438,SC0019,Guadalajara,2025-03-17T15:54:47,2025-03-17T17:02:47,0.0,$37.41,cash
TRIP04074,USR0298,SC0122,Monterrey,2025-06-14T07:21:51,2025-06-14T08:05:51,14.81,201.3,qr_code
TRIP04612,USR0011,SC0129,GDL,2024-09-15T11:24:10,2024-09-15T12:28:10,10.8,$129.91,debit_card
TRIP01159,USR0445,SC0130,Guadalajara,2024-04-27T20:39:16,2024-04-27T21:20:16,4.85,86.4,cash
TRIP02243,USR0378,SC0110,Guadalajara,2024-07-26T05:13:31,2024-07-26T05:42:31,11.73,181.2,credit_card
TRIP00220,USR0334,SC0069,CDMX,2025-02-27T15:11:23,2025-02-27T16:27:23,4.95,67.11,credit_card
TRIP03418,USR0500,SC0139,MTY,2025-03-20T18:43:06,2025-03-20T19:49:06,6.3,82.74,cash
TRIP00238,USR0378,SC0095,CDMX,2024-08-13T12:15:33,2024-08-13T13:38:33,4.63,78.25,credit_card
TRIP00805,USR0052,SC0189,Ciudad de Mexico,2025-03-06T10:47:03,2025-03-06T11:09:03,9.03,91.15,cash
TRIP03085,USR0019,SC0133,GDL,2025-04-03T18:23:42,2025-04-03T19:23:42,13.77,184.49,cash
TRIP04382,USR0213,SC0189,CDMX,2025-01-19T16:22:24,2025-01-19T16:33:24,8.06,$77.97,qr_code
TRIP03247,USR0445,SC0130,Guadalajara,2025-01-21T22:13:02,2025-01-21T23:33:02,13.74,213.93,cash
TRIP00723,USR0451,SC0195,cdmx,2025-04-20T07:48:24,2025-04-20T08:46:24,11.93,145.35,cash
TRIP03574,USR0132,SC0094,Ciudad de Mexico,2025-06-06T09:17:26,2025-06-06T09:34:26,9.71,112.26,qr_code
TRIP00780,USR0370,SC0043,Ciudad de Mexico,2024-07-20T11:25:14,2024-07-20T11:35:14,2.43,34.46,debit_card
TRIP01657,USR0398,SC0041,Monterrey,2025-06-19T15:58:17,2025-06-19T16:19:17,11.04,163.67,wallet
TRIP01652,USR0281,SC0051,Ciudad de Mexico,2024-07-16T08:01:02,2024-07-16T08:39:02,6.87,91.11,cash
TRIP01436,USR0046,SC0024,cdmx,2025-02-21T15:42:49,2025-02-21T16:27:49,12.67,155.93,cash
TRIP02401,USR0002,SC0101,cdmx,2025-04-24T09:22:12,2025-04-24T10:45:12,10.82,166.56,credit_card
TRIP04025,USR0042,SC0004,cdmx,2024-11-21T10:50:52,2024-11-21T11:05:52,3.89,56.91,wallet
TRIP02126,USR0019,SC0036,Monterrey,2024-03-25T20:16:28,2024-03-25T20:32:28,12.8,132.49,cash
TRIP03538,USR0209,SC0175,Guadalajara,2024-12-17T18:19:18,2024-12-17T18:58:18,14.94,225.99,debit_card
TRIP01773,USR0199,SC0169,Ciudad de Mexico,2024-03-31T21:24:52,2024-03-31T22:47:52,9.44,104.03,wallet
TRIP03285,,SC0057,CDMX,2025-04-22T11:06:44,2025-04-22T12:29:44,9.43,131.36,qr_code
TRIP01526,USR0322,SC0194,Guadalajara,2025-01-25T11:35:34,2025-01-25T12:00:34,1.0,18.7,credit_card
TRIP00492,USR0481,SC0003,CDMX,2024-04-18T18:54:45,2024-04-18T19:09:45,8.66,103.66,debit_card
TRIP01115,USR0442,SC0179,Ciudad de Mexico,2025-02-15T16:33:27,2025-02-15T16:38:27,2.56,47.89,credit_card
TRIP03984,USR0353,SC0046,Ciudad de Mexico,2025-03-19T14:41:36,2025-03-19T15:59:36,3.18,48.37,credit_card
TRIP02141,USR0101,SC0176,CDMX,2025-04-09T09:12:37,2025-04-09T09:19:37,13.46,140.99,wallet
TRIP04819,USR0040,SC0079,Ciudad de Mexico,2024-12-06T04:16:02,2024-12-06T04:55:02,5.58,84.27,qr_code
TRIP04582,USR0114,SC0026,Ciudad de Mexico,2025-03-25T09:16:22,2025-03-25T10:39:22,5.68,97.88,qr_code
TRIP02943,USR0498,SC0038,Monterrey,2024-03-28T16:48:10,2024-03-28T17:42:10,11.55,$168.55,cash
TRIP02578,USR0316,SC0123,Monterrey,2025-05-29T20:26:58,2025-05-29T20:40:58,12.09,171.48,credit_card
TRIP04657,USR0389,SC0028,CDMX,2024-05-10T12:09:45,2024-05-10T12:30:45,12.86,182.29,cash
TRIP01513,USR0157,SC0119,MTY,2024-09-05T21:41:48,2024-09-05T22:27:48,13.72,168.13,cash
TRIP01629,USR0211,SC0184,cdmx,2025-04-14T09:06:26,2025-04-14T10:12:26,14.34,164.58,cash
TRIP03468,USR0293,SC0023,Ciudad de Mexico,2024-11-19T17:27:52,2024-11-19T18:04:52,12.49,$133.36,debit_card
TRIP04614,USR0136,SC0199,Guadalajara,2024-04-26T16:20:17,2024-04-26T16:54:17,13.29,179.97,debit_card
TRIP03627,USR0137,SC0126,CDMX,2024-03-13T15:42:04,2024-03-13T16:16:04,1.03,27.36,qr_code
TRIP03992,USR0078,SC0004,CDMX,2024-07-30T08:07:36,2024-07-30T08:25:36,12.1,144.76,debit_card
TRIP01346,USR0460,SC0003,Ciudad de Mexico,2024-04-01T06:02:37,2024-04-01T06:13:37,3.9,59.11,cash
TRIP02997,USR0265,SC0142,Monterrey,2024-01-17T16:38:30,2024-01-17T16:17:30,11.99,116.6,cash
TRIP04022,USR0397,SC0163,Ciudad de Mexico,2024-05-19T21:15:21,2024-05-19T22:13:21,4.67,60.03,wallet
TRIP02635,USR0450,SC0045,cdmx,2024-08-01T09:10:17,2024-08-01T09:25:17,10.2,160.74,qr_code
TRIP04847,USR0333,SC0189,CDMX,2025-05-19T08:04:37,2025-05-19T09:26:37,5.7,97.21,wallet
TRIP04288,USR0108,SC0150,Ciudad de Mexico,2025-04-18T09:43:08,2025-04-18T11:06:08,0.8,18.84,qr_code
TRIP03124,USR0024,SC0118,MTY,2025-04-29T09:42:33,2025-04-29T11:02:33,7.58,113.79,debit_card
TRIP04140,,SC0072,GDL,2024-08-26T08:58:03,2024-08-26T08:56:03,0.67,$11.69,qr_code
TRIP04808,,SC0075,MTY,2025-03-11T12:25:34,2025-03-11T13:47:34,7.99,119.74,debit_card
TRIP01504,USR0176,SC0024,Ciudad de Mexico,2025-04-16T10:46:06,2025-04-16T12:03:06,12.78,152.47,cash
TRIP03337,USR0258,SC0134,GDL,2024-04-23T13:44:56,2024-04-23T15:01:56,9.95,142.0,wallet
TRIP02232,USR0320,SC0099,Guadalajara,2024-10-16T16:03:40,2024-10-16T16:48:40,1.34,22.02,qr_code
TRIP00397,USR0209,SC0012,Monterrey,2024-11-29T17:19:24,2024-11-29T17:36:24,5.2,72.68,debit_card
TRIP00792,USR0395,SC0224,Guadalajara,2025-01-16T07:49:52,2025-01-16T08:58:52,10.37,161.39,wallet
TRIP04723,USR0177,SC0040,MTY,2025-06-09T21:41:21,2025-06-09T22:13:21,7.69,106.51,qr_code
TRIP00041,USR0152,SC0088,Monterrey,2024-06-28T18:56:23,2024-06-28T20:08:23,2.89,60.77,cash
TRIP02623,USR0172,SC0048,Ciudad de Mexico,2024-06-27T17:18:16,2024-06-27T18:11:16,2.45,36.7,credit_card
TRIP00429,USR0123,SC0045,Ciudad de Mexico,2024-10-07T14:42:58,2024-10-07T14:55:58,3.65,61.69,cash
TRIP02542,USR0145,SC0046,cdmx,2024-09-27T17:20:12,2024-09-27T18:30:12,8.79,119.88,credit_card
TRIP01420,USR0155,SC0115,Guadalajara,2025-04-17T12:43:26,2025-04-17T13:05:26,6.95,76.45,qr_code
TRIP00897,USR0044,SC0155,Ciudad de Mexico,2024-01-23T07:55:18,2024-01-23T09:07:18,5.46,71.62,credit_card
TRIP00551,USR0279,SC0058,MTY,2025-02-06T17:29:51,2025-02-06T18:40:51,1.29,32.56,credit_card
TRIP00456,USR0303,SC0182,Monterrey,2024-05-09T16:14:06,2024-05-09T15:46:06,2.6,55.52,wallet
TRIP01731,USR0294,SC0026,Ciudad de Mexico,2025-02-23T17:21:36,2025-02-23T18:29:36,6.7,89.01,cash
TRIP02008,USR0382,SC0095,Ciudad de Mexico,2024-07-26T19:49:34,2024-07-26T21:07:34,14.59,162.63,credit_card
TRIP04392,USR0053,SC0054,Guadalajara,2024-04-21T17:46:49,2024-04-21T18:55:49,13.23,133.33,qr_code
TRIP00936,USR0258,SC0068,Ciudad de Mexico,2025-06-24T07:56:48,2025-06-24T09:17:48,5.06,67.97,cash
TRIP02775,USR0144,SC0177,Ciudad de Mexico,2025-01-02T18:34:31,2025-01-02T19:06:31,13.14,132.11,qr_code
TRIP00202,USR0350,SC0128,Guadalajara,2024-04-26T14:18:01,2024-04-26T15:29:01,12.14,140.64,debit_card
TRIP01138,USR0425,SC0109,cdmx,2025-04-06T19:01:58,2025-04-06T19:33:58,13.9,171.24,credit_card
TRIP04149,USR0078,SC0062,MTY,2024-01-29T09:49:40,2024-01-29T10:43:40,8.53,99.87,wallet
TRIP00052,USR0337,SC0056,Monterrey,2024-01-30T17:19:58,2024-01-30T18:07:58,2.58,38.56,credit_card
TRIP03956,USR0480,SC0029,Guadalajara,2025-02-25T06:17:01,2025-02-25T06:51:01,11.43,150.98,qr_code
TRIP03426,USR0388,SC0083,MTY,2024-05-29T08:43:53,2024-05-29T10:06:53,11.44,170.13,wallet
TRIP03729,USR0097,SC0067,Ciudad de Mexico,2025-02-06T16:30:13,2025-02-06T17:26:13,6.91,91.3,wallet
TRIP03109,USR0090,SC0060,Ciudad de Mexico,2024-11-04T06:38:43,2024-11-04T07:32:43,5.96,71.85,credit_card
TRIP01029,USR0379,SC0175,Guadalajara,2024-07-19T09:19:28,2024-07-19T09:26:28,7.74,$113.22,wallet
TRIP03044,USR0298,SC0101,Ciudad de Mexico,2025-05-12T10:09:55,2025-05-12T11:31:55,2.85,30.32,qr_code
TRIP00857,USR0372,SC0153,cdmx,2024-11-26T19:18:32,2024-11-26T19:28:32,4.49,75.74,cash
TRIP02108,USR0405,SC0025,GDL,2024-10-26T10:02:28,2024-10-26T10:24:28,9.34,158.18,credit_card
TRIP03837,USR0316,SC0117,CDMX,2025-04-20T08:19:47,2025-04-20T07:56:47,1.68,29.03,debit_card
TRIP01251,USR0059,SC0189,Ciudad de Mexico,2025-06-30T18:37:40,2025-06-30T19:38:40,6.97,76.6,cash
TRIP03475,USR0155,SC0073,Guadalajara,2024-03-25T18:29:40,2024-03-25T19:11:40,14.49,155.39,debit_card
TRIP04588,USR0227,SC0187,Guadalajara,2024-11-06T08:44:10,2024-11-06T09:29:10,6.02,76.72,wallet
TRIP00517,USR0392,SC0065,GDL,2025-04-14T08:38:10,2025-04-14T09:52:10,10.06,142.9,credit_card
TRIP02331,USR0143,SC0181,MTY,2025-05-06T13:52:22,2025-05-06T14:45:22,8.55,129.43,cash
TRIP01246,USR0277,SC0096,Ciudad de Mexico,2024-04-10T07:51:01,2024-04-10T09:19:01,0.0,52.14,qr_code
TRIP02607,USR0379,SC0153,cdmx,2024-02-12T16:36:15,2024-02-12T17:18:15,7.54,104.13,debit_card
TRIP01434,USR0361,SC0065,Guadalajara,2024-04-15T19:36:29,2024-04-15T20:11:29,12.69,$173.38,cash
TRIP00061,USR0470,SC0130,Guadalajara,2024-12-08T07:43:24,2024-12-08T08:24:24,14.48,$184.19,debit_card
TRIP00779,USR0189,SC0137,Ciudad de Mexico,2024-05-06T18:27:48,2024-05-06T19:37:48,11.07,138.46,wallet
TRIP00607,USR0286,SC0138,MTY,2024-12-22T19:54:29,2024-12-22T21:24:29,9.45,152.38,cash
TRIP04123,USR0466,SC0138,MTY,2024-01-08T10:17:24,2024-01-08T11:26:24,14.95,145.67,wallet
TRIP01205,USR0197,SC0141,CDMX,2024-11-04T11:52:35,2024-11-04T11:22:35,6.32,82.38,credit_card
TRIP02910,USR0324,SC0177,cdmx,2024-07-01T14:24:10,2024-07-01T15:40:10,13.41,148.14,wallet
TRIP01125,USR0024,SC0116,GDL,2024-03-13T17:48:51,2024-03-13T19:03:51,6.36,94.7,qr_code
TRIP04046,USR0343,SC0036,MTY,2024-05-22T20:16:42,2024-05-22T21:38:42,6.29,$67.22,wallet
TRIP04274,USR0072,SC0177,cdmx,2024-05-10T21:08:23,2024-05-10T22:25:23,7.63,$87.78,wallet
TRIP04954,USR0123,SC0198,cdmx,2025-06-21T11:17:46,2025-06-21T12:30:46,13.45,166.3,qr_code
TRIP03052,USR0090,SC0064,MTY,2025-06-13T07:10:39,2025-06-13T07:22:39,12.2,$128.21,cash
TRIP00862,USR0352,SC0119,MTY,2025-06-19T20:04:36,2025-06-19T20:26:36,7.12,92.17,cash
TRIP01496,USR0017,SC0069,Ciudad de Mexico,2024-09-16T19:21:18,2024-09-16T20:34:18,4.06,49.47,qr_code
TRIP01890,USR0045,SC0013,CDMX,2024-07-17T17:36:52,2024-07-17T18:11:52,1.65,40.86,credit_card
TRIP00821,USR0086,SC0137,CDMX,2025-03-11T19:28:17,2025-03-11T20:13:17,11.13,154.47,wallet
TRIP01805,USR0354,SC0090,Ciudad de Mexico,2024-05-24T12:03:39,2024-05-24T12:42:39,3.23,57.03,cash
TRIP01784,USR0090,SC0105,cdmx,2024-03-29T21:21:32,2024-03-29T21:28:32,7.08,80.33,debit_card
TRIP00088,USR0211,SC0159,cdmx,2024-03-04T14:35:20,2024-03-04T16:04:20,14.37,174.19,cash
TRIP02335,,SC0018,MTY,2025-04-14T10:31:18,2025-04-14T11:15:18,0.86,28.66,cash
TRIP00929,USR0452,SC0134,Guadalajara,2024-06-17T12:09:46,2024-06-17T12:28:46,8.17,94.84,debit_card
TRIP04065,USR0140,SC0166,cdmx,2025-02-12T18:21:56,2025-02-12T19:29:56,0.5,$10.03,credit_card
TRIP04907,USR0150,SC0145,Ciudad de Mexico,2024-03-24T09:06:04,2024-03-24T09:26:04,8.69,109.04,cash
TRIP03917,USR0045,SC0189,cdmx,2024-08-10T13:31:01,2024-08-10T14:01:01,9.53,149.16,credit_card
TRIP01222,USR0346,SC0112,cdmx,2025-04-29T10:10:27,2025-04-29T11:13:27,13.93,204.98,credit_card
TRIP02176,USR0107,SC0139,Monterrey,2024-09-13T11:19:53,2024-09-13T12:10:53,12.92,188.39,debit_card
TRIP00810,USR0403,SC0094,CDMX,2024-10-08T08:40:09,2024-10-08T09:11:09,10.15,157.11,cash
TRIP03718,USR0173,SC0159,cdmx,2024-08-30T06:01:33,2024-08-30T06:46:33,10.36,$157.07,qr_code
TRIP00916,USR0399,SC0141,Ciudad de Mexico,2025-02-13T13:39:02,2025-02-13T14:39:02,7.45,127.55,qr_code
TRIP00740,USR0374,SC0061,GDL,2024-04-09T08:12:27,2024-04-09T09:04:27,0.82,29.46,cash
TRIP02071,USR0089,SC0195,cdmx,2024-03-27T12:45:30,2024-03-27T14:09:30,3.23,65.93,cash
TRIP01363,USR0306,SC0141,Ciudad de Mexico,2024-02-02T18:50:19,2024-02-02T19:35:19,10.95,146.25,debit_card
TRIP01202,USR0142,SC0146,CDMX,2025-02-12T17:07:38,2025-02-12T18:35:38,7.09,110.47,cash
TRIP04377,USR0183,SC0159,cdmx,2024-03-06T13:43:34,2024-03-06T14:06:34,12.12,183.01,cash
TRIP01103,USR0078,SC0077,Guadalajara,2025-06-09T20:18:00,2025-06-09T20:42:00,0.99,28.63,cash
TRIP02519,USR0178,SC0137,CDMX,2024-03-08T19:21:05,2024-03-08T20:22:05,0.53,18.81,wallet
TRIP04601,USR0463,SC0199,Guadalajara,2025-06-06T08:38:07,2025-06-06T08:59:07,7.17,71.03,qr_code
TRIP01013,USR0081,SC0007,GDL,2025-04-01T17:07:55,2025-04-01T18:13:55,4.87,78.21,wallet
TRIP04200,USR0353,SC0083,MTY,2024-05-27T18:19:07,2024-05-27T19:21:07,8.28,116.73,cash
TRIP01165,USR0259,SC0106,MTY,2024-09-25T12:25:46,2024-09-25T13:18:46,12.73,197.93,wallet
TRIP00388,USR0025,SC0028,Ciudad de Mexico,2025-04-04T18:29:21,2025-04-04T19:04:21,8.7,138.48,qr_code
TRIP01696,USR0367,SC0002,Ciudad de Mexico,2024-04-12T14:20:47,2024-04-12T14:25:47,9.0,133.71,credit_card
TRIP00147,USR0073,SC0023,CDMX,2025-06-16T19:29:47,2025-06-16T19:44:47,9.74,$118.69,debit_card
TRIP01581,USR0455,SC0160,Ciudad de Mexico,2024-08-20T22:31:17,2024-08-20T23:25:17,11.34,162.29,wallet
TRIP04474,USR0121,SC0145,cdmx,2025-06-27T14:38:31,2025-06-27T15:05:31,7.64,92.27,debit_card
TRIP00563,USR0124,SC0199,Guadalajara,2025-05-27T16:34:44,2025-05-27T16:53:44,14.78,191.31,debit_card
TRIP00402,USR0003,SC0142,Monterrey,2024-06-26T19:45:31,2024-06-26T20:40:31,9.91,90.12,wallet
TRIP03790,USR0041,SC0159,Ciudad de Mexico,2025-04-10T09:58:32,2025-04-10T10:39:32,13.82,140.37,debit_card
TRIP03469,USR0454,SC0008,cdmx,2024-02-06T06:10:18,2024-02-06T07:09:18,13.61,130.1,debit_card
TRIP02281,USR0080,SC0166,CDMX,2024-05-01T20:05:41,2024-05-01T21:18:41,0.77,14.66,cash
TRIP03216,USR0286,SC0178,Ciudad de Mexico,2025-03-30T23:29:36,2025-03-31T00:12:36,4.63,60.26,wallet
TRIP01390,USR0075,SC0020,Ciudad de Mexico,2025-04-07T14:17:30,2025-04-07T14:37:30,8.28,105.86,wallet
TRIP00528,USR0291,SC0161,cdmx,2024-03-06T19:32:16,2024-03-06T20:52:16,13.22,206.67,credit_card
TRIP00249,USR0393,SC0066,MTY,2025-04-14T12:06:10,2025-04-14T12:34:10,10.03,131.72,cash
TRIP04982,USR0479,SC0057,CDMX,2024-03-15T17:00:56,2024-03-15T17:05:56,7.34,112.89,cash
TRIP03486,USR0409,SC0147,Monterrey,2024-03-03T10:40:50,2024-03-03T11:05:50,6.09,$59.91,qr_code
TRIP02136,USR0030,SC0156,cdmx,2024-08-15T19:47:58,2024-08-15T21:10:58,3.31,38.18,debit_card
TRIP02316,USR0340,SC0006,Monterrey,2024-06-29T15:56:35,2024-06-29T16:12:35,1.58,31.93,credit_card
TRIP02054,USR0127,SC0005,Monterrey,2024-02-05T08:42:22,2024-02-05T08:55:22,11.54,156.1,cash
TRIP02714,USR0013,SC0074,CDMX,2025-02-15T13:37:26,2025-02-15T15:03:26,6.96,96.58,cash
TRIP02718,USR0392,SC0180,cdmx,2024-08-26T11:54:43,2024-08-26T13:01:43,1.88,44.83,cash
TRIP00304,USR0154,SC0018,MTY,2025-01-02T19:28:47,2025-01-02T19:57:47,10.94,$145.27,qr_code
TRIP03342,USR0302,SC0188,cdmx,2025-03-31T02:01:38,2025-03-31T03:07:38,10.08,115.86,credit_card
TRIP01609,USR0043,SC0022,Monterrey,2025-01-10T19:12:15,2025-01-10T20:15:15,11.63,180.58,wallet
TRIP00128,USR0141,SC0074,CDMX,2025-05-22T07:07:17,2025-05-22T08:21:17,12.43,118.85,wallet
TRIP00813,USR0131,SC0070,Ciudad de Mexico,2025-02-17T15:56:06,2025-02-17T16:31:06,4.04,78.37,qr_code
TRIP02392,USR0471,SC0102,MTY,2025-05-21T08:09:19,2025-05-21T09:34:19,11.8,107.64,qr_code
TRIP00468,USR0494,SC0017,cdmx,2024-10-03T07:35:26,2024-10-03T07:48:26,13.68,191.14,cash
TRIP00863,USR0148,SC0004,Ciudad de Mexico,2024-06-11T20:54:21,2024-06-11T21:03:21,3.83,64.7,cash
TRIP04528,USR0365,SC0002,Ciudad de Mexico,2024-06-19T15:11:44,2024-06-19T16:40:44,4.96,60.26,qr_code
TRIP01572,USR0157,SC0214,GDL,2024-01-02T09:16:04,2024-01-02T09:23:04,4.33,54.17,cash
TRIP00439,USR0094,SC0001,MTY,2024-03-07T06:12:03,2024-03-07T07:38:03,2.32,34.61,debit_card
TRIP02850,USR0370,SC0138,Monterrey,2025-05-27T19:57:17,2025-05-27T20:52:17,0.78,16.15,debit_card
TRIP03105,USR0006,SC0123,Monterrey,2024-10-22T07:57:50,2024-10-22T09:16:50,1.42,33.68,cash
TRIP01739,USR0469,SC0107,CDMX,2024-10-07T13:10:24,2024-10-07T13:40:24,7.65,100.95,qr_code
TRIP04715,USR0176,SC0012,Monterrey,2024-08-31T19:57:23,2024-08-31T20:55:23,9.2,107.87,cash
TRIP00978,USR0432,SC0143,CDMX,2024-10-09T11:10:09,2024-10-09T12:27:09,14.11,$159.55,wallet
TRIP02044,USR0360,SC0139,MTY,2024-11-26T15:44:09,2024-11-26T16:34:09,12.04,167.18,cash
TRIP00732,USR0014,SC0166,Ciudad de Mexico,2024-11-27T09:53:48,2024-11-27T10:02:48,11.47,107.6,debit_card
TRIP00027,USR0081,SC0229,CDMX,2025-04-26T08:45:18,2025-04-26T09:48:18,4.34,72.6,debit_card
TRIP00433,USR0307,SC0250,cdmx,2024-09-12T08:05:01,2024-09-12T09:03:01,12.4,164.17,credit_card
TRIP03841,USR0183,SC0004,CDMX,2024-06-25T11:13:05,2024-06-25T12:23:05,0.0,76.51,credit_card
TRIP00077,USR0436,SC0148,MTY,2025-06-04T22:50:08,2025-06-04T23:25:08,8.53,107.32,qr_code
TRIP04665,USR0002,SC0197,Monterrey,2024-04-19T11:34:09,2024-04-19T11:53:09,12.72,$157.99,debit_card
TRIP04175,USR0024,SC0195,CDMX,2024-03-29T16:19:54,2024-03-29T16:31:54,12.02,177.55,wallet
TRIP00175,USR0370,SC0132,cdmx,2024-10-29T12:24:47,2024-10-29T12:33:47,12.33,143.96,wallet
TRIP00998,USR0108,SC0053,cdmx,2024-06-05T07:45:32,2024-06-05T07:52:32,4.73,81.05,qr_code
TRIP00300,USR0032,SC0085,CDMX,2024-03-02T18:11:28,2024-03-02T18:24:28,9.35,98.86,wallet
TRIP04135,USR0150,SC0166,Ciudad de Mexico,2024-01-10T20:39:14,2024-01-10T20:59:14,3.96,71.31,wallet
TRIP01201,USR0022,SC0180,CDMX,2024-04-30T16:34:53,2024-04-30T17:59:53,3.72,47.36,wallet
TRIP02550,USR0014,SC0114,Ciudad de Mexico,2024-04-25T16:18:31,2024-04-25T17:03:31,5.66,$58.25,wallet
TRIP04689,USR0215,SC0075,MTY,2024-06-11T08:18:35,2024-06-11T08:28:35,4.11,60.47,qr_code
TRIP04182,USR0137,SC0077,Guadalajara,2024-09-10T21:37:42,2024-09-10T22:27:42,9.66,125.46,cash
TRIP04817,USR0375,SC0063,MTY,2025-03-28T18:17:31,2025-03-28T18:37:31,1.56,21.8,credit_card
TRIP04610,USR0349,SC0109,cdmx,2025-04-11T17:50:08,2025-04-11T19:01:08,8.25,102.03,qr_code
TRIP01923,USR0432,SC0073,GDL,2024-11-12T08:13:50,2024-11-12T09:23:50,5.9,59.47,wallet
TRIP03140,USR0485,SC0105,cdmx,2024-01-17T09:10:58,2024-01-17T10:19:58,11.82,162.14,debit_card
TRIP01872,USR0003,SC0119,MTY,2024-04-09T06:39:53,2024-04-09T07:40:53,6.48,75.95,qr_code
TRIP00759,USR0044,SC0162,MTY,2024-05-29T06:17:25,2024-05-29T06:57:25,13.8,152.75,cash
TRIP04414,USR0458,SC0178,Ciudad de Mexico,2024-03-11T18:03:48,2024-03-11T19:31:48,7.27,91.06,credit_card
TRIP00271,USR0179,SC0009,CDMX,2024-11-01T07:06:26,2024-11-01T07:33:26,10.08,143.61,wallet
TRIP02658,USR0413,SC0061,Guadalajara,2024-07-15T22:30:08,2024-07-15T23:17:08,9.14,111.94,credit_card
TRIP02361,USR0399,SC0112,Ciudad de Mexico,2025-03-27T04:44:10,2025-03-27T05:26:10,9.21,$125.33,debit_card
TRIP00891,USR0496,SC0083,MTY,2024-06-04T07:55:43,2024-06-04T08:58:43,2.52,38.76,credit_card
TRIP02088,USR0202,SC0043,CDMX,2024-04-30T06:43:04,2024-04-30T07:37:04,7.2,114.35,credit_card
TRIP00699,USR0217,SC0148,MTY,2024-11-13T19:47:58,2024-11-13T20:26:58,12.44,150.0,wallet
TRIP03029,USR0451,SC0144,GDL,2025-04-08T22:39:30,2025-04-08T23:05:30,5.43,88.17,debit_card
TRIP03360,USR0240,SC0180,Ciudad de Mexico,2025-02-20T08:53:23,2025-02-20T09:32:23,13.54,212.8,wallet
TRIP02905,USR0354,SC0170,cdmx,2024-06-28T15:25:52,2024-06-28T16:13:52,9.85,135.44,wallet
TRIP00059,USR0303,SC0135,cdmx,2024-03-16T12:03:23,2024-03-16T12:44:23,12.9,171.34,qr_code
TRIP00614,USR0140,SC0047,CDMX,2024-10-29T12:05:31,2024-10-29T12:55:31,9.81,123.82,credit_card
TRIP00529,USR0096,SC0017,cdmx,2024-08-08T11:49:20,2024-08-08T11:26:20,5.27,76.26,qr_code
TRIP04845,USR0281,SC0101,Ciudad de Mexico,2024-03-03T11:49:17,2024-03-03T12:19:17,7.99,88.7,qr_code
TRIP01922,USR0460,SC0067,cdmx,2024-04-10T12:40:20,2024-04-10T13:36:20,0.7,24.38,credit_card
TRIP04820,USR0115,SC0179,cdmx,2024-06-22T17:02:30,2024-06-22T18:07:30,13.25,193.27,debit_card
TRIP02203,USR0219,SC0140,Ciudad de Mexico,2024-03-04T14:13:03,2024-03-04T15:19:03,1.42,31.25,qr_code
TRIP02238,USR0193,SC0091,CDMX,2025-02-26T18:28:05,2025-02-26T18:52:05,2.28,40.0,credit_card
TRIP00793,USR0487,SC0021,Guadalajara,2025-04-10T16:18:34,2025-04-10T17:21:34,6.41,96.29,wallet
TRIP03743,USR0413,SC0193,Ciudad de Mexico,2024-06-19T07:38:42,2024-06-19T07:58:42,6.72,116.44,debit_card
TRIP00404,USR0414,SC0059,Ciudad de Mexico,2024-02-07T20:45:38,2024-02-07T20:18:38,2.11,33.48,debit_card
TRIP02885,USR0434,SC0169,CDMX,2024-08-16T12:49:57,2024-08-16T13:15:57,14.95,$204.05,cash
TRIP03524,USR0148,SC0103,MTY,2024-07-29T13:18:31,2024-07-29T13:47:31,7.05,116.9,cash
TRIP03117,USR0119,SC0174,Monterrey,2024-01-17T19:42:42,2024-01-17T20:30:42,2.22,47.84,credit_card
TRIP02819,USR0366,SC0035,CDMX,2025-02-21T09:43:16,2025-02-21T10:53:16,3.37,$55.48,qr_code
TRIP00955,USR0452,SC0185,cdmx,2025-01-03T14:56:52,2025-01-03T15:31:52,6.6,73.52,wallet
TRIP00087,USR0401,SC0121,MTY,2025-05-06T16:39:49,2025-05-06T17:32:49,0.96,$20.70,cash
TRIP02506,USR0044,SC0190,cdmx,2024-04-05T18:09:39,2024-04-05T18:54:39,9.8,129.81,debit_card
TRIP01627,USR0446,SC0163,Ciudad de Mexico,2024-06-26T17:54:51,2024-06-26T18:56:51,1.03,18.27,qr_code
TRIP03744,USR0098,SC0069,Ciudad de Mexico,2025-04-25T08:12:35,2025-04-25T08:47:35,1.28,27.8,debit_card
TRIP03999,USR0177,SC0100,Guadalajara,2024-11-11T17:06:26,2024-11-11T17:50:26,10.93,106.33,wallet
TRIP04961,USR0410,SC0137,CDMX,2025-05-06T15:51:29,2025-05-06T16:47:29,1.82,28.06,debit_card
TRIP02471,USR0282,SC0112,cdmx,2025-03-24T17:18:18,2025-03-24T17:43:18,13.1,127.93,wallet
TRIP00689,USR0349,SC0007,Guadalajara,2024-03-13T14:46:10,2024-03-13T15:15:10,11.5,114.16,wallet
TRIP00033,USR0125,SC0043,cdmx,2025-01-27T16:47:56,2025-01-27T17:09:56,11.96,149.43,credit_card
TRIP04492,USR0028,SC0178,Ciudad de Mexico,2024-04-10T12:59:02,2024-04-10T13:16:02,4.5,66.1,wallet
TRIP01009,USR0290,SC0036,MTY,2025-04-20T07:40:36,2025-04-20T09:08:36,6.01,67.33,wallet
TRIP04039,USR0238,SC0094,Ciudad de Mexico,2024-03-05T23:18:40,2024-03-05T23:50:40,11.9,129.15,credit_card
TRIP03073,USR0228,SC0095,CDMX,2024-01-06T15:03:27,2024-01-06T16:03:27,3.06,53.4,cash
TRIP04785,,SC0124,MTY,2025-05-21T10:00:28,2025-05-21T10:19:28,8.08,117.18,credit_card
TRIP04697,USR0173,SC0118,Monterrey,2025-01-02T19:03:16,2025-01-02T19:53:16,2.08,29.8,debit_card
TRIP00902,USR0130,SC0052,Ciudad de Mexico,2024-05-03T10:42:51,2024-05-03T11:12:51,12.24,197.18,wallet
TRIP00869,USR0100,SC0187,Guadalajara,2024-04-15T08:05:43,2024-04-15T08:51:43,10.98,167.15,wallet
TRIP01813,USR0099,SC0038,MTY,2025-03-21T18:00:08,2025-03-21T19:11:08,12.1,121.08,cash
TRIP02886,USR0189,SC0108,cdmx,2025-03-23T17:03:02,2025-03-23T17:10:02,12.86,132.37,cash
TRIP02707,USR0219,SC0011,cdmx,2025-03-06T11:22:55,2025-03-06T11:53:55,4.19,48.08,credit_card
TRIP00489,USR0498,SC0243,MTY,2024-04-18T17:41:16,2024-04-18T19:06:16,12.34,126.81,wallet
TRIP03083,USR0139,SC0129,GDL,2024-12-27T08:27:30,2024-12-27T09:53:30,14.65,220.47,cash
TRIP01921,USR0038,SC0049,MTY,2024-10-25T16:11:05,2024-10-25T16:37:05,2.27,39.01,credit_card
TRIP02341,,SC0125,CDMX,2025-05-08T18:46:22,2025-05-08T19:30:22,5.19,73.21,wallet
TRIP03184,USR0400,SC0079,cdmx,2025-02-01T10:01:32,2025-02-01T11:12:32,11.72,160.0,wallet
TRIP04983,USR0199,SC0086,CDMX,2024-07-01T08:36:38,2024-07-01T09:43:38,1.67,22.86,cash
TRIP04426,USR0358,SC0024,Ciudad de Mexico,2024-06-03T17:06:04,2024-06-03T17:24:04,11.27,114.54,credit_card
TRIP04781,USR0493,SC0137,Ciudad de Mexico,2024-04-12T09:55:34,2024-04-12T10:42:34,9.7,143.86,qr_code
TRIP01759,USR0174,SC0049,Monterrey,2024-05-06T18:54:53,2024-05-06T20:18:53,11.26,132.37,credit_card
TRIP01171,USR0430,SC0014,cdmx,2024-01-16T21:37:37,2024-01-16T22:04:37,9.43,133.36,debit_card
TRIP02927,USR0473,SC0103,MTY,2024-05-03T17:01:58,2024-05-03T18:00:58,10.84,106.01,credit_card
TRIP03163,USR0422,SC0030,Monterrey,2024-01-15T21:55:43,2024-01-15T23:10:43,5.94,91.88,cash
TRIP00865,USR0200,SC0143,Ciudad de Mexico,2024-07-10T16:17:24,2024-07-10T16:31:24,9.6,154.63,wallet
TRIP04012,USR0387,SC0013,Ciudad de Mexico,2025-04-09T07:11:46,2025-04-09T06:41:46,13.88,188.5,qr_code
TRIP02163,USR0245,SC0170,cdmx,2025-03-12T10:53:23,2025-03-12T11:28:23,10.68,154.82,credit_card
TRIP00915,USR0160,SC0114,cdmx,2024-01-12T10:24:09,2024-01-12T10:49:09,11.52,169.83,debit_card
TRIP00841,USR0105,SC0129,Guadalajara,2025-04-11T20:13:06,2025-04-11T20:40:06,5.44,56.95,wallet
TRIP04047,USR0215,SC0146,cdmx,2025-04-20T19:22:08,2025-04-20T20:46:08,6.55,97.15,wallet
TRIP02472,USR0376,SC0030,Monterrey,2024-10-23T01:25:38,2024-10-23T02:51:38,2.13,34.24,credit_card
TRIP02705,USR0241,SC0037,GDL,2025-05-28T11:12:48,2025-05-28T11:39:48,11.89,184.69,cash
TRIP01941,USR0271,SC0048,CDMX,2024-08-10T12:18:17,2024-08-10T12:57:17,2.2,46.37,cash
TRIP02768,USR0276,SC0169,CDMX,2024-07-24T10:40:12,2024-07-24T10:54:12,6.75,111.71,debit_card
TRIP03753,USR0279,SC0026,cdmx,2024-09-24T09:39:01,2024-09-24T10:30:01,2.94,55.14,cash
TRIP02613,USR0486,SC0175,GDL,2025-02-04T15:10:15,2025-02-04T16:26:15,5.3,55.27,credit_card
TRIP02434,USR0068,SC0196,Guadalajara,2024-02-28T17:26:15,2024-02-28T18:05:15,11.67,105.15,debit_card
TRIP01459,USR0034,SC0075,Monterrey,2025-01-14T15:44:17,2025-01-14T16:27:17,11.82,137.7,cash
TRIP00355,USR0491,SC0176,cdmx,2024-05-04T08:28:24,2024-05-04T08:34:24,14.68,150.05,debit_card
TRIP01893,USR0278,SC0119,Monterrey,2024-04-23T20:27:08,2024-04-23T21:05:08,4.94,71.35,debit_card
TRIP01372,USR0177,SC0031,Guadalajara,2024-10-25T06:23:38,2024-10-25T06:59:38,12.96,124.45,credit_card
TRIP03562,USR0416,SC0146,CDMX,2024-06-24T07:31:42,2024-06-24T08:25:42,13.55,139.45,credit_card
TRIP03471,USR0290,SC0094,CDMX,2025-01-08T22:14:58,2025-01-08T23:23:58,2.37,40.15,debit_card
TRIP00958,USR0253,SC0100,GDL,2024-04-12T23:29:49,2024-04-13T00:38:49,14.8,130.31,wallet
TRIP02770,USR0280,SC0106,Monterrey,2024-05-03T17:20:44,2024-05-03T18:28:44,4.96,67.17,wallet
TRIP00647,,SC0027,Ciudad de Mexico,2024-07-18T16:48:29,2024-07-18T16:53:29,4.43,64.94,cash
TRIP00282,USR0304,SC0177,Ciudad de Mexico,2025-04-01T09:52:12,2025-04-01T11:22:12,13.88,$198.83,wallet
TRIP00049,USR0310,SC0037,GDL,2024-08-08T19:26:21,2024-08-08T20:29:21,5.03,60.07,wallet
TRIP02981,USR0079,SC0196,GDL,2024-10-18T01:33:52,2024-10-18T02:04:52,2.81,54.4,qr_code
TRIP01900,USR0330,SC0092,MTY,2025-03-27T12:28:22,2025-03-27T13:33:22,4.99,81.61,debit_card
TRIP02160,USR0120,SC0112,CDMX,2024-10-03T09:27:02,2024-10-03T10:13:02,1.89,38.92,credit_card
TRIP01516,USR0384,SC0092,Monterrey,2024-10-10T08:49:42,2024-10-10T10:09:42,10.49,108.77,cash
TRIP00100,USR0448,SC0167,Ciudad de Mexico,2024-12-22T23:25:33,2024-12-22T23:46:33,0.55,13.96,qr_code
TRIP03695,USR0130,SC0029,GDL,2025-01-14T00:39:06,2025-01-14T01:03:06,12.17,124.62,wallet
TRIP04346,USR0273,SC0133,GDL,2025-06-13T06:04:02,2025-06-13T07:23:02,12.79,172.53,debit_card
TRIP03012,USR0247,SC0123,Monterrey,2025-02-09T15:40:02,2025-02-09T16:38:02,6.72,86.62,credit_card
TRIP03253,USR0403,SC0160,cdmx,2024-10-31T09:32:38,2024-10-31T10:28:38,0.0,40.0,cash
TRIP04753,USR0247,SC0113,MTY,2024-05-03T16:08:59,2024-05-03T16:52:59,11.27,174.32,debit_card
TRIP04779,USR0334,SC0171,GDL,2024-06-19T18:44:27,2024-06-19T20:02:27,1.8,38.2,wallet
TRIP00765,USR0006,SC0160,Ciudad de Mexico,2024-10-10T08:14:39,2024-10-10T09:36:39,8.51,125.44,cash
TRIP00350,USR0124,SC0142,MTY,2025-02-24T19:04:40,2025-02-24T19:35:40,4.66,57.82,debit_card
TRIP00713,USR0011,SC0139,Monterrey,2024-03-28T06:08:39,2024-03-28T06:51:39,2.11,50.1,cash
TRIP02557,USR0237,SC0147,MTY,2024-09-05T16:40:33,2024-09-05T17:51:33,5.24,69.66,cash
TRIP04059,USR0122,SC0166,Ciudad de Mexico,2024-09-11T17:46:59,2024-09-11T18:39:59,8.39,129.88,wallet
TRIP01405,USR0421,SC0008,CDMX,2024-07-23T09:17:11,2024-07-23T10:35:11,9.7,101.65,wallet
TRIP03192,USR0406,SC0101,CDMX,2025-06-17T11:10:17,2025-06-17T12:13:17,5.54,67.42,qr_code
TRIP00096,USR0239,SC0083,Monterrey,2025-05-29T19:49:19,2025-05-29T20:09:19,5.83,75.01,wallet
TRIP03676,USR0490,SC0102,Monterrey,2024-05-14T07:15:51,2024-05-14T07:20:51,7.7,116.24,wallet
TRIP04203,USR0115,SC0143,CDMX,2024-03-20T21:32:07,2024-03-20T21:47:07,2.45,35.04,cash
TRIP04035,USR0096,SC0026,Ciudad de Mexico,2024-08-10T17:47:32,2024-08-10T18:13:32,12.09,128.06,credit_card
TRIP04334,USR0463,SC0103,Monterrey,2024-03-23T19:35:32,2024-03-23T19:56:32,14.48,135.17,credit_card
TRIP03237,USR0335,SC0171,Guadalajara,2024-10-27T09:17:54,2024-10-27T10:14:54,2.23,31.98,cash
TRIP04263,USR0152,SC0165,GDL,2025-04-17T16:21:42,2025-04-17T16:27:42,9.15,90.68,qr_code
TRIP01149,USR0053,SC0032,MTY,2025-03-11T18:14:01,2025-03-11T18:19:01,11.26,141.12,cash
TRIP04151,USR0256,SC0040,Monterrey,2024-08-25T17:41:59,2024-08-25T18:56:59,8.05,100.47,qr_code
TRIP00194,USR0089,SC0039,Guadalajara,2024-04-16T16:56:20,2024-04-16T18:05:20,9.33,128.59,cash
TRIP02242,USR0313,SC0169,CDMX,2024-06-06T08:01:49,2024-06-06T08:45:49,13.8,211.56,credit_card
TRIP02984,USR0412,SC0114,Ciudad de Mexico,2024-08-20T12:46:35,2024-08-20T13:56:35,4.31,52.13,qr_code
TRIP02866,USR0098,SC0161,CDMX,2024-05-27T09:54:39,2024-05-27T11:06:39,14.67,205.97,credit_card
TRIP01892,USR0480,SC0119,Monterrey,2024-07-23T12:59:05,2024-07-23T14:28:05,6.26,82.93,debit_card
TRIP00351,,SC0079,CDMX,2025-03-22T20:12:10,2025-03-22T20:51:10,12.15,160.86,wallet
TRIP02120,USR0112,SC0103,MTY,2024-05-23T09:20:49,2024-05-23T10:30:49,1.06,$22.43,cash
TRIP04857,USR0224,SC0165,GDL,2024-03-15T16:32:33,2024-03-15T17:01:33,4.48,50.87,cash
TRIP04653,USR0144,SC0064,Monterrey,2025-04-07T12:55:54,2025-04-07T14:21:54,13.79,133.81,wallet
TRIP02593,USR0305,SC0002,Ciudad de Mexico,2025-04-06T16:28:09,2025-04-06T16:39:09,2.96,41.97,wallet
TRIP04726,USR0351,SC0119,MTY,2024-03-21T15:35:44,2024-03-21T15:41:44,8.83,111.67,credit_card
TRIP04560,USR0082,SC0161,CDMX,2024-02-21T23:20:57,2024-02-21T23:56:57,10.58,156.43,wallet
TRIP04712,USR0353,SC0083,MTY,2025-03-05T17:27:47,2025-03-05T17:49:47,10.02,112.07,qr_code
TRIP02644,USR0211,SC0055,MTY,2025-01-28T19:19:16,2025-01-28T20:03:16,7.53,104.45,debit_card
TRIP02640,USR0439,SC0177,Ciudad de Mexico,2025-05-13T15:18:25,2025-05-13T15:45:25,7.05,$98.94,debit_card
TRIP00868,USR0202,SC0101,CDMX,2024-07-19T19:39:18,2024-07-19T20:07:18,2.43,42.14,wallet
TRIP00752,USR0084,SC0156,cdmx,2024-12-05T17:53:04,2024-12-05T18:23:04,6.12,95.66,wallet
TRIP03252,USR0364,SC0190,Ciudad de Mexico,2025-02-18T06:31:19,2025-02-18T06:01:19,9.87,119.35,credit_card
TRIP04299,USR0400,SC0160,Ciudad de Mexico,2025-02-12T16:53:25,2025-02-12T17:39:25,4.19,54.77,qr_code
TRIP03390,USR0500,SC0099,GDL,2024-04-08T14:15:47,2024-04-08T14:52:47,13.47,191.39,qr_code
TRIP03504,USR0087,SC0047,cdmx,2024-12-18T21:33:06,2024-12-18T22:07:06,3.23,64.61,credit_card
TRIP02536,USR0242,SC0020,CDMX,2024-06-06T21:50:35,2024-06-06T22:47:35,8.03,81.7,wallet
TRIP02742,USR0238,SC0152,Monterrey,2024-06-06T16:11:34,2024-06-06T16:27:34,6.89,102.52,wallet
TRIP02157,USR0448,SC0174,Monterrey,2024-03-17T19:13:17,2024-03-17T19:40:17,14.81,132.54,wallet
TRIP03485,USR0286,SC0092,MTY,2024-09-26T00:46:58,2024-09-26T02:04:58,2.12,39.85,wallet
TRIP02501,USR0194,SC0128,Guadalajara,2024-01-24T23:18:38,2024-01-25T00:30:38,9.27,110.36,qr_code
TRIP03006,USR0023,SC0161,Ciudad de Mexico,2025-02-14T14:56:36,2025-02-14T16:19:36,10.03,143.12,wallet
TRIP01002,USR0220,SC0056,Monterrey,2024-03-14T18:43:21,2024-03-14T19:30:21,14.03,137.02,debit_card
TRIP04803,USR0153,SC0192,cdmx,2024-06-29T16:20:11,2024-06-29T17:15:11,14.56,203.01,credit_card
TRIP01362,,SC0120,CDMX,2025-04-29T13:59:32,2025-04-29T15:21:32,13.32,161.71,cash
TRIP01282,USR0232,SC0005,Monterrey,2024-08-17T08:07:02,2024-08-17T08:25:02,5.57,80.13,debit_card
TRIP01809,USR0020,SC0078,cdmx,2025-04-14T06:05:55,2025-04-14T07:02:55,10.46,121.35,cash
TRIP03843,USR0235,SC0196,Guadalajara,2025-03-26T13:49:16,2025-03-26T15:04:16,8.88,106.18,wallet
TRIP03371,USR0145,SC0228,cdmx,2025-01-22T19:02:27,2025-01-22T19:15:27,12.93,181.58,debit_card
TRIP02404,USR0055,SC0137,CDMX,2024-04-18T14:06:54,2024-04-18T15:35:54,13.55,219.49,cash
TRIP03551,USR0003,SC0011,cdmx,2025-05-16T09:30:43,2025-05-16T09:38:43,2.74,34.13,wallet
TRIP00018,USR0393,SC0196,GDL,2024-04-20T20:36:43,2024-04-20T21:29:43,1.6,34.94,cash
TRIP03429,USR0149,SC0154,MTY,2024-08-08T08:47:03,2024-08-08T09:06:03,8.3,101.84,cash
TRIP03144,USR0417,SC0150,cdmx,2024-08-14T22:37:33,2024-08-14T23:04:33,11.68,$166.64,qr_code
TRIP03365,USR0132,SC0114,cdmx,2024-04-29T20:27:51,2024-04-29T21:22:51,11.48,111.42,wallet
TRIP02358,USR0224,SC0145,CDMX,2024-01-10T11:20:54,2024-01-10T11:06:54,1.97,39.08,wallet
TRIP00654,USR0294,SC0139,MTY,2024-09-23T18:44:01,2024-09-23T19:06:01,11.9,164.17,wallet
TRIP00706,USR0252,SC0089,Ciudad de Mexico,2025-04-10T19:29:34,2025-04-10T20:20:34,11.1,174.45,debit_card
TRIP01167,,SC0064,Monterrey,2025-01-29T22:23:26,2025-01-29T23:22:26,3.8,46.0,qr_code
TRIP00475,USR0157,SC0138,MTY,2025-05-14T00:29:21,2025-05-14T01:12:21,0.0,91.22,cash
TRIP01542,USR0102,SC0090,CDMX,2025-02-03T13:48:09,2025-02-03T14:51:09,9.19,136.2,debit_card
TRIP00652,USR0055,SC0033,MTY,2024-11-29T20:37:30,2024-11-29T20:47:30,14.42,195.42,qr_code
TRIP01771,USR0383,SC0181,MTY,2024-08-26T17:11:18,2024-08-26T17:39:18,4.74,63.07,cash
TRIP01318,USR0175,SC0140,Ciudad de Mexico,2024-05-22T07:17:42,2024-05-22T07:25:42,2.87,40.95,debit_card
TRIP01846,USR0015,SC0030,Monterrey,2024-11-11T17:49:33,2024-11-11T19:06:33,10.03,115.41,debit_card
TRIP04518,USR0098,SC0155,Ciudad de Mexico,2024-05-31T19:26:54,2024-05-31T20:44:54,7.65,111.37,wallet
TRIP01062,USR0413,SC0120,Ciudad de Mexico,2024-07-23T19:38:13,2024-07-23T19:47:13,8.25,85.71,credit_card
TRIP02034,USR0429,SC0060,Ciudad de Mexico,2024-10-24T05:05:16,2024-10-24T06:29:16,10.94,132.32,debit_card
TRIP01768,USR0285,SC0010,CDMX,2025-03-06T15:56:33,2025-03-06T17:05:33,0.85,17.85,qr_code
TRIP02511,USR0122,SC0078,Ciudad de Mexico,2024-06-22T06:37:16,2024-06-22T07:38:16,4.27,70.4,debit_card
TRIP01087,USR0196,SC0126,cdmx,2024-01-13T11:44:41,2024-01-13T12:10:41,11.8,107.05,wallet
TRIP02470,USR0034,SC0107,CDMX,2025-06-30T20:39:58,2025-06-30T21:30:58,1.63,31.76,wallet
TRIP03739,USR0449,SC0096,cdmx,2025-05-26T18:25:47,2025-05-26T19:38:47,3.32,49.75,credit_card
TRIP04589,USR0158,SC0017,CDMX,2024-04-17T18:09:20,2024-04-17T18:16:20,5.15,72.73,debit_card
TRIP03799,USR0294,SC0042,Ciudad de Mexico,2025-06-21T20:05:53,2025-06-21T20:14:53,12.53,$161.56,debit_card
TRIP04631,USR0262,SC0121,Monterrey,2025-03-03T18:19:19,2025-03-03T19:17:19,3.54,42.05,wallet
TRIP04041,USR0410,SC0047,CDMX,2024-06-17T07:58:50,2024-06-17T08:32:50,8.38,85.15,wallet
TRIP04329,USR0347,SC0147,MTY,2024-08-12T07:21:08,2024-08-12T08:39:08,13.11,129.14,qr_code
TRIP01333,USR0226,SC0143,cdmx,2025-01-13T21:15:37,2025-01-13T22:43:37,2.86,37.07,wallet
TRIP00426,,SC0107,Ciudad de Mexico,2025-02-04T07:34:26,2025-02-04T08:40:26,13.6,146.51,wallet
TRIP04276,USR0162,SC0181,Monterrey,2024-10-17T12:42:37,2024-10-17T13:45:37,11.4,$163.84,credit_card
TRIP03842,USR0155,SC0067,Ciudad de Mexico,2024-01-08T22:39:26,2024-01-08T23:00:26,0.71,29.16,debit_card
TRIP00385,USR0366,SC0171,Guadalajara,2024-10-29T19:44:35,2024-10-29T20:27:35,5.49,94.2,debit_card
TRIP00586,USR0277,SC0050,CDMX,2025-03-12T14:53:29,2025-03-12T15:35:29,13.83,140.58,credit_card
TRIP01316,USR0043,SC0044,CDMX,2024-11-15T06:47:15,2024-11-15T07:50:15,4.06,67.33,debit_card
TRIP04302,USR0075,SC0180,Ciudad de Mexico,2025-02-04T16:58:36,2025-02-04T17:18:36,11.64,124.69,qr_code
TRIP04816,USR0403,SC0030,Monterrey,2025-03-07T19:02:38,2025-03-07T20:16:38,12.56,181.2,wallet
TRIP03000,USR0344,SC0176,Ciudad de Mexico,2024-07-15T13:46:19,2024-07-15T14:45:19,2.23,$38.62,credit_card
TRIP04525,USR0312,SC0197,Monterrey,2024-06-06T18:30:19,2024-06-06T18:47:19,11.64,102.12,cash
TRIP00626,USR0346,SC0174,MTY,2024-01-25T08:22:26,2024-01-25T08:29:26,1.02,24.94,wallet
TRIP01854,USR0178,SC0155,CDMX,2025-06-07T08:42:47,2025-06-07T10:07:47,7.87,70.05,cash
TRIP02570,USR0439,SC0190,CDMX,2025-01-10T07:47:02,2025-01-10T08:25:02,0.98,23.3,credit_card
TRIP03046,USR0465,SC0101,cdmx,2025-01-19T07:47:20,2025-01-19T07:53:20,13.82,126.75,credit_card
TRIP02248,USR0274,SC0055,MTY,2024-11-21T20:29:58,2024-11-21T21:55:58,1.95,36.5,wallet
TRIP03092,USR0431,SC0173,cdmx,2025-04-04T22:20:17,2025-04-04T23:50:17,4.43,71.48,cash
TRIP02978,USR0151,SC0107,cdmx,2024-07-08T19:22:37,2024-07-08T19:29:37,3.65,45.53,cash
TRIP01655,USR0265,SC0129,GDL,2024-10-03T10:16:11,2024-10-03T11:11:11,7.85,94.58,debit_card
TRIP01537,USR0077,SC0113,MTY,2025-02-06T06:55:29,2025-02-06T07:30:29,1.1,33.63,qr_code
TRIP04884,USR0171,SC0187,Guadalajara,2024-08-03T07:08:39,2024-08-03T08:35:39,13.4,184.05,credit_card
TRIP00981,USR0211,SC0111,GDL,2024-11-24T07:43:32,2024-11-24T08:53:32,8.24,114.15,qr_code
TRIP00319,USR0057,SC0098,MTY,2024-06-28T17:35:45,2024-06-28T18:06:45,8.32,120.42,debit_card
TRIP02098,USR0246,SC0043,CDMX,2024-03-17T08:31:18,2024-03-17T09:02:18,4.05,66.13,credit_card
TRIP04461,USR0107,SC0018,Monterrey,2025-03-05T22:08:20,2025-03-05T22:53:20,8.89,144.5,credit_card
TRIP03525,USR0244,SC0120,cdmx,2025-02-15T06:46:11,2025-02-15T08:00:11,7.55,94.55,cash
TRIP02486,USR0201,SC0138,MTY,2025-05-20T18:21:22,2025-05-20T18:28:22,1.04,20.1,qr_code
TRIP04204,USR0089,SC0182,MTY,2024-11-21T09:15:57,2024-11-21T10:09:57,7.7,123.66,debit_card
TRIP01462,USR0443,SC0052,Ciudad de Mexico,2025-04-22T06:03:07,2025-04-22T06:23:07,7.2,117.38,cash
TRIP02066,USR0418,SC0181,MTY,2024-05-24T13:33:22,2024-05-24T14:50:22,9.05,87.54,qr_code
TRIP03502,USR0376,SC0146,CDMX,2025-02-03T19:04:20,2025-02-03T20:28:20,0.81,29.53,qr_code
TRIP01392,USR0210,SC0108,cdmx,2024-12-30T07:39:34,2024-12-30T09:08:34,14.53,172.63,cash
TRIP03783,USR0218,SC0025,Guadalajara,2024-12-10T20:45:18,2024-12-10T21:27:18,2.45,54.53,debit_card
TRIP01706,,SC0186,cdmx,2025-05-28T19:44:29,2025-05-28T20:22:29,8.58,124.3,cash
TRIP01491,USR0199,SC0040,MTY,2024-10-30T09:43:01,2024-10-30T10:14:01,4.24,67.19,wallet
TRIP02468,USR0403,SC0149,Ciudad de Mexico,2024-11-05T08:27:52,2024-11-05T09:06:52,11.6,174.17,wallet
TRIP02512,USR0288,SC0098,Monterrey,2024-03-04T08:34:21,2024-03-04T08:57:21,1.41,36.47,cash
TRIP04774,USR0066,SC0023,cdmx,2024-02-23T19:38:45,2024-02-23T20:58:45,7.44,90.14,debit_card
TRIP03031,USR0241,SC0044,cdmx,2025-03-28T14:36:00,2025-03-28T15:37:00,3.42,38.86,wallet
TRIP02257,USR0223,SC0122,Monterrey,2024-02-07T19:00:03,2024-02-07T20:21:03,12.6,162.94,cash
TRIP03080,USR0311,SC0113,MTY,2024-04-26T17:57:19,2024-04-26T18:39:19,4.09,48.2,wallet
TRIP02876,USR0178,SC0115,Guadalajara,2025-05-30T07:12:43,2025-05-30T07:40:43,1.0,23.82,wallet
TRIP03413,USR0488,SC0161,Ciudad de Mexico,2024-07-11T17:12:27,2024-07-11T18:04:27,8.67,93.61,debit_card
TRIP01814,USR0051,SC0152,MTY,2025-04-29T15:45:21,2025-04-29T16:12:21,3.09,40.35,credit_card
TRIP01889,USR0352,SC0091,CDMX,2025-04-23T08:33:27,2025-04-23T09:13:27,7.44,93.33,qr_code
TRIP01452,USR0058,SC0093,MTY,2025-06-26T08:46:00,2025-06-26T08:57:00,11.18,159.39,debit_card
TRIP02043,USR0365,SC0174,MTY,2025-01-18T19:58:38,2025-01-18T21:04:38,6.41,98.08,cash
TRIP04551,USR0154,SC0171,GDL,2024-04-30T09:15:39,2024-04-30T09:24:39,3.21,51.77,qr_code
TRIP00593,,SC0192,Ciudad de Mexico,2024-03-05T14:23:34,2024-03-05T14:53:34,6.24,90.63,cash
TRIP02968,USR0330,SC0142,Monterrey,2024-10-04T18:17:29,2024-10-04T19:47:29,8.12,120.51,cash
TRIP00556,USR0240,SC0120,cdmx,2024-10-10T07:32:54,2024-10-10T08:41:54,8.11,101.62,qr_code
TRIP02783,USR0329,SC0197,Monterrey,2025-05-12T16:39:28,2025-05-12T17:42:28,1.98,39.63,qr_code
TRIP03481,USR0054,SC0231,Monterrey,2024-04-10T15:32:36,2024-04-10T16:30:36,3.45,42.0,cash
TRIP01482,USR0035,SC0163,cdmx,2024-05-23T12:47:59,2024-05-23T12:55:59,5.82,62.98,qr_code
TRIP00378,,SC0050,cdmx,2025-04-25T08:14:37,2025-04-25T09:02:37,10.87,140.85,wallet
TRIP02740,USR0230,SC0184,Ciudad de Mexico,2025-01-22T18:15:21,2025-01-22T18:24:21,9.25,134.26,wallet
TRIP01263,USR0172,SC0185,CDMX,2024-10-04T20:16:56,2024-10-04T21:31:56,8.23,110.31,debit_card
TRIP03141,USR0353,SC0126,Ciudad de Mexico,2024-07-20T16:51:55,2024-07-20T17:39:55,2.03,28.1,debit_card
TRIP04642,,SC0191,cdmx,2024-10-29T19:26:41,2024-10-29T19:42:41,6.44,84.71,cash
TRIP03784,USR0318,SC0022,Monterrey,2025-03-18T09:55:38,2025-03-18T11:00:38,11.33,163.45,wallet
TRIP00345,USR0188,SC0186,CDMX,2025-03-14T10:22:03,2025-03-14T11:51:03,5.03,58.55,credit_card
TRIP03401,USR0448,SC0082,cdmx,2024-07-01T17:47:21,2024-07-01T17:54:21,7.26,97.44,qr_code
TRIP02314,USR0270,SC0031,GDL,2024-03-22T16:10:01,2024-03-22T17:08:01,2.19,40.78,wallet
TRIP04664,USR0444,SC0039,GDL,2025-01-08T21:39:31,2025-01-08T22:36:31,8.57,116.11,qr_code
TRIP00474,USR0264,SC0011,cdmx,2025-03-08T08:07:21,2025-03-08T08:43:21,12.94,142.04,credit_card
TRIP04194,USR0227,SC0064,Monterrey,2024-07-05T14:22:57,2024-07-05T14:39:57,9.28,113.57,credit_card
TRIP00037,USR0361,SC0114,CDMX,2024-06-19T20:02:20,2024-06-19T20:14:20,2.61,44.07,debit_card
TRIP00324,USR0060,SC0110,Guadalajara,2024-05-09T10:13:35,2024-05-09T10:22:35,2.65,49.15,credit_card
TRIP03150,USR0265,SC0088,MTY,2024-03-11T09:56:10,2024-03-11T11:11:10,13.88,121.14,cash
TRIP00024,USR0092,SC0175,GDL,2024-05-09T22:35:18,2024-05-09T22:56:18,1.99,25.36,cash
TRIP02219,USR0390,SC0069,CDMX,2024-04-18T07:49:31,2024-04-18T08:07:31,8.59,126.89,qr_code
TRIP00480,USR0362,SC0018,MTY,2025-05-29T08:54:37,2025-05-29T10:19:37,2.42,39.87,wallet
TRIP03104,USR0384,SC0162,Monterrey,2025-02-18T17:03:18,2025-02-18T18:11:18,4.68,$67.92,cash
TRIP01311,USR0193,SC0181,MTY,2024-12-14T17:17:44,2024-12-14T18:25:44,5.63,73.71,qr_code
TRIP02502,USR0177,SC0038,Monterrey,2024-01-23T13:38:51,2024-01-23T13:56:51,10.73,150.86,credit_card
TRIP02154,USR0454,SC0031,GDL,2024-11-21T14:30:47,2024-11-21T14:35:47,0.0,29.78,credit_card
TRIP02964,USR0016,SC0191,Ciudad de Mexico,2024-09-25T06:21:11,2024-09-25T07:48:11,5.44,69.52,cash
TRIP00886,USR0435,SC0114,cdmx,2024-01-03T08:04:10,2024-01-03T08:16:10,9.14,140.39,debit_card
TRIP04253,USR0163,SC0133,Guadalajara,2025-04-11T08:24:04,2025-04-11T08:35:04,6.87,100.02,wallet
TRIP04671,USR0044,SC0088,Monterrey,2024-10-08T17:57:25,2024-10-08T18:25:25,13.95,154.46,debit_card
TRIP00030,USR0143,SC0153,Ciudad de Mexico,2025-04-26T10:42:06,2025-04-26T11:07:06,4.68,85.61,wallet
TRIP02674,USR0270,SC0168,MTY,2024-09-06T06:31:03,2024-09-06T06:38:03,11.38,108.34,qr_code
TRIP04513,USR0241,SC0017,Ciudad de Mexico,2025-05-25T07:30:49,2025-05-25T07:57:49,12.69,199.93,cash
TRIP02237,USR0396,SC0088,Monterrey,2024-05-28T11:36:57,2024-05-28T12:55:57,7.25,94.68,cash
TRIP03089,USR0063,SC0102,MTY,2024-10-22T06:08:09,2024-10-22T07:09:09,1.69,23.0,qr_code
TRIP01836,USR0242,SC0032,Monterrey,2024-05-10T16:22:27,2024-05-10T17:26:27,5.98,96.2,qr_code
TRIP00163,USR0185,SC0206,MTY,2024-10-28T16:30:12,2024-10-28T16:47:12,4.73,58.21,wallet
TRIP04577,USR0254,SC0136,CDMX,2024-03-05T17:10:04,2024-03-05T17:18:04,0.0,78.76,credit_card
TRIP03176,USR0169,SC0045,Ciudad de Mexico,2024-08-13T21:51:58,2024-08-13T22:55:58,8.68,114.88,credit_card
TRIP03330,USR0488,SC0123,MTY,2024-09-26T17:25:19,2024-09-26T18:09:19,8.89,91.09,cash
TRIP01314,USR0014,SC0033,MTY,2024-03-29T17:30:35,2024-03-29T17:42:35,10.96,$99.25,credit_card
TRIP00335,USR0439,SC0177,CDMX,2024-08-20T08:05:27,2024-08-20T08:24:27,11.48,101.87,qr_code
TRIP01136,USR0426,SC0131,CDMX,2025-03-12T21:06:27,2025-03-12T21:32:27,9.44,118.12,qr_code
TRIP00536,USR0031,SC0139,Monterrey,2024-08-09T11:31:06,2024-08-09T12:19:06,8.15,130.58,wallet
TRIP03668,USR0392,SC0066,Monterrey,2024-11-25T09:57:01,2024-11-25T10:26:01,12.03,193.44,wallet
TRIP04141,USR0491,SC0072,Guadalajara,2025-06-26T07:07:57,2025-06-26T07:49:57,12.72,$148.92,credit_card
TRIP04170,USR0111,SC0062,Monterrey,2024-08-08T12:59:38,2024-08-08T14:08:38,1.19,28.71,wallet
TRIP00989,USR0073,SC0031,GDL,2025-04-02T20:17:20,2025-04-02T20:42:20,10.04,139.91,qr_code
TRIP00669,USR0135,SC0028,CDMX,2024-07-09T18:31:49,2024-07-09T19:46:49,12.92,181.33,wallet
TRIP04852,USR0030,SC0040,MTY,2025-06-06T13:56:22,2025-06-06T14:46:22,11.78,136.11,cash
TRIP01304,USR0301,SC0013,Ciudad de Mexico,2024-05-23T16:32:17,2024-05-23T17:01:17,9.4,135.05,cash
TRIP00582,USR0061,SC0174,Monterrey,2024-12-10T16:46:02,2024-12-10T17:00:02,7.01,87.89,cash
TRIP01141,USR0441,SC0119,MTY,2024-04-30T08:41:03,2024-04-30T09:24:03,6.72,71.12,wallet
TRIP01499,USR0242,SC0151,Guadalajara,2024-03-19T07:19:36,2024-03-19T08:10:36,12.35,154.77,cash
TRIP04529,USR0090,SC0038,Monterrey,2024-04-11T06:55:45,2024-04-11T08:05:45,2.23,42.15,cash
TRIP02922,USR0368,SC0066,MTY,2024-04-16T12:31:05,2024-04-16T13:30:05,9.34,99.09,cash
TRIP00720,USR0360,SC0072,Guadalajara,2024-08-21T16:37:18,2024-08-21T17:58:18,3.66,45.88,credit_card
TRIP01015,USR0055,SC0027,Ciudad de Mexico,2025-04-17T11:22:33,2025-04-17T12:43:33,5.39,$80.75,wallet
TRIP03382,USR0476,SC0163,CDMX,2024-09-26T15:05:19,2024-09-26T16:09:19,11.74,178.26,qr_code
TRIP02662,USR0088,SC0075,MTY,2025-03-13T22:23:18,2025-03-13T23:45:18,4.44,64.77,wallet
TRIP02760,USR0405,SC0149,CDMX,2024-01-28T12:50:17,2024-01-28T13:58:17,13.11,137.2,credit_card
TRIP01180,USR0196,SC0048,cdmx,2024-09-16T14:52:56,2024-09-16T15:59:56,0.66,25.89,debit_card
TRIP01716,USR0238,SC0159,cdmx,2025-03-21T17:23:32,2025-03-21T18:28:32,14.19,154.88,cash
TRIP01347,USR0330,SC0077,Guadalajara,2024-10-12T14:38:48,2024-10-12T15:06:48,11.22,102.58,wallet
TRIP03322,,SC0243,Ciudad de Mexico,2024-12-24T14:21:20,2024-12-24T14:59:20,6.67,106.82,wallet
TRIP03506,USR0060,SC0193,CDMX,2025-05-19T06:34:30,2025-05-19T08:03:30,10.77,148.18,debit_card
TRIP03461,USR0469,SC0022,Monterrey,2024-01-29T12:10:12,2024-01-29T12:43:12,4.51,67.12,debit_card
TRIP01357,USR0201,SC0006,Monterrey,2025-05-20T15:01:25,2025-05-20T16:30:25,14.93,154.14,debit_card
TRIP01724,USR0234,SC0057,Ciudad de Mexico,2025-06-11T20:37:55,2025-06-11T20:47:55,2.2,28.61,cash
TRIP00588,USR0450,SC0163,Ciudad de Mexico,2024-01-09T15:55:14,2024-01-09T16:25:14,12.3,170.8,credit_card
TRIP04892,USR0327,SC0086,CDMX,2024-05-16T12:52:42,2024-05-16T13:58:42,6.77,70.95,qr_code
TRIP01008,USR0454,SC0088,MTY,2024-07-25T10:44:02,2024-07-25T11:21:02,6.4,82.5,credit_card
TRIP04243,USR0134,SC0018,MTY,2024-09-13T19:29:58,2024-09-13T20:03:58,5.23,77.89,credit_card
TRIP03028,USR0140,SC0188,Ciudad de Mexico,2025-03-12T18:21:05,2025-03-12T19:38:05,6.35,78.94,qr_code
TRIP00473,,SC0181,MTY,2024-12-19T18:58:52,2024-12-19T20:10:52,7.01,83.3,debit_card
TRIP01297,USR0385,SC0117,CDMX,2024-04-28T19:06:45,2024-04-28T19:25:45,0.93,29.61,wallet
TRIP02124,USR0079,SC0059,cdmx,2024-04-24T10:26:06,2024-04-24T10:47:06,7.06,82.99,qr_code
TRIP00356,USR0324,SC0191,CDMX,2024-10-07T19:31:30,2024-10-07T20:28:30,6.62,102.03,cash
TRIP00673,USR0160,SC0185,Ciudad de Mexico,2024-03-09T11:09:30,2024-03-09T11:34:30,14.29,155.37,wallet
TRIP01247,USR0301,SC0127,CDMX,2024-05-30T07:35:38,2024-05-30T08:09:38,7.92,126.45,wallet
TRIP02989,USR0335,SC0027,CDMX,2025-06-14T18:56:08,2025-06-14T19:40:08,6.74,89.58,wallet
TRIP03225,USR0031,SC0177,cdmx,2025-01-01T18:27:23,2025-01-01T19:44:23,5.08,57.47,wallet
TRIP01406,USR0397,SC0066,MTY,2024-08-27T11:36:16,2024-08-27T11:52:16,8.36,$125.17,qr_code
TRIP03119,USR0439,SC0129,GDL,2024-03-01T19:00:40,2024-03-01T18:53:40,4.81,72.43,debit_card
TRIP02130,USR0442,SC0089,cdmx,2024-03-15T15:22:17,2024-03-15T15:43:17,11.7,174.64,qr_code
TRIP02645,USR0388,SC0170,Ciudad de Mexico,2025-02-07T09:01:56,2025-02-07T10:17:56,4.13,73.54,debit_card
TRIP00791,USR0363,SC0080,cdmx,2024-07-07T18:16:26,2024-07-07T18:32:26,2.65,46.2,cash
TRIP02515,USR0456,SC0105,Ciudad de Mexico,2024-06-09T13:24:59,2024-06-09T14:29:59,8.15,$99.40,debit_card
TRIP02559,USR0180,SC0026,cdmx,2024-12-31T17:16:03,2024-12-31T18:07:03,13.77,143.6,wallet
TRIP01151,USR0134,SC0039,GDL,2025-05-28T17:16:40,2025-05-28T18:02:40,2.09,$38.27,qr_code
TRIP00155,USR0409,SC0181,Monterrey,2024-06-26T16:51:47,2024-06-26T17:41:47,10.66,169.44,debit_card
TRIP01463,USR0338,SC0141,CDMX,2025-05-10T10:23:29,2025-05-10T11:32:29,3.74,56.49,cash
TRIP01752,USR0030,SC0038,MTY,2024-04-30T15:52:32,2024-04-30T16:28:32,12.15,$135.09,wallet
TRIP03815,USR0371,SC0098,MTY,2025-01-24T18:15:32,2025-01-24T18:24:32,7.58,116.11,qr_code
TRIP02463,USR0356,SC0177,cdmx,2024-07-12T21:17:07,2024-07-12T22:07:07,8.52,134.89,debit_card
TRIP00029,USR0456,SC0082,CDMX,2024-09-13T08:43:53,2024-09-13T10:01:53,11.59,173.01,debit_card
TRIP00322,USR0331,SC0050,cdmx,2024-03-05T18:53:33,2024-03-05T20:20:33,10.01,147.51,qr_code
TRIP03376,USR0422,SC0076,Ciudad de Mexico,2024-09-18T08:21:55,2024-09-18T08:35:55,11.41,157.32,qr_code
TRIP02703,USR0355,SC0003,CDMX,2025-02-22T08:23:47,2025-02-22T08:43:47,2.6,44.21,credit_card
TRIP02102,USR0245,SC0071,cdmx,2024-08-30T07:09:14,2024-08-30T08:18:14,5.85,89.85,qr_code
TRIP00166,USR0086,SC0050,cdmx,2024-05-09T06:43:27,2024-05-09T07:13:27,12.59,142.11,credit_card
TRIP04956,USR0207,SC0193,Ciudad de Mexico,2024-08-23T19:26:41,2024-08-23T19:57:41,13.88,149.81,credit_card
TRIP00012,USR0441,SC0018,Monterrey,2025-03-11T18:44:33,2025-03-11T19:48:33,12.8,160.32,qr_code
TRIP03072,USR0145,SC0007,Guadalajara,2025-04-24T18:52:52,2025-04-24T19:53:52,11.08,135.41,qr_code
TRIP02356,USR0067,SC0110,GDL,2024-01-05T19:24:31,2024-01-05T20:50:31,7.45,100.83,qr_code
TRIP00638,USR0214,SC0175,GDL,2024-05-03T16:34:45,2024-05-03T16:42:45,1.37,36.17,credit_card
TRIP03893,USR0102,SC0193,Ciudad de Mexico,2024-08-14T03:19:41,2024-08-14T03:59:41,11.03,$148.17,cash
TRIP04842,USR0418,SC0067,CDMX,2024-12-26T11:03:08,2024-12-26T11:48:08,11.45,136.17,cash
TRIP00463,USR0153,SC0024,Ciudad de Mexico,2024-11-29T20:50:34,2024-11-29T21:18:34,6.21,101.97,credit_card
TRIP02856,USR0202,SC0075,MTY,2024-07-02T12:15:16,2024-07-02T13:09:16,9.96,$145.57,cash
TRIP01902,USR0242,SC0154,Monterrey,2024-12-04T19:51:28,2024-12-04T20:56:28,12.57,113.68,credit_card
TRIP00114,USR0224,SC0015,MTY,2024-11-30T09:28:31,2024-11-30T10:02:31,6.76,$101.15,qr_code
TRIP01323,USR0071,SC0171,GDL,2024-10-25T06:01:13,2024-10-25T06:35:13,1.86,35.98,debit_card
TRIP00923,USR0395,SC0101,Ciudad de Mexico,2024-07-31T08:45:41,2024-07-31T09:06:41,5.25,$74.72,credit_card
TRIP01178,USR0265,SC0121,Monterrey,2025-04-23T07:26:34,2025-04-23T07:31:34,2.13,44.4,debit_card
TRIP01620,USR0130,SC0080,cdmx,2024-08-25T05:45:08,2024-08-25T06:47:08,4.1,50.52,wallet
TRIP03696,USR0133,SC0056,Monterrey,2025-04-10T19:37:48,2025-04-10T20:36:48,7.08,86.53,cash
TRIP04668,USR0290,SC0151,GDL,2025-03-22T17:20:55,2025-03-22T18:10:55,9.12,83.18,qr_code
TRIP02530,,SC0086,Ciudad de Mexico,2025-03-02T11:13:38,2025-03-02T11:56:38,3.34,47.07,credit_card
TRIP02338,USR0136,SC0041,Monterrey,2024-11-11T19:25:33,2024-11-11T20:53:33,8.87,113.21,credit_card
TRIP02628,USR0107,SC0142,MTY,2024-10-24T18:10:05,2024-10-24T18:17:05,10.3,164.84,debit_card
TRIP04567,USR0487,SC0041,MTY,2025-03-30T18:02:03,2025-03-30T19:24:03,9.18,146.37,cash
TRIP00117,USR0223,SC0078,CDMX,2025-01-04T08:40:31,2025-01-04T10:01:31,2.46,30.73,wallet
TRIP02522,USR0001,SC0141,Ciudad de Mexico,2024-05-08T08:02:04,2024-05-08T08:41:04,4.95,71.77,wallet
TRIP03165,USR0476,SC0023,cdmx,2024-06-30T07:46:37,2024-06-30T08:49:37,14.73,216.89,wallet
TRIP03940,USR0389,SC0055,MTY,2024-06-04T10:36:14,2024-06-04T11:12:14,6.03,$72.81,debit_card
TRIP04372,USR0189,SC0014,CDMX,2024-08-21T06:59:47,2024-08-21T07:46:47,9.19,98.59,cash
TRIP04097,USR0417,SC0002,CDMX,2024-09-23T00:05:11,2024-09-23T01:12:11,7.64,$81.18,credit_card
TRIP00296,USR0243,SC0140,Ciudad de Mexico,2025-03-21T20:28:24,2025-03-21T21:13:24,1.09,30.28,wallet
TRIP04761,USR0219,SC0139,MTY,2024-12-10T12:08:51,2024-12-10T12:16:51,2.14,$44.06,debit_card
TRIP03288,USR0173,SC0099,Guadalajara,2024-03-26T20:25:32,2024-03-26T21:44:32,8.38,110.85,wallet
TRIP03178,USR0249,SC0042,CDMX,2024-04-09T19:05:47,2024-04-09T19:51:47,9.88,124.86,cash
TRIP03913,USR0060,SC0003,Ciudad de Mexico,2025-01-09T09:17:20,2025-01-09T10:19:20,6.16,62.49,cash
TRIP00207,USR0157,SC0186,Ciudad de Mexico,2024-12-18T20:54:32,2024-12-18T21:17:32,12.6,125.66,credit_card
TRIP01046,USR0437,SC0067,Ciudad de Mexico,2024-11-02T13:47:43,2024-11-02T13:54:43,2.68,39.3,wallet
TRIP04952,USR0347,SC0048,Ciudad de Mexico,2025-03-20T15:55:03,2025-03-20T16:03:03,8.7,$96.14,debit_card
TRIP03391,USR0463,SC0031,Guadalajara,2024-12-10T14:35:18,2024-12-10T15:33:18,12.67,$129.53,qr_code
TRIP03533,USR0042,SC0103,Monterrey,2024-10-11T18:03:50,2024-10-11T19:11:50,6.11,87.74,debit_card
TRIP00338,USR0302,SC0034,GDL,2025-01-23T14:26:07,2025-01-23T15:11:07,2.47,48.51,credit_card
TRIP00326,USR0058,SC0006,MTY,2024-05-22T07:01:25,2024-05-22T08:25:25,1.84,30.05,debit_card
TRIP03704,USR0258,SC0106,MTY,2024-01-13T16:04:22,2024-01-13T16:52:22,4.86,85.83,credit_card
TRIP01437,USR0095,SC0024,Ciudad de Mexico,2024-05-24T16:57:38,2024-05-24T17:36:38,4.95,56.71,credit_card
TRIP01711,USR0106,SC0054,GDL,2024-11-26T08:12:21,2024-11-26T08:36:21,12.55,110.28,qr_code
TRIP00975,USR0325,SC0012,Monterrey,2024-06-01T07:45:28,2024-06-01T08:53:28,10.58,102.88,debit_card
TRIP04029,USR0248,SC0142,MTY,2025-01-19T17:22:02,2025-01-19T18:49:02,2.93,52.56,qr_code
TRIP02730,USR0393,SC0005,Monterrey,2025-03-07T08:17:43,2025-03-07T08:29:43,4.48,54.26,cash
TRIP02854,USR0079,SC0071,Ciudad de Mexico,2024-05-24T13:59:30,2024-05-24T14:50:30,13.9,213.05,debit_card
TRIP03974,USR0041,SC0102,MTY,2024-08-27T16:46:03,2024-08-27T18:10:03,6.92,69.0,cash
TRIP03226,USR0359,SC0133,Guadalajara,2024-03-14T19:04:46,2024-03-14T20:05:46,14.83,176.2,credit_card
TRIP04308,USR0078,SC0108,Ciudad de Mexico,2025-04-10T09:31:20,2025-04-10T10:00:20,8.65,147.31,wallet
TRIP03660,USR0479,SC0073,Guadalajara,2025-01-29T12:22:17,2025-01-29T13:39:17,5.72,96.52,credit_card
TRIP03425,USR0457,SC0057,cdmx,2024-01-01T17:52:43,2024-01-01T18:21:43,13.15,123.4,wallet
TRIP00609,USR0141,SC0150,Ciudad de Mexico,2025-04-10T13:55:41,2025-04-10T15:09:41,0.92,20.42,debit_card
TRIP03027,USR0411,SC0027,Ciudad de Mexico,2024-11-06T07:38:47,2024-11-06T08:31:47,14.99,139.74,qr_code
TRIP04150,USR0430,SC0181,Monterrey,2024-02-13T18:19:19,2024-02-13T19:24:19,7.58,99.42,qr_code
TRIP04363,USR0131,SC0038,MTY,2024-12-02T13:02:55,2024-12-02T13:57:55,5.13,88.85,qr_code
TRIP02610,USR0395,SC0115,GDL,2024-11-20T10:19:17,2024-11-20T11:48:17,10.0,102.63,debit_card
TRIP01181,USR0111,SC0004,Ciudad de Mexico,2024-04-02T07:14:29,2024-04-02T08:05:29,13.69,175.21,credit_card
TRIP03596,USR0177,SC0189,Ciudad de Mexico,2024-02-06T10:44:34,2024-02-06T10:50:34,7.68,116.92,qr_code
TRIP01424,USR0176,SC0038,MTY,2024-02-07T05:36:47,2024-02-07T05:51:47,12.32,165.3,wallet
TRIP02378,USR0265,SC0182,Monterrey,2024-04-05T08:28:52,2024-04-05T09:46:52,4.0,48.62,qr_code
TRIP02561,USR0464,SC0010,CDMX,2025-04-13T10:45:03,2025-04-13T11:03:03,6.58,93.1,debit_card
TRIP04028,USR0122,SC0006,Monterrey,2025-02-19T19:44:54,2025-02-19T20:21:54,7.05,87.21,credit_card
TRIP02301,USR0379,SC0089,Ciudad de Mexico,2025-05-09T19:20:27,2025-05-09T19:46:27,13.35,146.92,cash
TRIP00230,USR0215,SC0094,cdmx,2024-10-03T15:54:24,2024-10-03T16:24:24,2.67,44.07,qr_code
TRIP02455,USR0074,SC0118,Monterrey,2024-05-03T17:08:40,2024-05-03T17:49:40,2.61,41.71,credit_card
TRIP03209,USR0235,SC0075,MTY,2024-11-04T13:00:04,2024-11-04T13:25:04,3.57,59.25,cash
TRIP02104,USR0059,SC0095,cdmx,2024-11-25T09:20:46,2024-11-25T10:37:46,4.89,56.58,wallet
TRIP04187,USR0292,SC0149,Ciudad de Mexico,2024-10-11T16:50:58,2024-10-11T17:10:58,8.06,123.35,qr_code
TRIP01326,USR0354,SC0105,Ciudad de Mexico,2024-03-28T11:54:21,2024-03-28T13:20:21,4.65,70.09,qr_code
TRIP00937,USR0120,SC0031,Guadalajara,2024-06-28T20:53:35,2024-06-28T22:21:35,8.06,94.81,credit_card
TRIP00336,USR0130,SC0062,MTY,2024-05-06T08:57:12,2024-05-06T09:25:12,2.61,43.67,cash
TRIP04773,USR0056,SC0083,Monterrey,2024-08-30T08:29:01,2024-08-30T09:59:01,14.81,140.1,cash
TRIP01775,USR0096,SC0057,Ciudad de Mexico,2025-04-23T13:35:49,2025-04-23T14:14:49,10.83,113.29,qr_code
TRIP03338,USR0002,SC0093,Monterrey,2024-03-28T19:22:22,2024-03-28T20:28:22,9.13,114.41,wallet
TRIP01746,USR0412,SC0142,MTY,2024-12-01T09:33:16,2024-12-01T10:53:16,9.69,99.18,credit_card
TRIP04103,USR0484,SC0051,Ciudad de Mexico,2025-05-23T03:19:35,2025-05-23T03:39:35,14.86,186.85,cash
TRIP03604,USR0263,SC0182,Monterrey,2025-02-06T14:15:19,2025-02-06T15:06:19,3.27,61.3,debit_card
TRIP00784,USR0161,SC0013,Ciudad de Mexico,2025-03-22T12:26:30,2025-03-22T12:34:30,4.97,76.65,wallet
TRIP01344,USR0276,SC0182,Monterrey,2024-10-24T18:44:56,2024-10-24T20:13:56,10.13,102.16,credit_card
TRIP04788,USR0386,SC0034,Guadalajara,2025-05-22T08:45:16,2025-05-22T09:40:16,13.92,186.2,wallet
TRIP03966,,SC0153,Ciudad de Mexico,2024-10-07T23:00:04,2024-10-07T23:05:04,8.19,136.29,credit_card
TRIP00951,,SC0115,GDL,2024-03-01T15:00:39,2024-03-01T15:27:39,2.08,34.82,credit_card
TRIP00384,USR0488,SC0195,cdmx,2025-03-29T01:51:33,2025-03-29T02:04:33,14.74,140.8,debit_card
TRIP03064,USR0347,SC0100,GDL,2024-07-23T13:07:39,2024-07-23T13:14:39,6.24,70.0,cash
TRIP04328,USR0001,SC0131,Ciudad de Mexico,2024-12-11T18:22:16,2024-12-11T18:50:16,6.84,91.17,debit_card
TRIP00406,USR0209,SC0171,GDL,2025-04-22T14:02:56,2025-04-22T14:35:56,8.22,94.83,qr_code
TRIP03694,USR0282,SC0152,Monterrey,2024-02-23T12:14:20,2024-02-23T12:50:20,1.98,33.54,debit_card
TRIP03835,USR0168,SC0004,CDMX,2024-11-16T08:46:59,2024-11-16T09:38:59,12.05,146.72,wallet
TRIP03456,USR0351,SC0062,Monterrey,2024-09-13T07:10:23,2024-09-13T08:20:23,2.06,37.74,qr_code
TRIP00386,USR0455,SC0168,MTY,2025-03-28T19:50:41,2025-03-28T20:46:41,1.72,31.08,debit_card
TRIP00148,USR0475,SC0178,cdmx,2024-11-30T09:04:12,2024-11-30T09:26:12,2.75,37.16,qr_code
TRIP03375,USR0140,SC0050,cdmx,2025-05-22T15:44:05,2025-05-22T16:13:05,14.05,181.09,cash
TRIP02749,USR0006,SC0116,Guadalajara,2025-05-02T18:39:30,2025-05-02T19:39:30,8.29,78.35,debit_card
TRIP02875,USR0345,SC0100,GDL,2024-06-10T09:38:46,2024-06-10T10:37:46,4.56,59.42,credit_card
TRIP01952,,SC0102,Monterrey,2025-04-25T16:34:54,2025-04-25T17:05:54,7.3,101.68,debit_card
TRIP00444,USR0189,SC0138,MTY,2024-09-09T05:52:23,2024-09-09T07:17:23,10.15,105.79,debit_card
TRIP03950,USR0215,SC0196,GDL,2024-03-08T18:19:35,2024-03-08T18:35:35,9.92,106.62,debit_card
TRIP03398,USR0035,SC0193,CDMX,2025-05-12T14:21:29,2025-05-12T15:18:29,8.78,132.98,wallet
TRIP00251,USR0155,SC0215,Monterrey,2024-10-09T14:36:59,2024-10-09T15:54:59,5.66,61.27,debit_card
TRIP01730,USR0116,SC0068,Ciudad de Mexico,2025-06-25T17:46:21,2025-06-25T19:05:21,14.78,189.78,cash
TRIP00622,USR0385,SC0015,Monterrey,2024-08-23T08:13:19,2024-08-23T09:13:19,3.11,37.83,wallet
TRIP00747,USR0428,SC0189,Ciudad de Mexico,2025-05-22T06:19:15,2025-05-22T07:15:15,9.75,$150.81,cash
TRIP03386,USR0174,SC0155,CDMX,2025-03-03T20:33:21,2025-03-03T21:23:21,9.02,133.27,cash
TRIP01036,USR0157,SC0181,Monterrey,2024-01-01T11:36:59,2024-01-01T12:45:59,9.76,128.38,wallet
TRIP04146,USR0397,SC0074,CDMX,2024-03-17T21:48:51,2024-03-17T22:08:51,4.13,51.29,cash
TRIP01366,USR0396,SC0173,cdmx,2024-12-04T18:46:57,2024-12-04T19:03:57,5.61,65.93,cash
TRIP04869,USR0252,SC0009,CDMX,2024-03-24T08:36:06,2024-03-24T08:47:06,5.96,95.44,debit_card
TRIP01753,USR0258,SC0055,MTY,2024-08-08T23:40:02,2024-08-09T00:44:02,0.57,17.54,qr_code
TRIP01148,USR0408,SC0030,MTY,2024-07-04T06:14:06,2024-07-04T07:20:06,2.36,45.14,debit_card
TRIP04225,USR0046,SC0123,Monterrey,2024-10-18T09:29:04,2024-10-18T10:42:04,1.39,24.89,wallet
TRIP02385,USR0226,SC0049,MTY,2024-01-02T09:17:24,2024-01-02T10:01:24,11.85,134.83,credit_card
TRIP04211,USR0041,SC0126,CDMX,2024-01-24T11:55:07,2024-01-24T12:07:07,0.57,20.94,credit_card
TRIP03482,USR0311,SC0103,MTY,2025-01-13T08:13:10,2025-01-13T09:08:10,13.17,131.11,qr_code
TRIP03396,USR0391,SC0057,cdmx,2025-03-25T17:28:28,2025-03-25T18:57:28,10.33,116.26,qr_code
TRIP04459,USR0251,SC0196,GDL,2025-01-24T07:36:32,2025-01-24T07:46:32,13.44,187.84,wallet
TRIP04339,USR0301,SC0060,cdmx,2024-07-01T19:16:44,2024-07-01T20:43:44,10.08,127.79,wallet
TRIP04749,USR0390,SC0008,CDMX,2024-03-22T15:14:10,2024-03-22T16:04:10,1.68,35.08,qr_code
TRIP00566,USR0378,SC0231,MTY,2024-02-23T11:08:27,2024-02-23T12:07:27,2.21,45.76,cash
TRIP02306,USR0278,SC0169,CDMX,2024-10-02T07:36:43,2024-10-02T08:30:43,6.99,101.51,wallet
TRIP00521,USR0089,SC0110,GDL,2025-06-13T08:45:51,2025-06-13T09:06:51,11.87,179.42,qr_code
TRIP04462,USR0309,SC0013,Ciudad de Mexico,2025-02-14T19:27:39,2025-02-14T20:28:39,4.23,67.26,qr_code
TRIP03850,USR0116,SC0108,cdmx,2025-05-27T09:46:43,2025-05-27T09:51:43,4.96,66.77,credit_card
TRIP04891,USR0270,SC0098,Monterrey,2024-12-09T16:39:39,2024-12-09T16:45:39,13.74,199.92,debit_card
TRIP02199,USR0171,SC0187,Guadalajara,2024-06-13T18:08:33,2024-06-13T19:33:33,7.38,103.66,wallet
TRIP04917,USR0333,SC0181,MTY,2025-06-16T07:56:24,2025-06-16T08:17:24,12.83,168.33,cash
TRIP02946,USR0131,SC0136,Ciudad de Mexico,2024-04-18T18:26:33,2024-04-18T19:41:33,7.3,119.99,wallet
TRIP01293,USR0179,SC0129,GDL,2024-08-01T18:18:56,2024-08-01T18:41:56,9.75,91.24,cash
TRIP00373,USR0024,SC0179,CDMX,2024-10-31T17:48:42,2024-10-31T18:50:42,14.52,212.53,qr_code
TRIP02654,USR0258,SC0169,CDMX,2024-07-02T07:17:18,2024-07-02T08:45:18,1.04,24.86,cash
TRIP02986,USR0434,SC0082,Ciudad de Mexico,2024-06-13T07:41:12,2024-06-13T08:44:12,9.61,116.5,cash
TRIP00698,USR0293,SC0003,CDMX,2024-04-29T00:15:42,2024-04-29T01:02:42,12.49,$149.99,debit_card
TRIP03118,USR0078,SC0175,GDL,2024-10-09T21:41:54,2024-10-09T22:18:54,3.34,39.36,qr_code
TRIP00997,USR0324,SC0179,Ciudad de Mexico,2024-04-01T13:50:53,2024-04-01T15:15:53,4.3,76.96,cash
TRIP00751,USR0351,SC0173,cdmx,2025-03-31T08:17:44,2025-03-31T09:34:44,9.98,97.03,wallet
TRIP00744,USR0328,SC0036,Monterrey,2024-05-31T18:31:43,2024-05-31T19:45:43,1.75,24.17,wallet
TRIP01795,USR0002,SC0015,MTY,2025-04-23T19:08:31,2025-04-23T20:04:31,5.5,91.52,wallet
TRIP02529,USR0330,SC0178,cdmx,2024-05-11T19:23:36,2024-05-11T20:06:36,6.27,109.56,credit_card
TRIP03675,USR0252,SC0186,Ciudad de Mexico,2024-09-17T16:22:05,2024-09-17T16:52:05,5.82,$90.30,cash
TRIP04538,USR0442,SC0142,Monterrey,2025-02-25T09:35:13,2025-02-25T10:03:13,11.15,139.65,wallet
TRIP04038,USR0299,SC0139,Monterrey,2024-10-03T06:34:44,2024-10-03T06:49:44,2.83,60.8,debit_card
TRIP03086,USR0297,SC0153,cdmx,2024-06-12T14:14:05,2024-06-12T14:29:05,7.96,97.58,wallet
TRIP00383,USR0004,SC0126,cdmx,2024-12-15T08:17:23,2024-12-15T09:15:23,2.7,47.17,wallet
TRIP00208,USR0038,SC0029,GDL,2024-09-13T17:31:21,2024-09-13T18:21:21,1.95,42.56,wallet
TRIP04576,USR0161,SC0127,CDMX,2024-10-23T13:24:24,2024-10-23T14:09:24,1.39,27.99,cash
TRIP03864,USR0498,SC0182,MTY,2024-04-02T08:35:34,2024-04-02T09:31:34,9.72,106.03,wallet
TRIP04923,USR0135,SC0186,cdmx,2024-09-16T19:10:12,2024-09-16T20:06:12,9.95,128.4,wallet
TRIP03509,USR0070,SC0164,Guadalajara,2025-03-26T05:54:00,2025-03-26T06:41:00,3.32,42.99,credit_card
TRIP01197,USR0428,SC0056,Monterrey,2024-09-11T07:25:03,2024-09-11T08:52:03,1.23,18.62,credit_card
TRIP04815,USR0041,SC0105,CDMX,2024-02-22T00:33:21,2024-02-22T01:52:21,6.14,65.84,credit_card
TRIP02812,USR0215,SC0151,Guadalajara,2025-03-19T09:30:40,2025-03-19T09:58:40,10.78,103.42,debit_card
TRIP03736,USR0469,SC0122,MTY,2024-09-05T14:23:51,2024-09-05T15:32:51,10.7,106.0,debit_card
TRIP02228,USR0235,SC0075,MTY,2024-12-11T19:39:06,2024-12-11T20:24:06,5.99,66.72,qr_code
TRIP00460,USR0384,SC0007,Guadalajara,2024-05-31T22:43:53,2024-05-31T23:09:53,14.63,141.22,cash
TRIP01095,,SC0114,cdmx,2024-04-22T13:39:54,2024-04-22T14:56:54,1.13,28.29,debit_card
TRIP00427,USR0301,SC0180,Ciudad de Mexico,2025-04-14T00:09:28,2025-04-14T00:22:28,4.08,55.57,wallet
TRIP00641,USR0158,SC0061,GDL,2024-11-08T12:18:09,2024-11-08T12:39:09,6.07,81.04,cash
TRIP04545,USR0304,SC0175,GDL,2024-07-13T07:16:36,2024-07-13T08:37:36,10.43,148.85,wallet
TRIP02526,USR0456,SC0243,Monterrey,2024-11-01T12:27:35,2024-11-01T12:39:35,7.94,121.89,credit_card
TRIP04239,USR0170,SC0021,GDL,2024-11-05T07:20:09,2024-11-05T08:13:09,9.22,138.37,credit_card
TRIP02751,USR0113,SC0169,cdmx,2024-09-21T10:27:21,2024-09-21T10:55:21,4.9,92.34,credit_card
TRIP03977,USR0115,SC0050,CDMX,2024-08-15T10:38:46,2024-08-15T11:29:46,0.66,24.96,wallet
TRIP04434,USR0115,SC0100,GDL,2024-12-20T14:36:27,2024-12-20T15:45:27,14.37,146.18,cash
TRIP03710,USR0291,SC0169,CDMX,2024-12-23T19:00:23,2024-12-23T19:33:23,8.77,139.85,debit_card
TRIP05000,USR0368,SC0160,CDMX,2025-03-26T20:36:21,2025-03-26T21:23:21,3.11,61.15,debit_card
TRIP04231,USR0290,SC0127,CDMX,2024-02-13T08:06:00,2024-02-13T08:41:00,5.86,81.33,credit_card
TRIP00036,USR0401,SC0111,Guadalajara,2025-06-30T09:45:56,2025-06-30T10:52:56,1.49,37.32,credit_card
TRIP00561,USR0350,SC0152,Monterrey,2025-06-24T19:36:52,2025-06-24T20:41:52,13.55,206.37,wallet
TRIP00455,USR0194,SC0154,Monterrey,2024-08-16T09:07:05,2024-08-16T09:55:05,11.3,110.1,wallet
TRIP01692,USR0203,SC0063,Monterrey,2024-02-29T06:55:36,2024-02-29T08:22:36,4.57,81.51,debit_card
TRIP03557,USR0070,SC0197,MTY,2024-05-14T09:01:07,2024-05-14T09:39:07,2.55,46.81,cash
TRIP04955,USR0206,SC0002,CDMX,2025-04-07T08:51:47,2025-04-07T09:07:47,4.39,50.8,wallet
TRIP04992,USR0104,SC0114,Ciudad de Mexico,2025-01-24T16:28:06,2025-01-24T17:05:06,11.65,159.09,credit_card
TRIP00983,USR0342,SC0175,Guadalajara,2024-08-29T09:12:52,2024-08-29T09:21:52,1.64,40.42,wallet
TRIP02075,USR0331,SC0044,cdmx,2024-11-20T07:26:45,2024-11-20T08:56:45,14.28,175.18,qr_code
TRIP03088,USR0366,SC0041,MTY,2025-04-18T18:22:48,2025-04-18T19:01:48,12.19,176.27,qr_code
TRIP03021,USR0254,SC0065,GDL,2024-10-24T12:43:46,2024-10-24T13:46:46,5.02,65.38,qr_code
TRIP01946,USR0025,SC0200,GDL,2024-03-13T16:00:27,2024-03-13T16:58:27,2.16,34.82,wallet
TRIP03549,USR0271,SC0196,Guadalajara,2024-08-14T07:45:00,2024-08-14T08:29:00,2.84,57.44,wallet
TRIP00347,USR0154,SC0092,MTY,2024-07-25T19:50:04,2024-07-25T21:03:04,4.81,74.86,credit_card
TRIP02082,USR0484,SC0094,CDMX,2025-04-03T13:13:16,2025-04-03T13:34:16,5.35,84.63,credit_card
TRIP03665,USR0248,SC0047,CDMX,2025-04-17T20:14:19,2025-04-17T20:25:19,9.55,132.54,cash
TRIP02475,USR0213,SC0228,cdmx,2024-09-30T14:22:59,2024-09-30T14:36:59,5.59,62.1,credit_card
TRIP00370,USR0050,SC0165,Guadalajara,2024-07-23T19:30:17,2024-07-23T20:47:17,6.63,77.93,credit_card
TRIP02825,USR0211,SC0071,cdmx,2025-05-05T08:43:58,2025-05-05T10:07:58,11.75,184.47,cash
TRIP02394,USR0327,SC0129,GDL,2024-10-08T23:31:44,2024-10-09T00:49:44,5.45,77.42,qr_code
TRIP02534,USR0352,SC0116,GDL,2024-06-07T14:53:21,2024-06-07T16:02:21,13.19,124.9,cash
TRIP00889,USR0121,SC0166,cdmx,2024-11-24T06:53:55,2024-11-24T07:18:55,8.77,133.57,qr_code
TRIP00979,USR0214,SC0083,MTY,2025-04-16T19:02:24,2025-04-16T19:36:24,1.72,30.83,cash
TRIP01378,USR0451,SC0196,GDL,2024-11-19T12:25:03,2024-11-19T13:00:03,0.62,25.18,wallet
TRIP02057,USR0002,SC0140,Ciudad de Mexico,2024-04-20T17:04:39,2024-04-20T18:20:39,12.68,174.3,wallet
TRIP04440,USR0175,SC0094,Ciudad de Mexico,2024-08-01T21:24:00,2024-08-01T22:07:00,8.95,116.61,credit_card
TRIP02346,USR0058,SC0083,Monterrey,2024-09-18T17:12:35,2024-09-18T18:09:35,13.23,203.71,debit_card
TRIP01786,USR0396,SC0047,cdmx,2024-03-26T07:24:29,2024-03-26T08:45:29,3.99,62.06,debit_card
TRIP02586,USR0331,SC0194,GDL,2025-05-06T14:42:46,2025-05-06T16:00:46,6.93,$70.38,debit_card
TRIP04645,USR0139,SC0170,CDMX,2024-08-05T22:54:13,2024-08-06T00:13:13,6.45,84.14,debit_card
TRIP00515,USR0059,SC0130,GDL,2024-09-26T00:28:53,2024-09-26T00:49:53,8.89,89.58,qr_code
TRIP00126,USR0161,SC0100,Guadalajara,2024-04-29T17:32:24,2024-04-29T18:30:24,6.63,88.69,debit_card
TRIP00318,USR0037,SC0147,Monterrey,2024-12-06T09:48:17,2024-12-06T11:11:17,11.92,120.33,credit_card
TRIP04394,USR0380,SC0041,Monterrey,2024-04-12T21:36:08,2024-04-12T22:13:08,11.35,114.17,qr_code
TRIP02706,USR0259,SC0105,cdmx,2024-02-27T06:52:58,2024-02-27T07:40:58,6.04,85.41,cash
TRIP03552,USR0219,SC0084,GDL,2024-04-15T06:19:21,2024-04-15T06:49:21,11.95,164.07,debit_card
TRIP00325,USR0394,SC0144,GDL,2024-11-23T22:34:32,2024-11-23T23:21:32,13.49,215.79,debit_card
TRIP01376,USR0204,SC0017,Ciudad de Mexico,2024-11-25T17:27:49,2024-11-25T18:33:49,2.49,$40.64,cash
TRIP04563,USR0440,SC0108,cdmx,2024-01-10T19:09:58,2024-01-10T20:15:58,11.25,164.62,cash
TRIP01637,USR0161,SC0015,Monterrey,2024-07-08T19:23:31,2024-07-08T20:05:31,1.37,29.76,wallet
TRIP02952,USR0304,SC0129,GDL,2024-03-08T07:23:48,2024-03-08T07:35:48,3.89,42.85,wallet
TRIP04219,USR0337,SC0009,Ciudad de Mexico,2024-11-20T06:48:15,2024-11-20T07:45:15,10.63,119.85,wallet
TRIP04470,USR0129,SC0141,Ciudad de Mexico,2024-06-14T16:28:05,2024-06-14T17:53:05,5.58,86.92,wallet
TRIP02080,USR0412,SC0233,Ciudad de Mexico,2024-01-09T09:22:32,2024-01-09T10:28:32,10.05,129.53,qr_code
TRIP00164,USR0329,SC0048,Ciudad de Mexico,2025-01-13T06:28:29,2025-01-13T07:06:29,1.39,$33.45,cash
TRIP02010,USR0344,SC0045,Ciudad de Mexico,2025-04-18T08:26:46,2025-04-18T08:54:46,9.67,94.29,cash
TRIP04512,USR0179,SC0181,MTY,2025-02-28T08:04:29,2025-02-28T09:21:29,10.3,160.1,wallet
TRIP00116,USR0306,SC0082,cdmx,2025-01-29T12:49:05,2025-01-29T14:05:05,8.79,91.47,cash
TRIP01475,USR0420,SC0058,Monterrey,2024-03-19T07:49:44,2024-03-19T09:02:44,10.6,101.86,qr_code
TRIP03569,USR0455,SC0062,Monterrey,2024-08-07T21:09:00,2024-08-07T21:40:00,2.38,$46.87,debit_card
TRIP03605,USR0188,SC0159,CDMX,2024-07-03T11:17:20,2024-07-03T12:14:20,5.03,56.22,credit_card
TRIP02858,USR0300,SC0184,cdmx,2024-01-19T14:28:54,2024-01-19T14:55:54,14.26,228.89,qr_code
TRIP04193,USR0263,SC0040,MTY,2025-06-17T17:33:00,2025-06-17T18:32:00,3.91,67.02,wallet
TRIP02617,USR0478,SC0040,MTY,2024-07-31T18:10:22,2024-07-31T18:28:22,12.62,163.61,wallet
TRIP00047,USR0122,SC0004,cdmx,2024-06-27T07:26:33,2024-06-27T07:45:33,11.78,143.2,qr_code
TRIP00814,USR0271,SC0202,Monterrey,2025-03-05T00:12:11,2025-03-05T00:30:11,6.66,94.81,wallet
TRIP04679,USR0215,SC0197,MTY,2024-06-20T19:29:46,2024-06-20T20:57:46,6.95,118.32,cash
TRIP00743,USR0097,SC0117,cdmx,2025-03-21T17:50:14,2025-03-21T18:01:14,5.83,93.3,cash
TRIP01777,USR0377,SC0129,GDL,2025-05-05T09:16:38,2025-05-05T09:54:38,3.75,52.77,wallet
TRIP03821,USR0177,SC0166,CDMX,2024-09-10T09:34:05,2024-09-10T10:52:05,14.82,209.24,debit_card
TRIP01945,USR0352,SC0011,Ciudad de Mexico,2024-06-24T18:04:01,2024-06-24T19:13:01,14.71,219.35,wallet
TRIP00855,USR0480,SC0080,cdmx,2024-06-24T20:25:06,2024-06-24T21:29:06,0.65,27.55,credit_card
TRIP04250,USR0309,SC0065,GDL,2024-06-14T10:32:25,2024-06-14T11:17:25,3.34,52.59,credit_card
TRIP04809,USR0048,SC0126,Ciudad de Mexico,2024-04-19T16:33:49,2024-04-19T17:47:49,5.99,86.04,wallet
TRIP00585,USR0061,SC0131,cdmx,2025-03-25T08:58:16,2025-03-25T10:20:16,10.16,99.41,debit_card
TRIP00495,USR0093,SC0044,Ciudad de Mexico,2024-11-04T09:56:06,2024-11-04T10:35:06,14.03,$207.53,credit_card
TRIP01955,USR0054,SC0193,Ciudad de Mexico,2024-05-13T10:18:03,2024-05-13T11:27:03,9.68,109.84,cash
TRIP02458,USR0479,SC0128,GDL,2024-03-11T00:12:00,2024-03-11T01:39:00,6.19,$96.91,wallet
TRIP03717,USR0156,SC0005,Monterrey,2024-10-22T19:29:57,2024-10-22T19:35:57,14.73,$168.10,credit_card
TRIP04650,,SC0124,Monterrey,2025-01-30T08:39:40,2025-01-30T09:07:40,1.78,$39.38,cash
TRIP04238,USR0161,SC0073,GDL,2025-06-11T18:10:26,2025-06-11T18:34:26,11.57,142.38,qr_code
TRIP02890,USR0166,SC0014,cdmx,2025-04-04T19:31:42,2025-04-04T19:40:42,3.29,36.76,qr_code
TRIP03623,USR0252,SC0087,Guadalajara,2024-07-06T15:07:36,2024-07-06T16:02:36,10.88,100.98,cash
TRIP02387,USR0391,SC0048,cdmx,2024-05-25T10:23:49,2024-05-25T11:15:49,11.01,124.78,qr_code
TRIP00334,USR0470,SC0174,Monterrey,2024-05-14T13:19:44,2024-05-14T14:10:44,14.82,192.38,cash
TRIP03619,USR0211,SC0238,Ciudad de Mexico,2024-02-23T09:33:00,2024-02-23T10:29:00,6.72,83.6,credit_card
TRIP02772,USR0189,SC0104,Monterrey,2025-03-18T15:00:04,2025-03-18T15:59:04,7.05,115.11,qr_code
TRIP00519,USR0241,SC0066,Monterrey,2025-04-20T18:45:50,2025-04-20T18:33:50,7.86,92.48,wallet
TRIP03512,USR0439,SC0151,Guadalajara,2025-03-11T15:45:51,2025-03-11T16:53:51,11.09,146.24,wallet
TRIP02206,USR0015,SC0059,CDMX,2025-03-19T08:13:36,2025-03-19T08:55:36,3.51,58.12,cash
TRIP00005,USR0187,SC0195,CDMX,2024-04-15T15:55:26,2024-04-15T17:19:26,3.93,52.91,wallet
TRIP04925,USR0335,SC0158,MTY,2024-02-28T20:32:12,2024-02-28T21:53:12,12.52,174.07,qr_code
TRIP01605,,SC0102,MTY,2025-02-13T19:23:10,2025-02-13T19:33:10,11.01,$109.71,debit_card
TRIP03099,USR0011,SC0105,Ciudad de Mexico,2024-04-29T06:53:26,2024-04-29T07:41:26,6.79,75.61,wallet
TRIP02988,USR0431,SC0026,cdmx,2025-03-19T18:17:58,2025-03-19T19:14:58,6.89,82.98,credit_card
TRIP00733,USR0053,SC0180,CDMX,2024-08-28T10:22:21,2024-08-28T10:37:21,7.64,103.14,wallet
TRIP01991,USR0274,SC0114,Ciudad de Mexico,2024-05-19T07:57:54,2024-05-19T08:30:54,8.48,119.59,qr_code
TRIP02698,USR0045,SC0194,Guadalajara,2024-11-12T15:56:35,2024-11-12T17:01:35,3.85,74.69,qr_code
TRIP03424,,SC0064,Monterrey,2024-06-13T08:07:55,2024-06-13T09:16:55,6.03,$65.15,wallet
TRIP02901,USR0204,SC0199,Guadalajara,2025-03-29T19:59:40,2025-03-29T21:19:40,11.26,158.33,qr_code
TRIP01699,USR0329,SC0043,CDMX,2025-01-09T20:44:06,2025-01-09T22:05:06,9.07,92.84,cash
TRIP04620,USR0312,SC0019,GDL,2024-05-09T08:27:34,2024-05-09T09:22:34,13.31,134.89,qr_code
TRIP03550,USR0011,SC0160,CDMX,2025-05-18T22:35:39,2025-05-19T00:00:39,2.99,42.77,credit_card
TRIP00262,USR0286,SC0152,Monterrey,2024-05-01T19:09:46,2024-05-01T19:17:46,6.5,82.36,cash
TRIP01774,USR0315,SC0044,Ciudad de Mexico,2025-06-15T19:42:34,2025-06-15T20:10:34,11.96,132.61,debit_card
TRIP01389,USR0296,SC0154,Monterrey,2024-05-28T17:38:07,2024-05-28T19:07:07,1.34,$22.16,cash
TRIP01618,USR0456,SC0147,Monterrey,2025-03-21T12:42:04,2025-03-21T14:01:04,4.11,56.89,qr_code
TRIP02349,USR0125,SC0163,Ciudad de Mexico,2024-08-14T14:57:40,2024-08-14T16:14:40,1.34,23.27,debit_card
TRIP02051,USR0115,SC0165,GDL,2025-03-20T13:42:00,2025-03-20T14:33:00,14.65,189.76,debit_card
TRIP01541,USR0448,SC0002,Ciudad de Mexico,2024-11-13T05:23:26,2024-11-13T05:28:26,1.19,28.64,qr_code
TRIP02042,USR0021,SC0122,MTY,2025-05-12T11:47:10,2025-05-12T12:14:10,13.53,188.78,debit_card
TRIP02264,USR0398,SC0043,cdmx,2024-11-12T12:27:58,2024-11-12T13:35:58,13.23,130.78,wallet
TRIP01081,USR0455,SC0133,Guadalajara,2024-05-02T18:53:53,2024-05-02T19:32:53,1.01,18.36,qr_code
TRIP03466,USR0210,SC0137,CDMX,2024-03-19T10:41:13,2024-03-19T12:01:13,12.34,203.75,debit_card
TRIP00362,USR0166,SC0101,cdmx,2024-08-05T17:47:38,2024-08-05T18:24:38,1.26,30.36,qr_code
TRIP01185,USR0199,SC0130,Guadalajara,2024-05-11T12:04:29,2024-05-11T13:21:29,13.44,162.76,qr_code
TRIP00462,USR0006,SC0020,Ciudad de Mexico,2024-05-04T17:32:14,2024-05-04T17:39:14,7.45,102.2,wallet
TRIP03875,USR0334,SC0143,Ciudad de Mexico,2025-03-30T11:25:23,2025-03-30T12:26:23,11.05,170.28,wallet
TRIP03008,USR0134,SC0195,cdmx,2025-06-04T06:45:31,2025-06-04T07:05:31,7.63,124.98,debit_card
TRIP00054,USR0111,SC0027,cdmx,2024-12-19T09:43:37,2024-12-19T10:50:37,3.7,60.92,debit_card
TRIP00250,USR0212,SC0092,MTY,2024-11-27T15:13:24,2024-11-27T16:28:24,14.44,171.71,cash
TRIP01673,USR0229,SC0056,Monterrey,2024-12-24T20:02:12,2024-12-24T20:46:12,2.66,44.37,debit_card
TRIP01100,USR0444,SC0109,CDMX,2025-02-01T06:58:38,2025-02-01T08:18:38,4.11,42.75,wallet
TRIP01747,USR0456,SC0167,cdmx,2025-01-15T21:33:37,2025-01-15T22:04:37,12.22,143.54,debit_card
TRIP04880,USR0276,SC0125,cdmx,2024-04-25T16:59:01,2024-04-25T17:35:01,14.95,155.57,qr_code
TRIP01356,USR0093,SC0117,Ciudad de Mexico,2025-05-18T13:03:40,2025-05-18T13:37:40,9.05,80.07,cash
TRIP00877,USR0022,SC0079,CDMX,2024-08-25T08:41:56,2024-08-25T09:00:56,1.5,$22.16,debit_card
TRIP03158,USR0415,SC0173,Ciudad de Mexico,2025-05-17T21:42:46,2025-05-17T22:11:46,10.54,158.49,debit_card
TRIP04313,USR0419,SC0069,cdmx,2024-11-23T08:59:53,2024-11-23T09:53:53,10.22,124.62,wallet
TRIP01480,USR0302,SC0083,MTY,2024-02-07T20:48:14,2024-02-07T22:10:14,13.72,199.75,wallet
TRIP02319,USR0114,SC0005,MTY,2024-06-02T00:19:05,2024-06-02T01:45:05,9.66,115.72,credit_card
TRIP03407,USR0411,SC0056,Monterrey,2024-05-04T16:53:06,2024-05-04T16:58:06,12.24,109.43,cash
TRIP03802,USR0127,SC0061,GDL,2025-06-06T12:25:59,2025-06-06T13:50:59,7.11,81.62,debit_card
TRIP00677,USR0429,SC0066,MTY,2024-03-26T17:31:15,2024-03-26T18:50:15,10.15,105.3,qr_code
TRIP00467,USR0205,SC0068,Ciudad de Mexico,2024-03-13T09:40:44,2024-03-13T11:07:44,10.03,151.92,debit_card
TRIP03931,USR0498,SC0188,cdmx,2024-11-20T12:12:50,2024-11-20T13:34:50,12.02,137.01,credit_card
TRIP03437,USR0022,SC0003,Ciudad de Mexico,2025-03-27T14:13:35,2025-03-27T15:41:35,1.3,22.12,credit_card
TRIP04793,USR0365,SC0059,Ciudad de Mexico,2024-04-02T20:30:55,2024-04-02T21:46:55,2.76,45.69,wallet
TRIP01914,USR0160,SC0112,cdmx,2025-02-05T09:35:14,2025-02-05T10:35:14,10.36,133.5,qr_code
TRIP00827,USR0404,SC0128,GDL,2025-04-25T12:01:02,2025-04-25T13:22:02,13.34,$156.56,qr_code
TRIP00764,USR0244,SC0110,GDL,2024-05-02T07:48:51,2024-05-02T07:59:51,2.06,$31.11,wallet
TRIP04946,USR0065,SC0018,MTY,2024-11-25T21:52:06,2024-11-25T22:37:06,14.9,$169.48,debit_card
TRIP03271,USR0071,SC0059,cdmx,2025-02-25T18:00:52,2025-02-25T18:37:52,1.76,26.06,wallet
TRIP02733,USR0332,SC0197,Monterrey,2025-03-10T18:19:21,2025-03-10T18:47:21,4.71,$59.63,qr_code
TRIP04354,USR0196,SC0164,Guadalajara,2024-07-16T16:51:16,2024-07-16T17:04:16,6.23,92.11,credit_card
TRIP03954,USR0468,SC0069,cdmx,2025-03-03T07:56:34,2025-03-03T09:16:34,1.56,26.18,cash
TRIP02441,USR0326,SC0127,Ciudad de Mexico,2025-06-13T08:32:26,2025-06-13T08:47:26,10.66,136.77,cash
TRIP01824,USR0236,SC0133,Guadalajara,2025-06-12T19:47:58,2025-06-12T19:57:58,3.87,67.29,credit_card
TRIP01373,USR0393,SC0095,CDMX,2025-04-22T16:07:45,2025-04-22T16:54:45,4.64,63.95,debit_card
TRIP01404,USR0254,SC0199,GDL,2024-03-07T13:20:19,2024-03-07T14:46:19,14.86,204.42,debit_card
TRIP02446,USR0079,SC0125,cdmx,2024-09-19T21:08:33,2024-09-19T21:22:33,11.83,176.11,cash
TRIP03571,USR0143,SC0038,Monterrey,2024-10-07T17:04:41,2024-10-07T18:32:41,1.13,26.87,debit_card
TRIP00745,USR0085,SC0086,Ciudad de Mexico,2024-05-28T14:53:47,2024-05-28T15:18:47,14.67,216.09,wallet
TRIP04980,USR0420,SC0011,cdmx,2025-04-23T18:55:56,2025-04-23T19:07:56,10.85,97.14,qr_code
TRIP04068,USR0086,SC0041,Monterrey,2024-09-11T08:23:26,2024-09-11T08:43:26,12.96,$139.41,cash
TRIP03614,USR0051,SC0032,MTY,2024-08-27T22:43:36,2024-08-27T22:57:36,10.15,108.92,cash
TRIP04734,USR0006,SC0070,Ciudad de Mexico,2025-06-26T07:11:58,2025-06-26T08:14:58,10.76,131.55,debit_card
TRIP00461,USR0207,SC0022,Monterrey,2024-09-03T09:38:11,2024-09-03T11:06:11,14.87,195.12,wallet
TRIP04968,USR0346,SC0005,Monterrey,2024-09-06T10:00:32,2024-09-06T10:51:32,2.53,41.65,wallet
TRIP03300,USR0253,SC0183,Guadalajara,2024-11-02T12:34:56,2024-11-02T12:58:56,8.29,131.45,credit_card
TRIP04597,USR0195,SC0042,cdmx,2024-06-21T18:57:29,2024-06-21T19:12:29,5.69,72.76,credit_card
TRIP02634,USR0044,SC0113,MTY,2025-04-29T14:55:00,2025-04-29T15:14:00,11.86,$167.62,debit_card
TRIP02565,,SC0115,GDL,2024-08-27T09:50:13,2024-08-27T10:29:13,7.68,$73.25,credit_card
TRIP03863,USR0081,SC0006,MTY,2024-10-04T07:10:07,2024-10-04T07:26:07,11.45,164.85,wallet
TRIP04791,USR0462,SC0073,Guadalajara,2024-04-28T10:22:26,2024-04-28T11:49:26,10.42,134.21,wallet
TRIP02598,USR0208,SC0132,cdmx,2024-04-09T18:51:27,2024-04-09T19:43:27,5.47,82.97,cash
TRIP01478,USR0240,SC0021,GDL,2025-05-09T22:15:49,2025-05-09T23:19:49,5.91,82.08,credit_card
TRIP01536,USR0286,SC0050,Ciudad de Mexico,2025-03-02T07:25:39,2025-03-02T08:11:39,12.9,$138.19,debit_card
TRIP03219,USR0275,SC0142,Monterrey,2024-03-04T09:40:32,2024-03-04T09:56:32,12.65,160.65,credit_card
TRIP03423,USR0002,SC0199,GDL,2024-12-15T21:55:19,2024-12-15T22:56:19,10.8,102.99,debit_card
TRIP00573,USR0316,SC0070,Ciudad de Mexico,2024-09-13T18:38:00,2024-09-13T18:58:00,12.62,$187.49,credit_card
TRIP02325,,SC0055,Monterrey,2025-05-12T05:14:24,2025-05-12T06:02:24,11.41,107.71,wallet
TRIP00103,USR0267,SC0078,CDMX,2024-10-08T21:56:47,2024-10-08T22:23:47,7.69,132.98,qr_code
TRIP00874,USR0182,SC0096,CDMX,2025-06-20T06:46:53,2025-06-20T07:07:53,0.0,48.88,qr_code
TRIP04271,USR0079,SC0055,MTY,2024-09-12T17:35:52,2024-09-12T18:19:52,0.82,23.44,debit_card
TRIP04161,USR0149,SC0038,Monterrey,2025-06-05T11:16:58,2025-06-05T11:54:58,13.94,$136.41,credit_card
TRIP02949,USR0446,SC0030,Monterrey,2024-12-19T19:20:31,2024-12-19T19:36:31,13.18,172.69,cash
TRIP04220,USR0332,SC0015,MTY,2024-01-15T02:39:40,2024-01-15T02:49:40,13.03,136.3,credit_card
TRIP01332,USR0267,SC0051,Ciudad de Mexico,2024-06-12T13:02:46,2024-06-12T13:48:46,14.7,146.78,qr_code
TRIP04445,USR0202,SC0122,Monterrey,2024-07-15T05:27:57,2024-07-15T06:55:57,2.55,$48.30,qr_code
TRIP03245,USR0115,SC0140,cdmx,2024-11-16T19:58:14,2024-11-16T20:32:14,13.38,124.7,cash
TRIP02420,USR0231,SC0131,Ciudad de Mexico,2024-09-15T14:42:12,2024-09-15T14:50:12,11.47,146.94,credit_card
TRIP01804,USR0162,SC0127,Ciudad de Mexico,2025-05-21T18:36:05,2025-05-21T19:39:05,2.32,32.98,cash
TRIP04716,USR0187,SC0116,GDL,2025-06-09T09:15:18,2025-06-09T10:03:18,13.58,199.73,debit_card
TRIP01410,USR0310,SC0109,cdmx,2024-10-17T09:06:53,2024-10-17T10:11:53,7.14,$110.08,qr_code
TRIP00360,USR0491,SC0119,MTY,2024-04-30T14:49:58,2024-04-30T15:52:58,3.76,54.62,cash
TRIP01028,USR0128,SC0144,GDL,2024-07-05T10:18:09,2024-07-05T10:41:09,10.35,141.35,wallet
TRIP00597,USR0255,SC0116,Guadalajara,2024-04-20T15:01:25,2024-04-20T15:35:25,2.08,28.32,credit_card
TRIP03189,USR0112,SC0102,Monterrey,2025-06-25T09:24:24,2025-06-25T10:46:24,11.05,166.65,debit_card
TRIP04510,USR0178,SC0033,MTY,2025-05-05T13:02:22,2025-05-05T13:54:22,13.03,135.38,credit_card
TRIP00327,USR0043,SC0093,MTY,2025-02-07T09:38:32,2025-02-07T09:50:32,2.65,47.58,cash
TRIP00333,USR0050,SC0090,Ciudad de Mexico,2024-05-27T14:23:49,2024-05-27T15:30:49,2.86,39.79,qr_code
TRIP01401,USR0500,SC0212,CDMX,2024-11-08T08:10:47,2024-11-08T08:49:47,13.25,192.31,wallet
TRIP00825,USR0371,SC0063,Monterrey,2024-03-24T08:51:06,2024-03-24T09:52:06,5.89,95.81,debit_card
TRIP02893,USR0122,SC0132,cdmx,2024-11-25T08:24:12,2024-11-25T08:43:12,14.74,146.25,qr_code
TRIP02826,USR0430,SC0075,MTY,2025-06-22T07:03:06,2025-06-22T07:44:06,11.61,141.36,qr_code
TRIP03188,USR0446,SC0068,CDMX,2025-02-17T05:46:01,2025-02-17T06:47:01,6.2,81.74,cash
TRIP01826,,SC0192,cdmx,2024-10-31T17:39:39,2024-10-31T18:35:39,5.98,84.63,credit_card
TRIP02413,USR0179,SC0168,Monterrey,2024-06-07T12:57:13,2024-06-07T13:30:13,5.4,61.89,qr_code
TRIP02667,USR0247,SC0158,MTY,2024-11-21T18:06:21,2024-11-21T17:38:21,6.87,106.28,cash
TRIP03513,USR0224,SC0125,CDMX,2024-09-07T20:32:28,2024-09-07T21:59:28,10.6,162.87,cash
TRIP03399,USR0276,SC0038,Monterrey,2025-05-20T16:45:54,2025-05-20T18:02:54,8.24,$108.23,qr_code
TRIP02678,USR0043,SC0139,Monterrey,2024-09-26T06:44:29,2024-09-26T07:33:29,0.53,16.92,debit_card
TRIP01221,USR0122,SC0009,Ciudad de Mexico,2024-12-09T08:32:50,2024-12-09T09:15:50,11.05,103.4,credit_card
TRIP00371,USR0347,SC0176,cdmx,2025-06-23T14:18:29,2025-06-23T15:18:29,4.86,87.63,debit_card
TRIP02146,USR0450,SC0059,CDMX,2025-05-27T08:15:07,2025-05-27T09:07:07,4.34,44.48,credit_card
TRIP02547,USR0112,SC0042,cdmx,2024-10-14T08:00:07,2024-10-14T08:19:07,4.88,55.8,wallet
TRIP00882,USR0195,SC0119,MTY,2024-02-03T16:32:52,2024-02-03T18:02:52,10.04,$103.80,debit_card
TRIP03290,USR0148,SC0176,CDMX,2025-01-29T16:49:42,2025-01-29T17:42:42,1.88,36.39,cash
TRIP01847,USR0492,SC0018,Monterrey,2025-04-20T16:47:32,2025-04-20T18:07:32,12.7,127.91,qr_code
TRIP02376,USR0088,SC0143,Ciudad de Mexico,2025-06-03T01:01:50,2025-06-03T02:21:50,4.07,48.93,wallet
TRIP03200,USR0496,SC0034,GDL,2025-02-12T06:26:58,2025-02-12T06:31:58,10.24,121.12,wallet
TRIP03312,USR0205,SC0005,Monterrey,2024-10-17T08:39:02,2024-10-17T08:50:02,11.58,178.06,cash
TRIP00110,,SC0056,MTY,2024-10-20T18:43:27,2024-10-20T19:10:27,2.66,37.75,cash
TRIP02122,USR0085,SC0034,GDL,2024-11-04T15:07:47,2024-11-04T16:08:47,14.21,$147.11,qr_code
TRIP00265,USR0022,SC0128,GDL,2024-11-16T20:36:38,2024-11-16T21:49:38,11.91,150.46,credit_card
TRIP02025,USR0221,SC0021,Guadalajara,2024-05-19T20:04:14,2024-05-19T21:25:14,12.37,$166.07,debit_card
TRIP01845,USR0493,SC0147,MTY,2025-02-28T07:01:07,2025-02-28T08:10:07,3.85,$46.98,cash
TRIP03899,USR0017,SC0044,cdmx,2024-04-25T12:00:48,2024-04-25T12:45:48,2.36,41.77,qr_code
TRIP03106,USR0076,SC0168,Monterrey,2024-01-08T08:46:51,2024-01-08T09:09:51,10.25,150.12,qr_code
TRIP03187,USR0025,SC0101,cdmx,2024-06-22T12:30:27,2024-06-22T12:41:27,4.81,56.78,wallet
TRIP02209,USR0124,SC0139,MTY,2025-06-23T09:38:05,2025-06-23T10:04:05,6.92,92.09,qr_code
TRIP03096,USR0413,SC0197,MTY,2024-12-26T06:27:51,2024-12-26T07:26:51,11.53,145.7,cash
TRIP01883,USR0379,SC0075,MTY,2025-05-28T07:09:18,2025-05-28T08:23:18,4.47,61.49,credit_card
TRIP02739,USR0430,SC0102,Monterrey,2024-07-26T08:12:33,2024-07-26T09:14:33,3.55,57.26,qr_code
TRIP03807,USR0174,SC0182,Monterrey,2024-07-05T19:18:47,2024-07-05T19:23:47,0.51,17.85,cash
TRIP00382,USR0086,SC0073,Guadalajara,2025-01-05T09:28:48,2025-01-05T10:37:48,2.74,46.18,debit_card
TRIP01152,USR0325,SC0150,CDMX,2025-03-16T10:39:03,2025-03-16T11:05:03,10.15,158.53,cash
TRIP03114,USR0131,SC0059,Ciudad de Mexico,2024-11-25T06:11:43,2024-11-25T06:25:43,7.41,69.32,qr_code
TRIP03436,USR0428,SC0141,CDMX,2024-12-02T14:34:43,2024-12-02T15:28:43,10.5,120.88,cash
TRIP02036,,SC0083,MTY,2024-04-08T14:47:01,2024-04-08T15:29:01,7.71,120.81,debit_card
TRIP03536,USR0344,SC0174,MTY,2025-04-12T16:51:32,2025-04-12T17:06:32,1.71,38.23,cash
TRIP01018,USR0411,SC0193,Ciudad de Mexico,2024-01-29T18:41:20,2024-01-29T19:04:20,11.42,175.34,credit_card
TRIP02779,USR0432,SC0108,cdmx,2025-01-09T08:50:52,2025-01-09T09:39:52,8.67,139.82,credit_card
TRIP01850,USR0333,SC0052,cdmx,2024-05-06T10:06:40,2024-05-06T10:19:40,13.56,$174.65,credit_card
TRIP00344,USR0392,SC0173,Ciudad de Mexico,2025-04-26T19:32:03,2025-04-26T20:27:03,5.98,92.65,credit_card
TRIP04044,USR0444,SC0031,Guadalajara,2025-01-14T06:34:56,2025-01-14T06:39:56,5.48,56.84,debit_card
TRIP04943,USR0073,SC0049,Monterrey,2024-05-28T15:40:42,2024-05-28T15:29:42,4.86,64.73,credit_card
TRIP02792,USR0224,SC0045,Ciudad de Mexico,2025-01-25T08:13:21,2025-01-25T09:12:21,8.96,86.77,wallet
TRIP02554,USR0416,SC0138,Monterrey,2025-05-23T05:42:01,2025-05-23T06:32:01,1.45,37.91,cash
TRIP03457,USR0104,SC0180,Ciudad de Mexico,2025-05-07T14:51:38,2025-05-07T15:28:38,14.03,206.05,credit_card
TRIP00020,USR0139,SC0141,Ciudad de Mexico,2025-05-10T19:37:17,2025-05-10T20:23:17,1.76,33.6,qr_code
TRIP02616,USR0118,SC0030,Monterrey,2025-04-09T10:53:28,2025-04-09T11:39:28,2.16,35.75,wallet
TRIP03070,USR0350,SC0058,Monterrey,2024-06-01T20:00:59,2024-06-01T21:18:59,12.43,134.74,cash
TRIP02625,USR0312,SC0157,Ciudad de Mexico,2024-03-09T10:22:59,2024-03-09T11:49:59,2.58,42.68,credit_card
TRIP03202,USR0460,SC0160,CDMX,2024-11-08T11:50:51,2024-11-08T12:14:51,5.89,76.6,qr_code
TRIP01226,,SC0176,CDMX,2025-04-06T17:58:56,2025-04-06T18:23:56,9.08,125.13,cash
TRIP01396,USR0398,SC0041,MTY,2024-08-28T20:35:48,2024-08-28T20:55:48,14.99,157.26,cash
TRIP00730,USR0100,SC0135,CDMX,2024-10-16T11:44:52,2024-10-16T11:50:52,4.79,53.95,cash
TRIP01597,USR0326,SC0015,Monterrey,2024-06-10T11:41:39,2024-06-10T12:04:39,3.75,50.0,credit_card
TRIP04744,USR0258,SC0024,CDMX,2024-07-14T18:14:56,2024-07-14T19:26:56,14.37,229.44,credit_card
TRIP03183,USR0242,SC0174,Monterrey,2024-02-04T09:07:59,2024-02-04T10:17:59,11.87,165.72,qr_code
TRIP02439,USR0144,SC0119,MTY,2024-07-14T20:09:18,2024-07-14T20:23:18,12.78,$197.68,credit_card
TRIP02431,USR0352,SC0199,GDL,2024-05-11T23:57:44,2024-05-12T00:49:44,0.86,20.05,credit_card
TRIP04433,USR0410,SC0182,MTY,2025-04-25T12:18:02,2025-04-25T12:24:02,1.85,20.82,credit_card
TRIP04662,USR0360,SC0077,Guadalajara,2024-06-21T14:35:24,2024-06-21T15:30:24,2.8,49.27,wallet
TRIP03445,USR0195,SC0140,Ciudad de Mexico,2025-01-13T18:20:56,2025-01-13T18:54:56,1.23,$27.04,credit_card
TRIP01495,USR0488,SC0187,Guadalajara,2024-01-03T10:08:12,2024-01-03T10:56:12,5.19,56.21,cash
TRIP02627,USR0028,SC0001,Monterrey,2024-10-15T18:38:48,2024-10-15T19:32:48,9.99,$162.28,cash
TRIP02236,USR0048,SC0026,CDMX,2024-05-10T17:52:00,2024-05-10T19:00:00,14.67,203.44,qr_code
TRIP02675,USR0433,SC0037,Guadalajara,2024-03-19T19:58:04,2024-03-19T20:51:04,11.03,113.62,wallet
TRIP02817,USR0427,SC0034,GDL,2024-05-22T07:02:29,2024-05-22T07:26:29,3.47,50.09,qr_code
TRIP04275,USR0399,SC0208,Ciudad de Mexico,2024-01-12T17:17:37,2024-01-12T18:06:37,1.06,24.6,credit_card
TRIP04210,USR0260,SC0209,MTY,2024-06-19T06:06:13,2024-06-19T06:58:13,10.74,134.54,cash
TRIP00856,,SC0189,CDMX,2025-03-08T14:42:20,2025-03-08T15:03:20,14.66,163.72,qr_code
TRIP01456,USR0025,SC0154,Monterrey,2024-07-30T17:50:19,2024-07-30T19:14:19,10.52,153.8,wallet
TRIP02848,USR0431,SC0158,Monterrey,2024-07-08T17:30:58,2024-07-08T18:04:58,8.77,94.79,wallet
TRIP03039,USR0192,SC0058,MTY,2025-04-22T09:04:46,2025-04-22T09:50:46,7.08,120.87,wallet
TRIP03378,USR0353,SC0104,MTY,2024-06-04T07:06:33,2024-06-04T08:25:33,3.63,60.22,debit_card
TRIP02844,USR0473,SC0179,Ciudad de Mexico,2024-07-03T16:22:54,2024-07-03T17:01:54,7.2,100.74,cash
TRIP04267,USR0466,SC0177,Ciudad de Mexico,2024-05-18T08:06:25,2024-05-18T08:18:25,12.93,183.61,wallet
TRIP01156,USR0069,SC0002,Ciudad de Mexico,2024-07-08T19:41:02,2024-07-08T19:48:02,1.22,29.88,debit_card
TRIP02655,USR0047,SC0149,Ciudad de Mexico,2025-04-19T15:06:27,2025-04-19T16:02:27,14.0,203.89,cash
TRIP01905,USR0130,SC0007,GDL,2024-02-27T07:58:56,2024-02-27T08:59:56,5.13,63.33,wallet
TRIP04853,USR0427,SC0063,MTY,2024-05-27T11:01:30,2024-05-27T11:27:30,12.28,128.79,wallet
TRIP00127,USR0096,SC0093,MTY,2024-01-10T08:24:35,2024-01-10T09:33:35,7.63,110.63,qr_code
TRIP01947,USR0311,SC0043,cdmx,2024-03-06T13:44:40,2024-03-06T13:53:40,0.0,26.2,wallet
TRIP01038,USR0146,SC0068,Ciudad de Mexico,2025-06-28T22:18:46,2025-06-28T23:25:46,8.74,$140.64,qr_code
TRIP02226,USR0489,SC0056,Monterrey,2024-04-14T18:22:37,2024-04-14T19:41:37,10.48,146.51,qr_code
TRIP02372,USR0332,SC0103,Monterrey,2025-05-06T19:30:22,2025-05-06T19:38:22,10.25,114.5,cash
TRIP00872,USR0268,SC0064,Monterrey,2024-08-29T05:53:23,2024-08-29T06:24:23,4.76,59.08,debit_card
TRIP04384,USR0116,SC0144,Guadalajara,2024-08-29T06:14:35,2024-08-29T07:27:35,10.0,125.67,wallet
TRIP01210,USR0162,SC0095,Ciudad de Mexico,2024-01-13T18:06:51,2024-01-13T19:04:51,6.63,83.26,debit_card
TRIP01105,USR0481,SC0047,CDMX,2024-01-19T19:25:07,2024-01-19T19:34:07,3.68,$47.38,debit_card
TRIP01578,USR0355,SC0169,Ciudad de Mexico,2024-07-04T18:22:36,2024-07-04T19:19:36,9.19,143.05,wallet
TRIP04008,USR0206,SC0106,Monterrey,2025-01-01T07:26:22,2025-01-01T07:58:22,8.91,122.45,credit_card
TRIP03803,USR0231,SC0006,MTY,2024-05-23T14:43:03,2024-05-23T16:13:03,3.86,$56.04,cash
TRIP04669,USR0040,SC0139,MTY,2024-03-18T17:16:45,2024-03-18T17:26:45,6.29,76.33,cash
TRIP00159,USR0415,SC0057,Ciudad de Mexico,2024-04-16T07:47:04,2024-04-16T08:22:04,9.72,160.61,cash
TRIP04656,USR0301,SC0177,CDMX,2024-10-29T08:48:08,2024-10-29T09:11:08,4.35,69.6,qr_code
TRIP04278,USR0267,SC0104,Monterrey,2024-11-22T12:11:59,2024-11-22T13:10:59,5.19,83.05,cash
TRIP02532,USR0154,SC0103,Monterrey,2024-02-14T09:56:44,2024-02-14T10:43:44,1.91,36.67,cash
TRIP02777,,SC0002,cdmx,2024-09-24T17:43:39,2024-09-24T19:06:39,7.94,82.14,wallet
TRIP01453,USR0168,SC0200,Guadalajara,2024-06-07T09:08:33,2024-06-07T09:48:33,3.62,62.53,wallet
TRIP02265,USR0202,SC0160,Ciudad de Mexico,2025-05-07T19:47:51,2025-05-07T20:57:51,1.99,38.15,credit_card
TRIP02829,USR0179,SC0001,MTY,2024-09-18T23:40:35,2024-09-18T23:48:35,14.15,150.12,qr_code
TRIP02553,USR0165,SC0106,Monterrey,2025-02-14T11:08:13,2025-02-14T12:04:13,4.88,79.33,wallet
TRIP04552,USR0015,SC0001,Monterrey,2025-05-08T16:19:36,2025-05-08T16:59:36,7.78,93.75,debit_card
TRIP01305,USR0093,SC0003,cdmx,2025-06-28T08:47:09,2025-06-28T09:24:09,0.57,10.89,cash
TRIP00731,USR0196,SC0156,CDMX,2025-04-11T17:29:18,2025-04-11T17:54:18,0.75,16.17,debit_card
TRIP01250,USR0261,SC0026,cdmx,2024-03-19T09:30:03,2024-03-19T10:58:03,2.71,40.71,credit_card
TRIP01349,USR0467,SC0015,Monterrey,2024-03-31T10:35:13,2024-03-31T10:15:13,13.98,185.29,debit_card
TRIP03698,USR0130,SC0097,Guadalajara,2024-07-22T16:33:29,2024-07-22T16:58:29,0.64,18.47,debit_card
TRIP04023,USR0077,SC0086,cdmx,2024-09-20T09:50:24,2024-09-20T11:11:24,3.41,55.86,wallet
TRIP03016,USR0114,SC0185,CDMX,2025-01-30T19:34:10,2025-01-30T20:32:10,12.02,145.09,qr_code
TRIP04941,USR0404,SC0169,cdmx,2025-03-15T09:27:11,2025-03-15T09:36:11,8.92,103.9,debit_card
TRIP00684,USR0021,SC0044,CDMX,2024-10-07T08:44:14,2024-10-07T09:20:14,12.27,120.1,qr_code
TRIP02878,USR0333,SC0063,MTY,2024-04-29T11:40:52,2024-04-29T12:19:52,10.81,119.78,credit_card
TRIP03154,USR0305,SC0102,MTY,2024-04-23T19:04:44,2024-04-23T20:03:44,3.87,$66.22,credit_card
TRIP03820,USR0180,SC0200,GDL,2025-06-12T17:56:31,2025-06-12T18:07:31,2.96,52.82,credit_card
TRIP03758,USR0396,SC0004,cdmx,2025-06-29T07:54:11,2025-06-29T08:56:11,13.76,138.39,wallet
TRIP04539,USR0051,SC0046,CDMX,2024-01-03T18:47:13,2024-01-03T19:51:13,8.86,$95.85,wallet
TRIP04600,USR0178,SC0013,cdmx,2024-11-20T08:11:10,2024-11-20T08:39:10,8.26,126.23,credit_card
TRIP02184,USR0223,SC0148,MTY,2025-04-02T18:46:34,2025-04-02T19:01:34,4.77,63.9,cash
TRIP03199,USR0486,SC0190,Ciudad de Mexico,2024-11-08T08:29:44,2024-11-08T09:10:44,9.82,127.28,cash
TRIP01092,USR0229,SC0102,MTY,2024-07-03T04:43:11,2024-07-03T05:41:11,1.87,$39.10,wallet
TRIP02402,USR0325,SC0050,CDMX,2024-12-23T07:51:11,2024-12-23T08:45:11,13.05,172.71,cash
TRIP00748,USR0349,SC0068,CDMX,2025-04-08T12:22:42,2025-04-08T12:02:42,6.12,69.32,wallet
TRIP02196,USR0060,SC0094,cdmx,2025-03-01T17:54:17,2025-03-01T18:56:17,12.46,114.87,wallet
TRIP02823,USR0194,SC0142,MTY,2025-03-14T08:06:12,2025-03-14T07:37:12,7.5,101.05,wallet
TRIP01447,USR0210,SC0124,Monterrey,2024-05-09T11:00:51,2024-05-09T12:16:51,8.0,122.55,cash
TRIP02965,USR0306,SC0126,CDMX,2024-07-04T18:49:33,2024-07-04T19:23:33,11.2,100.35,cash
TRIP03805,USR0472,SC0110,Guadalajara,2024-04-16T10:32:03,2024-04-16T10:11:03,5.2,77.5,qr_code
TRIP00633,USR0193,SC0030,MTY,2024-05-06T08:07:36,2024-05-06T08:49:36,11.77,165.69,debit_card
TRIP03929,USR0462,SC0009,Ciudad de Mexico,2024-01-26T07:41:43,2024-01-26T09:04:43,9.34,150.01,wallet
TRIP02094,USR0076,SC0180,Ciudad de Mexico,2025-03-25T13:23:46,2025-03-25T13:52:46,9.91,119.26,cash
TRIP00817,USR0048,SC0084,GDL,2024-05-01T08:38:34,2024-05-01T10:03:34,7.4,81.06,credit_card
TRIP04397,USR0394,SC0012,Monterrey,2024-11-13T14:36:21,2024-11-13T14:53:21,12.45,129.72,wallet
TRIP01191,USR0481,SC0175,GDL,2025-01-13T07:00:05,2025-01-13T08:05:05,14.06,167.76,qr_code
TRIP01518,USR0012,SC0141,cdmx,2025-01-18T18:10:03,2025-01-18T18:45:03,13.78,155.68,cash
TRIP03679,USR0029,SC0130,Guadalajara,2024-03-14T13:06:10,2024-03-14T14:16:10,3.68,62.44,debit_card
TRIP04171,USR0257,SC0123,Monterrey,2024-05-30T16:22:05,2024-05-30T17:44:05,2.96,$48.90,debit_card
TRIP02913,USR0484,SC0100,GDL,2024-12-01T22:15:55,2024-12-01T22:46:55,9.01,118.07,qr_code
TRIP00095,USR0049,SC0030,Monterrey,2025-05-03T08:16:24,2025-05-03T08:51:24,5.28,77.36,cash
TRIP02496,USR0311,SC0175,GDL,2024-02-13T14:35:28,2024-02-13T15:32:28,4.9,62.62,wallet
TRIP03251,USR0134,SC0060,cdmx,2025-05-01T20:45:23,2025-05-01T21:00:23,3.97,56.82,debit_card
TRIP03849,USR0337,SC0059,cdmx,2024-05-15T21:35:18,2024-05-15T22:38:18,7.27,117.07,cash
TRIP02280,USR0486,SC0181,Monterrey,2024-05-24T12:42:04,2024-05-24T13:32:04,10.15,120.59,credit_card
TRIP04929,USR0433,SC0141,cdmx,2024-09-19T09:29:37,2024-09-19T10:20:37,3.93,$53.14,cash
TRIP00254,USR0149,SC0032,Monterrey,2024-05-15T13:47:03,2024-05-15T15:02:03,7.78,111.34,qr_code
TRIP04325,USR0139,SC0102,MTY,2024-12-12T17:06:11,2024-12-12T18:20:11,14.65,135.05,wallet
TRIP02430,USR0265,SC0089,Ciudad de Mexico,2025-05-20T22:53:03,2025-05-21T00:09:03,7.12,71.54,debit_card
TRIP02178,USR0274,SC0151,Guadalajara,2025-06-11T10:29:04,2025-06-11T11:21:04,5.16,91.18,credit_card
TRIP02000,USR0429,SC0038,MTY,2024-11-13T08:39:52,2024-11-13T09:44:52,4.66,$73.89,credit_card
TRIP01078,USR0020,SC0146,cdmx,2024-01-02T22:00:16,2024-01-02T22:23:16,2.45,52.39,cash
TRIP00576,USR0040,SC0022,Monterrey,2025-06-07T08:36:23,2025-06-07T09:34:23,4.6,51.7,wallet
TRIP00579,USR0162,SC0027,cdmx,2024-09-03T21:26:23,2024-09-03T21:41:23,13.76,187.09,wallet
TRIP01129,USR0014,SC0013,CDMX,2025-05-27T10:51:16,2025-05-27T12:19:16,11.41,145.55,wallet
TRIP02231,USR0388,SC0228,Guadalajara,2024-03-04T18:53:41,2024-03-04T18:35:41,12.86,177.79,qr_code
TRIP02159,USR0414,SC0156,CDMX,2024-12-22T17:39:09,2024-12-22T18:14:09,6.17,73.39,wallet
TRIP04751,USR0123,SC0191,cdmx,2024-08-05T19:28:27,2024-08-05T19:53:27,0.76,30.05,cash
TRIP04113,USR0050,SC0181,Monterrey,2024-09-06T03:47:08,2024-09-06T04:03:08,12.29,$196.95,debit_card
TRIP04465,USR0242,SC0092,MTY,2024-11-14T08:54:58,2024-11-14T09:55:58,1.98,39.39,credit_card
TRIP01781,USR0271,SC0120,CDMX,2024-10-29T18:23:39,2024-10-29T19:44:39,7.36,105.38,credit_card
TRIP04283,USR0251,SC0145,CDMX,2024-01-18T13:55:03,2024-01-18T14:40:03,3.57,37.78,credit_card
TRIP04438,USR0230,SC0100,Guadalajara,2024-10-18T07:59:14,2024-10-18T09:28:14,5.9,92.78,wallet
TRIP02399,USR0413,SC0105,CDMX,2025-04-17T09:37:48,2025-04-17T10:17:48,14.67,208.26,qr_code
TRIP00432,USR0344,SC0142,MTY,2024-10-06T10:13:45,2024-10-06T10:22:45,6.91,72.11,credit_card
TRIP00023,USR0119,SC0038,MTY,2024-11-19T14:48:44,2024-11-19T15:16:44,4.51,71.1,credit_card
TRIP04373,USR0328,SC0030,MTY,2024-10-05T10:24:07,2024-10-05T10:53:07,12.46,145.98,qr_code
TRIP03780,USR0374,SC0080,CDMX,2024-11-05T10:47:29,2024-11-05T11:00:29,6.9,69.95,cash
TRIP00070,USR0199,SC0068,cdmx,2024-01-17T06:15:46,2024-01-17T07:44:46,11.16,120.92,debit_card
TRIP00911,USR0133,SC0088,Monterrey,2025-04-30T17:53:53,2025-04-30T18:21:53,1.73,27.43,credit_card
TRIP00007,USR0169,SC0014,Ciudad de Mexico,2024-10-12T14:43:53,2024-10-12T15:56:53,13.22,143.64,credit_card
TRIP03256,,SC0078,CDMX,2024-03-27T15:23:29,2024-03-27T16:26:29,4.69,68.09,debit_card
TRIP04608,USR0434,SC0193,cdmx,2025-04-25T13:11:49,2025-04-25T13:24:49,4.26,$54.58,credit_card
TRIP01576,USR0169,SC0174,Monterrey,2024-11-28T17:53:11,2024-11-28T18:57:11,8.31,98.17,cash
TRIP01594,USR0440,SC0150,CDMX,2024-03-04T19:02:01,2024-03-04T20:13:01,4.04,64.13,debit_card
TRIP01911,USR0067,SC0083,Monterrey,2025-02-27T06:09:59,2025-02-27T07:08:59,9.47,120.22,wallet
TRIP03697,USR0414,SC0177,Ciudad de Mexico,2025-03-30T17:07:07,2025-03-30T17:32:07,1.03,28.42,cash
TRIP03732,USR0113,SC0061,Guadalajara,2025-01-22T06:25:56,2025-01-22T07:47:56,1.22,31.76,credit_card
TRIP03319,USR0102,SC0032,MTY,2024-04-30T19:49:04,2024-04-30T20:17:04,10.16,119.1,credit_card
TRIP00118,USR0221,SC0196,GDL,2024-05-19T16:44:12,2024-05-19T17:50:12,14.55,161.51,qr_code
TRIP00535,USR0343,SC0171,GDL,2024-09-03T17:17:20,2024-09-03T18:23:20,4.8,54.56,debit_card
TRIP01109,USR0343,SC0083,Monterrey,2025-04-08T14:54:26,2025-04-08T15:48:26,11.86,191.81,credit_card
TRIP00811,,SC0013,cdmx,2025-06-20T12:56:18,2025-06-20T13:19:18,11.65,$148.23,wallet
TRIP01126,USR0047,SC0110,Guadalajara,2024-10-09T12:49:09,2024-10-09T13:56:09,11.91,173.44,qr_code
TRIP03516,USR0412,SC0113,Monterrey,2025-03-05T06:35:12,2025-03-05T07:14:12,3.5,47.8,cash
TRIP03610,USR0297,SC0092,MTY,2025-03-24T11:25:24,2025-03-24T12:32:24,6.79,91.36,qr_code
TRIP01502,USR0183,SC0142,Monterrey,2025-04-03T08:03:14,2025-04-03T08:58:14,11.62,129.88,debit_card
TRIP00788,USR0356,SC0117,cdmx,2024-11-09T17:25:26,2024-11-09T18:00:26,10.16,108.17,credit_card
TRIP01592,,SC0034,GDL,2024-06-06T07:34:41,2024-06-06T08:09:41,5.79,69.61,debit_card
TRIP00718,USR0447,SC0161,Ciudad de Mexico,2024-04-18T06:08:12,2024-04-18T06:23:12,1.83,35.47,credit_card
TRIP01349,USR0467,SC0015,Monterrey,2024-03-31T10:35:13,2024-03-31T10:15:13,13.98,185.29,debit_card
TRIP02352,USR0225,SC0061,Guadalajara,2024-05-11T12:32:21,2024-05-11T13:28:21,8.4,$135.93,debit_card
TRIP00564,USR0281,SC0085,CDMX,2024-03-04T06:36:57,2024-03-04T07:59:57,1.01,34.26,qr_code
TRIP01414,USR0495,SC0163,Ciudad de Mexico,2025-03-21T09:56:59,2025-03-21T10:36:59,9.86,143.95,debit_card
TRIP01762,USR0295,SC0075,MTY,2024-10-17T07:13:32,2024-10-17T08:15:32,9.01,135.49,credit_card
TRIP03301,USR0048,SC0186,cdmx,2025-05-12T11:52:52,2025-05-12T13:06:52,13.76,214.4,debit_card
TRIP01455,USR0476,SC0069,Ciudad de Mexico,2024-10-06T02:15:37,2024-10-06T02:39:37,13.41,161.78,wallet
TRIP03458,USR0283,SC0190,Ciudad de Mexico,2024-05-01T11:12:56,2024-05-01T11:33:56,4.51,61.82,cash
TRIP02393,USR0384,SC0028,Ciudad de Mexico,2024-03-10T18:48:25,2024-03-10T19:55:25,14.57,134.83,cash
TRIP03169,USR0294,SC0022,MTY,2025-03-28T23:34:46,2025-03-29T00:21:46,9.55,103.27,debit_card
TRIP03173,USR0428,SC0090,cdmx,2024-11-27T14:56:21,2024-11-27T16:17:21,14.27,$192.72,qr_code
TRIP03626,USR0078,SC0027,cdmx,2024-03-19T08:43:24,2024-03-19T09:56:24,4.49,57.36,wallet
TRIP03137,USR0432,SC0191,CDMX,2025-04-03T17:17:23,2025-04-03T18:14:23,9.93,$141.37,wallet
TRIP01554,USR0122,SC0039,Guadalajara,2025-05-01T22:46:34,2025-05-01T23:41:34,14.49,159.54,credit_card
TRIP01980,USR0149,SC0157,cdmx,2025-06-17T06:51:19,2025-06-17T06:57:19,3.65,$60.25,debit_card
TRIP03499,USR0449,SC0108,CDMX,2024-07-08T19:39:39,2024-07-08T19:51:39,10.4,166.63,cash
TRIP00060,USR0415,SC0072,Guadalajara,2024-11-25T13:03:28,2024-11-25T13:21:28,14.74,$141.31,wallet
TRIP02531,USR0485,SC0051,Ciudad de Mexico,2024-12-08T16:50:01,2024-12-08T17:40:01,5.49,68.12,qr_code
TRIP03067,USR0449,SC0035,CDMX,2024-10-31T07:46:00,2024-10-31T08:07:00,10.74,105.57,debit_card
TRIP04885,USR0218,SC0124,MTY,2024-12-28T08:18:51,2024-12-28T08:52:51,5.42,88.4,qr_code
TRIP03876,USR0131,SC0135,CDMX,2024-05-14T06:45:27,2024-05-14T07:17:27,7.87,103.39,qr_code
TRIP04926,USR0269,SC0152,Monterrey,2025-04-22T22:46:09,2025-04-22T23:15:09,5.68,91.0,credit_card
TRIP02650,USR0178,SC0187,Guadalajara,2024-04-05T20:51:38,2024-04-05T22:15:38,7.71,123.05,credit_card
TRIP01287,USR0481,SC0018,Monterrey,2025-01-26T09:30:06,2025-01-26T09:46:06,13.22,184.66,credit_card
TRIP01290,USR0296,SC0033,MTY,2024-09-12T07:18:56,2024-09-12T07:29:56,13.84,137.59,wallet
TRIP01345,,SC0071,Ciudad de Mexico,2025-05-22T11:41:12,2025-05-22T11:53:12,3.37,50.97,debit_card
TRIP01832,USR0274,SC0045,CDMX,2024-09-03T12:49:21,2024-09-03T14:08:21,0.88,$27.40,credit_card
TRIP02834,USR0405,SC0150,cdmx,2025-02-17T17:37:04,2025-02-17T17:15:04,8.97,148.9,debit_card
TRIP02283,USR0433,SC0162,MTY,2024-05-22T13:19:05,2024-05-22T13:31:05,5.2,58.65,debit_card
TRIP03532,USR0483,SC0017,CDMX,2025-01-04T21:33:31,2025-01-04T22:54:31,3.96,61.84,debit_card
TRIP03037,USR0478,SC0016,MTY,2025-03-12T14:02:39,2025-03-12T14:58:39,8.46,124.75,cash
TRIP02428,USR0343,SC0195,Ciudad de Mexico,2024-10-31T13:20:40,2024-10-31T14:49:40,7.23,109.97,credit_card
TRIP03684,USR0363,SC0141,CDMX,2024-04-03T07:23:58,2024-04-03T08:12:58,8.86,91.39,wallet
TRIP02509,USR0134,SC0215,cdmx,2024-10-16T19:28:17,2024-10-16T20:57:17,8.21,121.88,wallet
TRIP00245,USR0152,SC0143,Ciudad de Mexico,2025-01-10T18:32:24,2025-01-10T19:00:24,5.78,$81.14,qr_code
TRIP03868,USR0027,SC0068,cdmx,2024-10-16T16:48:01,2024-10-16T17:33:01,10.87,113.0,debit_card
TRIP03171,USR0402,SC0037,GDL,2024-04-17T19:48:21,2024-04-17T20:20:21,5.35,85.19,cash
TRIP04756,USR0139,SC0084,Guadalajara,2024-05-19T15:38:30,2024-05-19T16:32:30,14.53,133.66,cash
TRIP02940,USR0291,SC0037,Guadalajara,2024-04-20T11:35:10,2024-04-20T12:03:10,2.8,38.19,cash
TRIP00097,USR0282,SC0158,MTY,2025-06-24T06:36:07,2025-06-24T06:48:07,3.43,47.79,wallet
TRIP00800,USR0207,SC0050,Ciudad de Mexico,2025-05-21T12:20:41,2025-05-21T13:12:41,7.07,67.08,cash
TRIP00014,USR0172,SC0143,cdmx,2024-03-23T08:44:09,2024-03-23T09:16:09,8.37,99.42,qr_code
TRIP01188,USR0338,SC0105,CDMX,2024-05-30T17:04:50,2024-05-30T17:48:50,12.87,197.37,debit_card
TRIP01749,USR0442,SC0037,GDL,2024-05-10T12:23:38,2024-05-10T13:50:38,14.42,141.75,debit_card
TRIP04337,USR0374,SC0054,GDL,2024-10-26T13:08:06,2024-10-26T13:22:06,9.86,132.58,wallet
TRIP00560,USR0225,SC0041,Monterrey,2025-03-20T18:12:05,2025-03-20T19:31:05,1.89,$22.67,wallet
TRIP01992,USR0220,SC0093,MTY,2024-07-23T08:49:16,2024-07-23T09:58:16,5.74,77.23,credit_card
TRIP01278,USR0182,SC0142,Monterrey,2025-05-27T11:50:32,2025-05-27T13:18:32,0.92,24.6,wallet
TRIP01751,USR0375,SC0038,MTY,2024-01-11T14:49:22,2024-01-11T15:53:22,5.26,67.74,cash
TRIP04542,USR0412,SC0031,GDL,2024-04-01T05:33:47,2024-04-01T06:44:47,11.68,112.24,debit_card
TRIP02835,USR0015,SC0025,Guadalajara,2025-02-03T19:58:24,2025-02-03T20:34:24,10.61,160.63,cash
TRIP04467,USR0344,SC0141,Ciudad de Mexico,2024-07-27T16:34:28,2024-07-27T17:38:28,11.15,117.69,qr_code
TRIP03994,USR0193,SC0080,Ciudad de Mexico,2024-01-24T08:47:06,2024-01-24T10:02:06,9.51,145.25,cash
TRIP01051,USR0021,SC0076,CDMX,2024-03-03T14:17:34,2024-03-03T14:54:34,3.71,57.22,credit_card
TRIP04947,USR0343,SC0221,cdmx,2024-10-06T07:00:22,2024-10-06T08:25:22,10.74,164.68,debit_card
TRIP00549,USR0224,SC0110,GDL,2024-05-22T08:08:26,2024-05-22T09:23:26,4.81,81.61,wallet
TRIP04293,USR0259,SC0106,Monterrey,2024-12-07T20:14:33,2024-12-07T21:29:33,1.97,$36.36,wallet
TRIP00172,USR0438,SC0053,cdmx,2024-08-14T17:17:41,2024-08-14T18:14:41,14.52,197.61,debit_card
TRIP00804,USR0094,SC0121,MTY,2024-03-21T09:53:48,2024-03-21T11:08:48,1.66,40.59,qr_code
TRIP02851,USR0497,SC0102,MTY,2025-02-11T06:46:40,2025-02-11T08:07:40,5.52,91.37,cash
TRIP03644,USR0014,SC0013,CDMX,2025-02-17T10:17:32,2025-02-17T10:40:32,3.06,38.6,debit_card
TRIP02139,USR0031,SC0009,cdmx,2024-03-20T13:39:56,2024-03-20T14:58:56,6.22,$98.90,qr_code
TRIP03606,USR0040,SC0165,GDL,2024-07-09T08:42:46,2024-07-09T09:05:46,4.73,69.92,wallet
TRIP00812,USR0103,SC0071,Ciudad de Mexico,2024-10-03T08:57:08,2024-10-03T09:04:08,6.08,103.9,debit_card
TRIP01483,USR0388,SC0078,cdmx,2024-07-15T16:05:00,2024-07-15T17:02:00,12.15,181.8,cash
TRIP04257,USR0281,SC0166,CDMX,2024-01-26T10:19:18,2024-01-26T10:59:18,12.4,158.48,debit_card
TRIP00932,USR0366,SC0074,CDMX,2024-03-27T20:25:48,2024-03-27T20:56:48,9.8,$141.66,qr_code
TRIP00959,USR0091,SC0005,Monterrey,2024-11-18T20:44:05,2024-11-18T21:11:05,10.17,112.85,qr_code
TRIP03221,USR0359,SC0182,MTY,2025-06-12T06:43:36,2025-06-12T07:33:36,9.26,127.59,debit_card
TRIP01595,USR0289,SC0244,GDL,2024-07-07T15:23:21,2024-07-07T15:30:21,9.28,121.36,credit_card
TRIP03937,,SC0166,cdmx,2024-05-06T08:14:38,2024-05-06T09:37:38,6.39,72.23,debit_card
TRIP04625,USR0199,SC0070,cdmx,2024-09-16T17:27:14,2024-09-16T17:52:14,3.14,55.18,debit_card
TRIP01551,USR0193,SC0139,MTY,2024-09-06T07:30:42,2024-09-06T08:24:42,4.28,55.46,qr_code
TRIP00252,USR0205,SC0053,cdmx,2024-03-20T18:11:31,2024-03-20T19:29:31,9.81,98.17,credit_card
TRIP00854,USR0252,SC0174,Monterrey,2025-04-30T20:10:36,2025-04-30T21:32:36,0.83,27.2,debit_card
TRIP02274,USR0085,SC0074,Ciudad de Mexico,2025-04-02T14:47:31,2025-04-02T15:04:31,3.75,61.29,qr_code
TRIP01391,USR0230,SC0152,MTY,2025-06-17T19:30:57,2025-06-17T20:11:57,9.2,112.88,wallet
TRIP02208,USR0431,SC0051,cdmx,2024-06-10T16:09:17,2024-06-10T17:37:17,10.69,115.92,qr_code
TRIP04129,USR0495,SC0210,GDL,2025-01-12T14:59:10,2025-01-12T16:15:10,1.16,34.06,cash
TRIP00067,USR0198,SC0094,Ciudad de Mexico,2024-08-17T20:53:45,2024-08-17T22:21:45,1.06,27.37,wallet
TRIP00639,USR0323,SC0109,Ciudad de Mexico,2024-05-07T19:48:52,2024-05-07T21:07:52,2.95,42.22,wallet
TRIP04471,USR0066,SC0141,cdmx,2024-03-29T20:17:53,2024-03-29T20:46:53,11.23,118.31,cash
TRIP01728,USR0340,SC0083,MTY,2025-02-10T09:22:14,2025-02-10T09:39:14,13.76,139.98,cash
TRIP02143,USR0481,SC0156,CDMX,2024-07-31T15:42:43,2024-07-31T16:09:43,1.04,25.54,qr_code
TRIP00050,USR0050,SC0094,CDMX,2024-05-13T15:35:35,2024-05-13T16:22:35,13.17,203.47,credit_card
TRIP02360,USR0194,SC0044,cdmx,2025-05-22T18:50:21,2025-05-22T19:45:21,14.87,181.65,cash
TRIP04052,USR0488,SC0121,MTY,2024-01-19T17:15:04,2024-01-19T18:38:04,8.57,127.4,debit_card
TRIP04357,USR0182,SC0197,MTY,2024-08-11T15:05:34,2024-08-11T16:12:34,6.59,93.11,cash
TRIP04909,USR0146,SC0193,CDMX,2025-05-23T19:01:39,2025-05-23T19:06:39,7.04,67.92,qr_code
TRIP02934,USR0149,SC0022,MTY,2024-04-15T07:37:57,2024-04-15T07:49:57,13.86,189.52,cash
TRIP03761,USR0087,SC0129,Guadalajara,2025-05-15T17:06:39,2025-05-15T18:27:39,8.75,119.08,credit_card
TRIP04998,USR0127,SC0182,Monterrey,2024-03-07T11:08:32,2024-03-07T12:04:32,9.26,99.25,wallet
TRIP00714,USR0410,SC0160,CDMX,2024-07-15T22:57:58,2024-07-15T23:05:58,1.25,21.69,wallet
TRIP03358,USR0021,SC0103,MTY,2025-03-17T13:14:37,2025-03-17T14:17:37,14.08,183.65,qr_code
TRIP00583,USR0371,SC0174,Monterrey,2025-06-05T19:37:37,2025-06-05T20:29:37,5.15,63.41,credit_card
TRIP01767,USR0381,SC0005,MTY,2025-05-29T17:18:12,2025-05-29T17:33:12,5.28,69.48,qr_code
TRIP03570,USR0275,SC0023,cdmx,2025-03-20T17:27:01,2025-03-20T18:29:01,13.5,174.18,qr_code
TRIP02720,USR0452,SC0176,Ciudad de Mexico,2024-02-24T17:27:25,2024-02-24T18:22:25,5.71,91.88,qr_code
TRIP04953,USR0044,SC0115,GDL,2025-02-09T16:26:04,2025-02-09T16:41:04,11.55,161.02,cash
TRIP03988,,SC0005,MTY,2024-06-04T14:54:27,2024-06-04T15:50:27,8.2,91.91,debit_card
TRIP03527,USR0226,SC0031,Guadalajara,2025-01-27T14:24:50,2025-01-27T15:40:50,9.47,130.13,wallet
TRIP00026,USR0195,SC0093,Monterrey,2024-10-31T23:19:36,2024-11-01T00:43:36,1.94,40.26,credit_card
TRIP00032,USR0123,SC0079,Ciudad de Mexico,2024-01-15T07:53:58,2024-01-15T08:12:58,12.57,160.16,cash
TRIP03112,USR0164,SC0168,MTY,2024-02-13T20:01:52,2024-02-13T20:52:52,5.91,58.57,cash
TRIP03726,USR0414,SC0063,MTY,2025-06-25T05:58:22,2025-06-25T06:35:22,12.31,196.46,cash
TRIP04042,USR0272,SC0110,Guadalajara,2024-02-07T15:01:41,2024-02-07T16:27:41,5.55,68.79,debit_card
TRIP03622,USR0022,SC0107,cdmx,2024-04-18T11:39:20,2024-04-18T12:00:20,8.28,124.46,cash
TRIP00113,,SC0054,GDL,2024-11-02T08:53:54,2024-11-02T09:47:54,6.07,96.85,credit_card
TRIP01023,USR0084,SC0035,Ciudad de Mexico,2024-10-26T11:28:52,2024-10-26T12:25:52,13.3,166.11,wallet
TRIP02745,USR0042,SC0121,MTY,2024-11-04T08:23:30,2024-11-04T08:51:30,3.46,53.16,wallet
TRIP00481,USR0027,SC0140,CDMX,2024-08-24T12:03:32,2024-08-24T13:02:32,4.4,54.11,cash
TRIP00982,USR0076,SC0184,Ciudad de Mexico,2024-03-27T15:24:16,2024-03-27T15:57:16,3.97,54.97,wallet
TRIP00840,USR0275,SC0021,GDL,2024-12-11T20:27:27,2024-12-11T20:37:27,11.32,142.06,debit_card
TRIP04256,USR0349,SC0084,GDL,2024-07-13T07:10:35,2024-07-13T07:39:35,1.58,22.59,debit_card
TRIP01906,USR0055,SC0073,GDL,2024-07-11T11:02:00,2024-07-11T11:12:00,10.15,115.87,wallet
TRIP00225,USR0289,SC0067,cdmx,2025-04-14T19:55:01,2025-04-14T21:01:01,9.69,160.11,cash
TRIP04376,USR0101,SC0200,GDL,2025-04-08T08:28:09,2025-04-08T09:21:09,8.13,$108.69,cash
TRIP03961,USR0147,SC0006,Monterrey,2024-06-18T10:42:18,2024-06-18T10:48:18,13.16,212.66,wallet
TRIP00905,USR0363,SC0168,MTY,2024-06-25T16:32:02,2024-06-25T17:52:02,12.41,190.93,wallet
TRIP01965,USR0162,SC0060,Ciudad de Mexico,2024-02-20T18:08:12,2024-02-20T18:44:12,1.69,$34.02,qr_code
TRIP03479,USR0077,SC0035,CDMX,2025-06-15T18:39:11,2025-06-15T19:42:11,3.45,46.14,cash
TRIP03593,USR0039,SC0010,CDMX,2024-04-20T19:33:11,2024-04-20T20:12:11,1.86,30.24,cash
TRIP03279,USR0387,SC0113,Monterrey,2025-06-29T08:51:46,2025-06-29T10:07:46,7.87,101.0,cash
TRIP04058,USR0392,SC0086,cdmx,2024-03-08T20:38:37,2024-03-08T21:47:37,14.84,194.41,debit_card
TRIP02839,USR0263,SC0141,Ciudad de Mexico,2025-03-03T12:48:42,2025-03-03T14:14:42,11.4,164.63,debit_card
TRIP04856,,SC0142,Monterrey,2024-04-11T19:16:19,2024-04-11T19:30:19,11.63,$114.42,qr_code
TRIP03731,USR0043,SC0150,CDMX,2024-04-16T09:21:44,2024-04-16T09:42:44,9.75,$116.99,credit_card
TRIP04919,USR0491,SC0154,Monterrey,2024-05-16T16:36:01,2024-05-16T17:11:01,10.61,141.48,cash
TRIP02403,USR0354,SC0092,Monterrey,2024-03-21T18:32:01,2024-03-21T19:15:01,1.37,35.59,wallet
TRIP03487,USR0318,SC0067,CDMX,2025-03-27T19:29:30,2025-03-27T19:09:30,5.02,70.9,credit_card
TRIP03620,USR0350,SC0133,GDL,2025-05-01T10:47:53,2025-05-01T12:12:53,3.18,54.37,cash
TRIP01319,USR0074,SC0097,GDL,2024-09-11T19:43:25,2024-09-11T20:28:25,7.3,92.32,qr_code
TRIP04060,USR0146,SC0020,Ciudad de Mexico,2025-03-12T18:42:26,2025-03-12T19:35:26,1.97,39.74,debit_card
TRIP04944,USR0289,SC0158,Monterrey,2024-05-29T17:08:41,2024-05-29T17:35:41,3.94,53.63,qr_code
TRIP03747,USR0260,SC0001,MTY,2024-01-04T06:03:22,2024-01-04T06:26:22,10.17,131.28,wallet
TRIP04532,USR0199,SC0148,Monterrey,2024-08-01T17:49:06,2024-08-01T18:05:06,10.43,110.59,credit_card
TRIP01867,USR0415,SC0075,Monterrey,2024-02-22T08:14:29,2024-02-22T09:16:29,2.03,30.23,cash
TRIP04559,USR0470,SC0102,Monterrey,2024-11-12T14:09:15,2024-11-12T14:23:15,0.91,$24.94,qr_code
TRIP04738,USR0460,SC0126,Ciudad de Mexico,2025-05-20T06:26:39,2025-05-20T07:38:39,7.07,97.24,debit_card
TRIP01783,USR0282,SC0099,Guadalajara,2024-04-22T12:53:09,2024-04-22T13:03:09,2.33,40.24,wallet
TRIP04148,USR0051,SC0026,cdmx,2025-03-09T15:24:07,2025-03-09T15:54:07,3.89,$45.85,debit_card
TRIP00559,USR0216,SC0012,MTY,2024-09-13T19:04:28,2024-09-13T19:56:28,13.89,157.83,qr_code
TRIP03412,USR0108,SC0112,cdmx,2025-04-01T06:18:07,2025-04-01T06:23:07,10.28,160.55,credit_card
TRIP03259,,SC0099,Guadalajara,2025-03-12T17:59:19,2025-03-12T18:42:19,12.22,170.33,qr_code
TRIP00210,USR0090,SC0016,MTY,2024-10-14T07:34:12,2024-10-14T08:12:12,11.05,175.15,qr_code
TRIP03655,USR0293,SC0185,Ciudad de Mexico,2025-06-26T20:14:59,2025-06-26T20:53:59,4.15,68.5,qr_code
TRIP03599,USR0214,SC0182,MTY,2024-10-16T18:28:51,2024-10-16T18:53:51,11.76,173.7,debit_card
TRIP00231,USR0154,SC0182,MTY,2024-06-16T18:30:53,2024-06-16T19:55:53,4.27,58.29,cash
TRIP00900,USR0217,SC0143,CDMX,2025-01-10T07:01:55,2025-01-10T07:19:55,7.22,73.28,debit_card
TRIP00796,USR0283,SC0037,Guadalajara,2024-12-02T17:00:43,2024-12-02T17:59:43,14.23,122.85,cash
TRIP04072,USR0447,SC0040,Monterrey,2024-12-13T05:26:01,2024-12-13T05:43:01,9.5,134.04,debit_card
TRIP03683,USR0242,SC0137,Ciudad de Mexico,2024-09-06T22:28:53,2024-09-06T22:36:53,5.87,102.37,credit_card
TRIP03674,USR0061,SC0158,MTY,2025-01-06T07:15:57,2025-01-06T07:46:57,3.93,$50.18,debit_card
TRIP01474,USR0056,SC0175,GDL,2024-05-30T18:55:19,2024-05-30T19:50:19,7.05,83.87,cash
TRIP03647,USR0305,SC0032,MTY,2024-08-18T18:55:22,2024-08-18T19:48:22,4.11,72.51,cash
TRIP04546,USR0434,SC0181,MTY,2024-01-15T09:48:54,2024-01-15T10:55:54,8.2,104.11,wallet
TRIP01849,USR0126,SC0144,GDL,2024-10-04T19:22:56,2024-10-04T20:15:56,0.91,31.97,debit_card
TRIP04874,USR0483,SC0113,Monterrey,2025-02-10T06:36:09,2025-02-10T07:02:09,5.76,81.53,qr_code
TRIP04155,USR0460,SC0022,MTY,2025-03-09T07:01:31,2025-03-09T07:44:31,5.64,83.55,credit_card
TRIP01915,USR0464,SC0140,Ciudad de Mexico,2024-11-30T08:50:40,2024-11-30T09:49:40,3.17,50.06,debit_card
TRIP03630,USR0264,SC0100,Guadalajara,2024-03-11T06:07:40,2024-03-11T06:28:40,2.74,35.48,cash
TRIP03182,USR0418,SC0170,Ciudad de Mexico,2024-07-25T08:09:02,2024-07-25T09:26:02,6.39,96.51,qr_code
TRIP01862,USR0495,SC0039,Guadalajara,2025-05-02T12:58:52,2025-05-02T13:37:52,4.51,53.28,cash
TRIP01828,USR0050,SC0040,Monterrey,2024-12-28T18:59:58,2024-12-28T19:16:58,4.98,52.03,wallet
TRIP04555,USR0116,SC0035,Ciudad de Mexico,2025-02-11T07:05:18,2025-02-11T07:20:18,4.79,79.22,qr_code
TRIP02479,USR0362,SC0162,Monterrey,2024-03-01T16:43:32,2024-03-01T17:02:32,9.55,146.0,debit_card
TRIP04395,USR0322,SC0168,MTY,2025-05-16T06:12:14,2025-05-16T07:34:14,2.7,39.65,credit_card
TRIP00931,USR0386,SC0056,MTY,2024-02-18T21:16:19,2024-02-18T22:44:19,5.41,56.75,credit_card
TRIP01239,USR0216,SC0077,GDL,2025-03-15T17:46:35,2025-03-15T18:39:35,2.9,43.93,debit_card
TRIP02409,USR0327,SC0157,Ciudad de Mexico,2024-08-23T18:49:18,2024-08-23T19:05:18,14.83,218.63,credit_card
TRIP01302,USR0402,SC0119,MTY,2024-01-22T09:36:57,2024-01-22T09:41:57,6.73,99.22,debit_card
TRIP01887,USR0419,SC0092,MTY,2025-01-29T08:25:02,2025-01-29T09:41:02,0.0,73.7,debit_card
TRIP01208,USR0238,SC0132,CDMX,2024-10-29T08:17:40,2024-10-29T09:37:40,4.64,69.28,cash
TRIP02371,USR0142,SC0144,Guadalajara,2024-09-15T00:28:34,2024-09-15T00:54:34,0.95,22.54,credit_card
TRIP00927,USR0078,SC0190,CDMX,2025-04-07T19:44:42,2025-04-07T20:49:42,5.08,$48.45,cash
TRIP03227,USR0354,SC0132,CDMX,2024-02-24T18:05:02,2024-02-24T18:31:02,8.25,74.86,qr_code
TRIP00413,USR0170,SC0119,MTY,2024-12-09T12:10:06,2024-12-09T13:13:06,7.69,125.62,wallet
TRIP02666,USR0332,SC0152,Monterrey,2024-11-06T14:51:30,2024-11-06T15:37:30,14.7,$221.71,wallet
TRIP02798,USR0462,SC0034,GDL,2024-09-25T18:10:47,2024-09-25T18:27:47,14.5,177.32,credit_card
TRIP01448,USR0457,SC0192,Ciudad de Mexico,2024-06-11T08:34:57,2024-06-11T08:39:57,3.67,43.81,qr_code
TRIP03172,USR0038,SC0181,Monterrey,2024-05-13T16:43:53,2024-05-13T17:54:53,12.84,167.3,cash
TRIP03706,USR0217,SC0163,Ciudad de Mexico,2025-04-11T16:56:15,2025-04-11T16:47:15,11.87,121.99,wallet
TRIP01589,USR0350,SC0063,Monterrey,2024-07-19T08:44:42,2024-07-19T09:31:42,7.03,84.51,debit_card
TRIP01317,USR0133,SC0122,Monterrey,2025-05-29T11:13:08,2025-05-29T12:19:08,4.24,61.8,wallet
TRIP00995,USR0309,SC0001,Monterrey,2024-10-21T13:44:53,2024-10-21T14:17:53,3.79,54.25,wallet
TRIP01203,USR0244,SC0070,cdmx,2024-10-30T17:50:03,2024-10-30T19:03:03,2.5,39.16,credit_card
TRIP02478,USR0371,SC0062,MTY,2025-03-14T07:49:14,2025-03-14T08:24:14,0.72,26.48,debit_card
TRIP03003,USR0225,SC0182,Monterrey,2024-08-15T06:57:56,2024-08-15T07:08:56,0.0,71.85,credit_card
TRIP02433,USR0072,SC0070,Ciudad de Mexico,2025-03-11T20:51:30,2025-03-11T21:58:30,8.22,105.5,credit_card
TRIP03367,USR0075,SC0196,GDL,2024-08-19T09:55:33,2024-08-19T10:55:33,5.21,55.92,cash
TRIP03795,USR0208,SC0120,CDMX,2024-06-25T23:02:28,2024-06-26T00:10:28,14.02,224.42,wallet
TRIP02668,USR0348,SC0045,Ciudad de Mexico,2024-10-17T06:45:41,2024-10-17T08:02:41,5.37,$69.59,credit_card
TRIP02424,USR0088,SC0052,cdmx,2025-04-23T17:10:07,2025-04-23T18:01:07,14.68,138.08,wallet
TRIP01912,USR0063,SC0250,Ciudad de Mexico,2024-07-24T18:19:57,2024-07-24T19:49:57,9.31,104.85,cash
TRIP01290,USR0296,SC0033,MTY,2024-09-12T07:18:56,2024-09-12T07:29:56,13.84,137.59,wallet
TRIP03839,USR0449,SC0041,MTY,2024-05-28T09:11:46,2024-05-28T09:37:46,11.18,112.87,debit_card
TRIP04509,USR0085,SC0103,Monterrey,2024-03-26T15:43:11,2024-03-26T17:06:11,11.05,161.73,credit_card
TRIP01881,USR0411,SC0005,MTY,2025-03-12T13:24:06,2025-03-12T14:04:06,6.95,120.66,credit_card
TRIP00234,USR0438,SC0084,GDL,2024-03-22T11:06:04,2024-03-22T12:11:04,6.26,89.85,debit_card
TRIP02648,USR0422,SC0025,GDL,2025-03-15T08:58:59,2025-03-15T10:20:59,13.59,206.1,debit_card
TRIP01525,USR0410,SC0083,Monterrey,2024-04-27T08:33:07,2024-04-27T09:30:07,8.27,99.47,wallet
TRIP02504,USR0252,SC0148,Monterrey,2024-11-10T10:29:51,2024-11-10T11:13:51,1.16,21.24,credit_card
TRIP04252,USR0261,SC0061,Guadalajara,2024-02-06T08:58:21,2024-02-06T10:25:21,1.15,36.54,cash
TRIP04214,USR0045,SC0003,cdmx,2024-06-22T20:43:12,2024-06-22T21:25:12,7.03,93.5,cash
TRIP02077,USR0287,SC0093,Monterrey,2024-06-26T16:40:03,2024-06-26T16:56:03,7.67,99.08,qr_code
TRIP02111,USR0162,SC0177,cdmx,2024-01-03T18:21:39,2024-01-03T19:46:39,3.65,55.59,credit_card
TRIP00619,USR0159,SC0032,Monterrey,2024-12-20T08:00:42,2024-12-20T08:23:42,4.96,63.96,debit_card
TRIP04389,USR0462,SC0159,Ciudad de Mexico,2024-03-11T17:50:01,2024-03-11T19:14:01,3.91,68.64,qr_code
TRIP01585,USR0426,SC0119,MTY,2024-09-22T15:58:32,2024-09-22T16:29:32,14.34,196.58,wallet
TRIP03882,USR0182,SC0045,CDMX,2024-12-07T18:14:55,2024-12-07T19:39:55,1.21,21.71,debit_card
TRIP00696,USR0403,SC0191,cdmx,2024-02-26T06:05:19,2024-02-26T07:25:19,3.01,$36.41,cash
TRIP03817,USR0016,SC0061,Guadalajara,2025-04-03T14:50:53,2025-04-03T15:04:53,2.69,56.17,debit_card
TRIP03580,USR0277,SC0071,cdmx,2024-05-20T12:17:07,2024-05-20T12:35:07,9.35,149.01,qr_code
TRIP04873,USR0218,SC0160,Ciudad de Mexico,2025-05-04T17:55:50,2025-05-04T18:55:50,5.89,71.84,debit_card
TRIP04867,USR0435,SC0083,MTY,2024-05-22T11:15:04,2024-05-22T12:03:04,1.77,39.84,cash
TRIP03613,USR0378,SC0126,cdmx,2024-09-11T07:17:39,2024-09-11T08:26:39,10.67,127.49,debit_card
TRIP02622,USR0209,SC0147,MTY,2025-02-03T17:52:53,2025-02-03T18:20:53,4.79,68.77,debit_card
TRIP03143,USR0153,SC0151,GDL,2024-07-01T09:14:57,2024-07-01T09:47:57,11.9,163.46,wallet
TRIP03947,,SC0030,Monterrey,2024-06-16T07:14:43,2024-06-16T07:39:43,10.48,139.77,debit_card
TRIP01461,USR0393,SC0102,MTY,2025-05-19T19:51:36,2025-05-19T20:18:36,12.54,137.82,wallet
TRIP00761,USR0290,SC0079,cdmx,2024-10-12T12:42:12,2024-10-12T14:05:12,11.66,132.67,qr_code
TRIP02845,USR0427,SC0114,CDMX,2025-04-28T05:34:51,2025-04-28T06:39:51,5.17,56.69,credit_card
TRIP03658,USR0049,SC0204,CDMX,2025-03-31T19:55:39,2025-03-31T21:09:39,7.45,116.86,credit_card
TRIP03450,USR0120,SC0198,cdmx,2024-09-27T20:30:27,2024-09-27T21:26:27,1.29,22.88,debit_card
TRIP04778,USR0432,SC0083,Monterrey,2024-05-31T15:59:21,2024-05-31T16:32:21,10.13,$123.04,credit_card
TRIP03130,USR0274,SC0129,Guadalajara,2024-03-23T12:05:37,2024-03-23T12:51:37,11.71,150.76,wallet
TRIP02896,USR0442,SC0106,Monterrey,2024-07-09T22:59:28,2024-07-10T00:00:28,1.18,29.54,debit_card
TRIP04541,USR0181,SC0120,CDMX,2025-01-07T08:47:53,2025-01-07T09:14:53,3.49,50.77,debit_card
TRIP03374,USR0198,SC0060,CDMX,2024-08-20T21:23:27,2024-08-20T22:48:27,0.81,19.45,wallet
TRIP01163,USR0353,SC0051,Ciudad de Mexico,2025-06-12T17:04:41,2025-06-12T17:10:41,0.0,47.11,cash
TRIP04693,USR0483,SC0102,MTY,2024-07-10T11:49:23,2024-07-10T12:36:23,8.35,124.04,debit_card
TRIP00899,USR0415,SC0112,CDMX,2024-01-03T15:49:07,2024-01-03T16:59:07,12.19,171.57,wallet
TRIP03616,USR0220,SC0124,Monterrey,2025-04-23T18:26:48,2025-04-23T19:10:48,10.08,$146.70,cash
TRIP00613,USR0450,SC0067,cdmx,2024-11-11T16:57:55,2024-11-11T17:26:55,5.0,62.58,qr_code
TRIP03443,USR0293,SC0085,Ciudad de Mexico,2025-04-03T18:57:03,2025-04-03T19:16:03,10.73,112.95,debit_card
TRIP01065,USR0352,SC0058,Monterrey,2025-05-23T13:47:24,2025-05-23T14:12:24,14.02,217.39,debit_card
TRIP01507,USR0494,SC0048,CDMX,2025-04-23T15:10:24,2025-04-23T15:31:24,13.92,140.58,qr_code
TRIP00178,USR0292,SC0120,CDMX,2024-05-26T17:49:05,2024-05-26T18:56:05,5.04,54.15,debit_card
TRIP01041,USR0083,SC0181,MTY,2024-06-24T15:39:03,2024-06-24T15:51:03,6.77,109.49,debit_card
TRIP03417,USR0222,SC0030,Monterrey,2024-06-18T14:33:07,2024-06-18T15:57:07,4.71,81.23,wallet
TRIP04605,USR0165,SC0060,cdmx,2024-11-29T19:57:31,2024-11-29T21:11:31,11.08,142.64,qr_code
TRIP02064,USR0198,SC0184,cdmx,2024-11-26T19:49:08,2024-11-26T20:22:08,14.9,232.06,wallet
TRIP04754,USR0499,SC0040,MTY,2024-02-20T17:28:08,2024-02-20T18:32:08,7.1,84.47,debit_card
TRIP00482,USR0027,SC0110,Guadalajara,2024-08-05T09:38:06,2024-08-05T10:38:06,5.77,$64.91,qr_code
TRIP02443,USR0410,SC0078,CDMX,2024-12-10T14:28:27,2024-12-10T15:46:27,12.68,$169.52,credit_card
TRIP02670,USR0056,SC0151,GDL,2024-06-10T19:42:18,2024-06-10T19:56:18,7.65,94.83,debit_card
TRIP03648,USR0107,SC0116,Guadalajara,2024-07-22T06:39:05,2024-07-22T07:22:05,8.35,81.38,debit_card
TRIP03928,,SC0185,cdmx,2025-05-28T07:07:22,2025-05-28T08:32:22,12.13,118.8,wallet
TRIP02818,USR0358,SC0049,MTY,2025-04-25T08:52:42,2025-04-25T09:55:42,14.87,171.12,debit_card
TRIP00611,USR0482,SC0088,MTY,2024-03-03T19:32:09,2024-03-03T20:11:09,4.5,54.84,credit_card
TRIP02682,USR0213,SC0156,Ciudad de Mexico,2025-02-20T12:07:15,2025-02-20T13:33:15,4.19,63.37,debit_card
TRIP04080,USR0355,SC0110,Guadalajara,2024-04-08T08:29:52,2024-04-08T08:43:52,11.34,$160.27,debit_card
TRIP04522,USR0267,SC0188,Ciudad de Mexico,2024-02-01T01:38:11,2024-02-01T02:42:11,14.44,183.26,cash
TRIP01486,USR0169,SC0101,Ciudad de Mexico,2024-09-16T08:40:40,2024-09-16T09:56:40,7.0,90.1,wallet
TRIP04294,,SC0071,cdmx,2024-06-21T19:28:08,2024-06-21T20:37:08,4.11,50.51,qr_code
TRIP01579,,SC0111,Guadalajara,2025-04-23T07:55:16,2025-04-23T08:41:16,1.77,32.22,cash
TRIP01534,USR0081,SC0044,Ciudad de Mexico,2025-04-08T16:03:00,2025-04-08T16:29:00,3.75,60.62,wallet
TRIP01664,USR0362,SC0182,MTY,2024-09-08T10:09:50,2024-09-08T11:23:50,2.95,46.72,wallet
TRIP04894,USR0202,SC0008,Ciudad de Mexico,2025-03-20T19:17:19,2025-03-20T20:37:19,2.28,36.93,qr_code
TRIP04188,USR0196,SC0013,Ciudad de Mexico,2025-06-02T10:46:02,2025-06-02T10:54:02,3.09,47.68,credit_card
TRIP03125,USR0345,SC0045,Ciudad de Mexico,2025-03-20T07:19:37,2025-03-20T07:41:37,4.81,60.02,cash
TRIP02296,USR0091,SC0007,GDL,2024-02-04T08:23:04,2024-02-04T09:34:04,5.54,77.5,cash
TRIP01131,USR0458,SC0118,MTY,2024-02-16T12:08:00,2024-02-16T13:10:00,3.5,45.73,debit_card
TRIP01225,USR0066,SC0041,MTY,2024-04-13T07:35:37,2024-04-13T08:48:37,13.07,128.34,cash
TRIP00247,USR0199,SC0140,Ciudad de Mexico,2024-09-19T08:45:04,2024-09-19T08:51:04,7.63,114.76,credit_card
TRIP02435,USR0008,SC0149,CDMX,2025-04-12T22:52:27,2025-04-13T00:08:27,14.0,205.87,cash
TRIP03284,USR0065,SC0099,Guadalajara,2024-12-04T07:25:45,2024-12-04T08:10:45,4.71,$78.16,cash
TRIP02110,USR0105,SC0191,cdmx,2025-03-28T18:20:35,2025-03-28T18:36:35,12.77,166.66,qr_code
TRIP04823,USR0057,SC0027,Ciudad de Mexico,2024-11-11T17:03:08,2024-11-11T18:17:08,10.46,155.6,wallet
TRIP03970,USR0348,SC0175,GDL,2024-10-01T05:03:09,2024-10-01T05:08:09,12.9,167.8,wallet
TRIP02609,USR0476,SC0124,Monterrey,2025-06-17T07:51:52,2025-06-17T07:59:52,1.38,28.51,debit_card
TRIP00352,USR0043,SC0062,Monterrey,2024-03-06T11:23:42,2024-03-06T12:52:42,12.68,184.78,qr_code
TRIP00823,USR0124,SC0104,Monterrey,2024-03-16T15:21:33,2024-03-16T16:34:33,8.46,122.38,debit_card
TRIP02326,USR0481,SC0053,Ciudad de Mexico,2024-03-06T10:23:22,2024-03-06T10:29:22,1.22,33.59,qr_code
TRIP02239,USR0417,SC0057,cdmx,2025-03-16T09:12:27,2025-03-16T09:55:27,10.33,111.6,cash
TRIP01800,USR0198,SC0155,Ciudad de Mexico,2025-04-25T08:09:49,2025-04-25T08:18:49,1.39,23.63,credit_card
TRIP02207,USR0243,SC0084,GDL,2024-11-28T08:52:46,2024-11-28T09:19:46,2.48,53.54,credit_card
TRIP02975,USR0125,SC0082,cdmx,2024-11-28T18:05:08,2024-11-28T19:33:08,9.45,133.85,cash
TRIP00967,USR0492,SC0107,CDMX,2025-06-06T02:56:57,2025-06-06T03:15:57,3.69,51.95,cash
TRIP01602,USR0032,SC0030,Monterrey,2024-05-30T17:04:45,2024-05-30T18:31:45,6.84,62.72,qr_code
TRIP00824,USR0046,SC0160,CDMX,2025-03-28T17:34:05,2025-03-28T18:20:05,14.89,$159.81,credit_card
TRIP01725,,SC0142,MTY,2024-04-30T18:56:47,2024-04-30T20:08:47,7.22,96.85,credit_card
TRIP02135,USR0008,SC0100,GDL,2025-06-30T08:41:20,2025-06-30T10:11:20,7.93,80.33,credit_card
TRIP01494,USR0339,SC0088,MTY,2024-06-20T08:12:43,2024-06-20T08:47:43,9.44,145.7,wallet
TRIP03146,USR0181,SC0168,Monterrey,2025-04-18T09:57:26,2025-04-18T11:08:26,1.03,24.61,qr_code
TRIP03501,USR0232,SC0109,CDMX,2025-03-19T22:29:04,2025-03-19T22:41:04,2.0,24.06,debit_card
TRIP03822,USR0463,SC0157,cdmx,2024-02-23T16:16:41,2024-02-23T17:09:41,7.52,103.33,credit_card
TRIP02223,USR0296,SC0077,Guadalajara,2025-04-23T18:43:03,2025-04-23T19:28:03,11.86,127.09,credit_card
TRIP02822,USR0145,SC0061,Guadalajara,2025-03-27T19:10:36,2025-03-27T20:26:36,2.56,49.45,credit_card
TRIP00500,USR0073,SC0029,Guadalajara,2025-03-02T08:47:08,2025-03-02T09:59:08,6.47,83.76,cash
TRIP04062,USR0184,SC0003,CDMX,2025-03-15T00:31:49,2025-03-15T01:59:49,3.96,59.71,credit_card
TRIP01735,USR0322,SC0196,Guadalajara,2024-04-01T20:14:33,2024-04-01T21:43:33,9.39,124.66,wallet
TRIP00035,USR0468,SC0096,Ciudad de Mexico,2024-06-04T05:32:37,2024-06-04T06:19:37,6.88,92.22,wallet
TRIP04763,USR0026,SC0126,Ciudad de Mexico,2024-04-17T22:26:17,2024-04-17T23:01:17,9.03,110.6,cash
TRIP04311,USR0300,SC0132,Ciudad de Mexico,2024-08-11T15:35:40,2024-08-11T16:55:40,8.86,123.44,cash
TRIP00076,USR0134,SC0073,Guadalajara,2025-05-17T07:04:28,2025-05-17T07:31:28,1.77,40.29,cash
TRIP00043,,SC0118,MTY,2024-08-14T16:29:58,2024-08-14T17:12:58,1.16,29.52,debit_card
TRIP03167,USR0368,SC0170,CDMX,2024-04-15T19:59:03,2024-04-15T21:14:03,2.41,37.66,debit_card
TRIP00471,USR0094,SC0066,MTY,2025-04-24T09:27:33,2025-04-24T10:01:33,14.24,$164.13,credit_card
TRIP03406,USR0316,SC0071,Ciudad de Mexico,2024-05-31T08:54:23,2024-05-31T09:40:23,9.01,103.11,credit_card
TRIP03806,USR0159,SC0044,cdmx,2024-10-31T09:46:38,2024-10-31T10:51:38,9.5,89.38,debit_card
TRIP03116,USR0195,SC0077,Guadalajara,2024-11-07T07:48:41,2024-11-07T08:57:41,12.46,169.41,wallet
TRIP03826,USR0165,SC0227,cdmx,2024-01-27T20:25:22,2024-01-27T21:13:22,5.63,$67.88,cash
TRIP01114,USR0215,SC0083,MTY,2025-02-18T18:22:54,2025-02-18T18:39:54,3.14,46.83,cash
TRIP03147,USR0205,SC0167,CDMX,2024-04-11T11:09:58,2024-04-11T12:32:58,8.81,138.24,wallet
TRIP04410,USR0012,SC0168,Monterrey,2024-10-12T06:48:27,2024-10-12T07:10:27,14.15,130.18,debit_card
TRIP02026,USR0078,SC0060,Ciudad de Mexico,2024-08-23T09:03:48,2024-08-23T09:37:48,4.22,65.25,qr_code
TRIP03785,USR0056,SC0057,Ciudad de Mexico,2024-12-26T18:14:16,2024-12-26T19:05:16,14.61,179.28,wallet
TRIP03100,USR0387,SC0160,Ciudad de Mexico,2024-05-23T08:03:57,2024-05-23T08:44:57,1.32,31.35,qr_code
TRIP02937,USR0418,SC0089,CDMX,2024-06-01T20:11:12,2024-06-01T20:00:12,1.76,37.46,wallet
TRIP01080,USR0089,SC0158,Monterrey,2025-06-05T09:20:48,2025-06-05T10:09:48,12.55,180.84,debit_card
TRIP01769,USR0190,SC0047,CDMX,2024-02-14T09:02:39,2024-02-14T09:31:39,10.76,168.41,credit_card
TRIP03711,USR0026,SC0160,Ciudad de Mexico,2024-08-25T11:04:55,2024-08-25T11:37:55,7.31,103.46,cash
TRIP01741,USR0368,SC0087,GDL,2024-09-04T08:41:00,2024-09-04T09:57:00,11.35,149.08,qr_code
TRIP01999,USR0230,SC0186,CDMX,2024-05-22T14:28:43,2024-05-22T15:26:43,6.74,111.61,qr_code
TRIP03750,USR0312,SC0051,CDMX,2024-12-05T10:09:00,2024-12-05T11:33:00,5.7,74.26,credit_card
TRIP01275,USR0486,SC0190,cdmx,2025-02-07T09:14:21,2025-02-07T09:45:21,10.65,132.02,qr_code
TRIP02014,USR0219,SC0165,GDL,2024-04-04T18:50:23,2024-04-04T19:02:23,8.33,129.25,debit_card
TRIP01587,USR0051,SC0125,cdmx,2025-04-21T07:58:43,2025-04-21T09:24:43,0.87,23.15,wallet
TRIP02646,USR0398,SC0157,Ciudad de Mexico,2025-05-26T14:39:13,2025-05-26T15:46:13,2.42,44.15,cash
TRIP02357,USR0389,SC0001,Monterrey,2024-08-27T11:48:10,2024-08-27T13:08:10,11.99,$195.14,debit_card
TRIP04677,USR0217,SC0114,Ciudad de Mexico,2024-06-23T18:19:45,2024-06-23T19:31:45,10.9,$135.87,wallet
TRIP00416,USR0123,SC0094,CDMX,2025-03-20T06:09:56,2025-03-20T06:30:56,5.98,77.5,debit_card
TRIP01307,USR0391,SC0169,CDMX,2024-05-27T10:38:18,2024-05-27T11:28:18,1.7,40.04,wallet
TRIP01515,USR0443,SC0079,cdmx,2024-11-04T13:15:53,2024-11-04T14:01:53,1.26,25.84,wallet
TRIP01403,USR0429,SC0002,cdmx,2024-11-11T10:57:05,2024-11-11T11:17:05,10.03,160.28,qr_code
TRIP02872,USR0223,SC0151,Guadalajara,2024-08-29T10:21:34,2024-08-29T10:48:34,11.28,164.45,qr_code
TRIP03579,USR0465,SC0172,Monterrey,2024-10-08T07:33:58,2024-10-08T09:02:58,9.0,123.14,qr_code
TRIP00729,USR0168,SC0160,CDMX,2025-05-09T18:20:31,2025-05-09T19:05:31,12.45,175.25,credit_card
TRIP03578,USR0043,SC0083,MTY,2024-03-12T12:08:21,2024-03-12T13:05:21,2.54,38.26,debit_card
TRIP00348,USR0140,SC0172,Monterrey,2025-06-27T08:50:04,2025-06-27T10:18:04,4.85,71.02,cash
TRIP01672,USR0443,SC0176,cdmx,2024-12-21T13:18:43,2024-12-21T13:57:43,6.9,86.76,credit_card
TRIP02564,USR0018,SC0168,MTY,2025-02-25T21:06:53,2025-02-25T21:57:53,7.26,75.06,debit_card
TRIP04882,USR0004,SC0011,cdmx,2025-06-05T06:20:42,2025-06-05T07:24:42,5.24,81.99,cash
TRIP01359,USR0013,SC0082,Ciudad de Mexico,2025-05-21T17:51:41,2025-05-21T18:31:41,14.43,163.68,wallet
TRIP03491,USR0316,SC0060,cdmx,2024-11-08T17:01:11,2024-11-08T18:10:11,3.07,49.05,credit_card
TRIP03691,USR0292,SC0047,CDMX,2025-06-16T14:49:32,2025-06-16T15:41:32,1.04,27.95,qr_code
TRIP03217,USR0493,SC0048,cdmx,2024-03-30T22:15:37,2024-03-30T22:43:37,0.0,93.36,qr_code
TRIP00765,USR0006,SC0160,Ciudad de Mexico,2024-10-10T08:14:39,2024-10-10T09:36:39,8.51,125.44,cash
TRIP01547,USR0418,SC0021,Guadalajara,2024-04-23T06:06:36,2024-04-23T07:05:36,4.53,55.82,cash
TRIP00888,USR0251,SC0144,GDL,2025-03-24T08:47:46,2025-03-24T09:39:46,3.93,65.02,credit_card
TRIP00871,USR0287,SC0123,MTY,2024-10-21T08:12:19,2024-10-21T09:37:19,13.46,191.47,wallet
TRIP00664,USR0090,SC0032,Monterrey,2024-07-04T20:50:10,2024-07-04T20:58:10,9.57,146.43,credit_card
TRIP03558,USR0373,SC0018,MTY,2024-06-03T07:16:15,2024-06-03T07:59:15,5.01,88.02,qr_code
TRIP04447,USR0320,SC0191,Ciudad de Mexico,2024-05-09T19:12:47,2024-05-09T18:49:47,7.16,105.22,wallet
TRIP02324,USR0339,SC0163,cdmx,2025-06-11T09:12:46,2025-06-11T10:34:46,8.3,124.14,wallet
TRIP00191,USR0001,SC0195,CDMX,2024-07-30T12:21:23,2024-07-30T12:32:23,5.31,85.0,cash
TRIP02313,USR0183,SC0114,CDMX,2024-11-12T08:08:43,2024-11-12T08:40:43,8.15,107.01,debit_card
TRIP04676,USR0328,SC0136,cdmx,2024-04-02T18:33:06,2024-04-02T19:15:06,10.58,109.28,cash
TRIP04191,USR0153,SC0022,Monterrey,2024-02-07T15:11:37,2024-02-07T15:24:37,4.25,80.12,cash
TRIP00928,USR0467,SC0104,Monterrey,2025-06-13T23:00:48,2025-06-13T22:44:48,14.74,179.99,debit_card
TRIP03272,USR0165,SC0151,Guadalajara,2025-02-18T11:31:21,2025-02-18T12:03:21,8.97,86.61,debit_card
TRIP03410,USR0073,SC0007,GDL,2024-12-02T13:19:42,2024-12-02T13:46:42,10.1,96.48,debit_card
TRIP01882,USR0457,SC0038,MTY,2025-01-31T07:46:40,2025-01-31T08:39:40,7.15,72.72,wallet
TRIP03296,USR0387,SC0032,Monterrey,2024-01-02T18:59:34,2024-01-02T20:15:34,8.89,124.1,qr_code
TRIP03066,USR0183,SC0061,Guadalajara,2024-09-24T11:23:40,2024-09-24T11:36:40,11.64,146.5,debit_card
TRIP04783,USR0334,SC0003,CDMX,2024-04-01T06:33:02,2024-04-01T07:35:02,10.76,148.49,cash
TRIP04380,USR0466,SC0051,cdmx,2025-04-03T16:34:28,2025-04-03T16:46:28,13.75,121.52,cash
TRIP02039,USR0301,SC0033,Monterrey,2025-06-30T20:10:16,2025-06-30T21:28:16,9.56,118.11,cash
TRIP01755,USR0141,SC0181,Monterrey,2025-04-19T07:07:09,2025-04-19T08:32:09,8.6,129.33,debit_card
TRIP04345,USR0405,SC0036,Monterrey,2024-08-20T18:49:42,2024-08-20T20:02:42,1.22,26.51,cash
TRIP03223,USR0097,SC0183,GDL,2024-06-21T19:44:37,2024-06-21T20:04:37,1.58,26.14,wallet
TRIP02440,USR0402,SC0072,GDL,2025-01-23T09:39:00,2025-01-23T10:59:00,6.86,111.0,cash
TRIP01281,USR0477,SC0172,MTY,2024-11-03T11:36:16,2024-11-03T12:45:16,10.18,105.58,cash
TRIP04897,USR0157,SC0165,Guadalajara,2025-03-09T20:23:49,2025-03-09T20:48:49,6.61,88.79,credit_card
TRIP04265,USR0374,SC0109,CDMX,2024-02-14T01:45:09,2024-02-14T02:38:09,2.59,30.58,debit_card
TRIP02493,USR0289,SC0226,cdmx,2024-09-23T19:03:17,2024-09-23T19:36:17,10.24,$156.83,debit_card
TRIP04579,USR0172,SC0030,Monterrey,2024-09-16T17:28:57,2024-09-16T17:38:57,12.38,144.84,debit_card
TRIP03661,USR0186,SC0053,Ciudad de Mexico,2024-03-30T17:39:43,2024-03-30T17:51:43,2.9,45.97,debit_card
TRIP01701,USR0199,SC0015,MTY,2024-05-14T17:58:03,2024-05-14T18:52:03,14.18,$168.41,credit_card
TRIP04224,USR0417,SC0181,Monterrey,2024-02-26T16:59:02,2024-02-26T17:34:02,5.69,88.48,debit_card
TRIP03915,USR0294,SC0083,MTY,2024-08-17T05:41:59,2024-08-17T05:50:59,3.67,64.86,credit_card
TRIP02804,USR0029,SC0182,Monterrey,2025-04-30T11:19:57,2025-04-30T12:46:57,13.85,171.86,wallet
TRIP03825,USR0381,SC0009,Ciudad de Mexico,2024-04-01T22:09:57,2024-04-01T23:32:57,9.35,136.84,qr_code
TRIP00073,USR0041,SC0048,CDMX,2024-10-27T06:42:18,2024-10-27T07:26:18,2.92,44.14,cash
TRIP00226,USR0005,SC0069,cdmx,2024-09-11T11:47:52,2024-09-11T12:35:52,7.41,96.03,debit_card
TRIP04279,USR0403,SC0141,cdmx,2024-05-03T08:42:45,2024-05-03T09:26:45,12.09,107.31,cash
TRIP03373,USR0034,SC0190,CDMX,2024-03-22T06:52:45,2024-03-22T07:17:45,9.96,131.86,qr_code
TRIP04871,USR0498,SC0110,GDL,2025-03-27T11:50:42,2025-03-27T11:26:42,3.02,43.8,debit_card
TRIP03594,USR0445,SC0025,Guadalajara,2024-04-04T20:16:45,2024-04-04T21:04:45,7.92,111.2,debit_card
TRIP03281,USR0143,SC0151,Guadalajara,2024-07-11T07:05:17,2024-07-11T07:33:17,6.85,78.17,cash
TRIP00851,USR0223,SC0096,Ciudad de Mexico,2024-04-29T18:32:12,2024-04-29T18:46:12,9.37,$146.33,credit_card
TRIP04104,USR0244,SC0154,MTY,2024-02-14T07:31:11,2024-02-14T08:00:11,5.5,97.74,wallet
TRIP02691,USR0436,SC0065,GDL,2025-03-18T09:37:14,2025-03-18T09:45:14,12.11,177.14,debit_card
TRIP00776,USR0385,SC0228,cdmx,2024-05-30T16:48:47,2024-05-30T17:10:47,4.05,41.27,wallet
TRIP04494,USR0178,SC0162,Monterrey,2025-02-18T07:47:08,2025-02-18T07:25:08,14.77,152.18,debit_card
TRIP00835,USR0470,SC0115,GDL,2024-09-20T19:07:25,2024-09-20T19:40:25,1.81,35.31,credit_card
TRIP02611,USR0290,SC0033,Monterrey,2024-06-09T17:39:09,2024-06-09T17:51:09,5.5,56.71,qr_code
TRIP03529,USR0152,SC0162,MTY,2024-04-28T14:00:53,2024-04-28T14:34:53,1.16,16.03,debit_card
TRIP00926,USR0401,SC0198,CDMX,2024-05-13T08:26:21,2024-05-13T09:08:21,5.34,$73.89,wallet
TRIP01548,USR0304,SC0071,cdmx,2024-08-20T17:33:19,2024-08-20T19:02:19,10.67,130.04,credit_card
TRIP03022,USR0003,SC0081,MTY,2024-05-03T12:34:55,2024-05-03T13:00:55,12.42,130.39,debit_card
TRIP00502,USR0487,SC0053,CDMX,2024-08-12T18:35:38,2024-08-12T18:49:38,5.04,80.37,cash
TRIP01284,USR0354,SC0185,Ciudad de Mexico,2025-03-20T08:04:16,2025-03-20T09:18:16,14.64,192.04,credit_card
TRIP04406,USR0157,SC0042,cdmx,2025-03-25T23:32:20,2025-03-26T00:18:20,3.69,56.49,qr_code
TRIP00679,USR0417,SC0133,Guadalajara,2024-01-27T08:40:21,2024-01-27T08:57:21,0.91,28.55,cash
TRIP00211,USR0283,SC0113,Monterrey,2025-04-28T07:25:14,2025-04-28T08:45:14,7.24,94.74,debit_card
TRIP01565,USR0035,SC0054,GDL,2024-09-17T09:05:04,2024-09-17T09:18:04,6.18,94.52,wallet
TRIP04562,USR0248,SC0041,Monterrey,2024-07-04T23:02:25,2024-07-05T00:31:25,2.05,35.55,qr_code
TRIP04706,USR0179,SC0155,Ciudad de Mexico,2025-03-08T07:51:44,2025-03-08T08:56:44,5.28,70.0,wallet
TRIP03633,USR0066,SC0017,Ciudad de Mexico,2024-11-06T14:14:26,2024-11-06T15:13:26,5.11,63.63,qr_code
TRIP02220,USR0344,SC0085,CDMX,2024-02-13T11:47:35,2024-02-13T12:40:35,1.18,21.02,cash
TRIP01523,,SC0120,CDMX,2024-11-16T07:20:38,2024-11-16T08:36:38,5.7,85.55,credit_card
TRIP01736,USR0202,SC0198,CDMX,2025-04-14T09:43:11,2025-04-14T09:55:11,8.73,104.03,cash
TRIP00183,USR0359,SC0181,MTY,2024-04-17T16:18:07,2024-04-17T16:36:07,11.78,182.4,wallet
TRIP01379,USR0275,SC0032,MTY,2024-09-02T14:06:02,2024-09-02T14:20:02,10.14,118.88,cash
TRIP04725,USR0138,SC0055,Monterrey,2024-04-25T13:34:30,2024-04-25T14:43:30,2.71,58.23,wallet
TRIP01727,USR0109,SC0135,Ciudad de Mexico,2024-06-17T18:48:28,2024-06-17T19:10:28,3.62,51.94,cash
TRIP04908,USR0022,SC0148,MTY,2024-11-06T09:23:39,2024-11-06T09:34:39,10.19,130.0,credit_card
TRIP01286,USR0489,SC0051,cdmx,2024-09-21T18:21:19,2024-09-21T19:36:19,1.37,$20.14,wallet
TRIP00214,USR0115,SC0066,MTY,2024-12-19T13:38:00,2024-12-19T14:47:00,3.83,53.65,debit_card
TRIP02801,USR0204,SC0219,Ciudad de Mexico,2024-05-09T14:05:29,2024-05-09T14:46:29,5.83,69.89,wallet
TRIP03872,USR0031,SC0193,Ciudad de Mexico,2024-04-19T08:02:39,2024-04-19T08:20:39,8.12,88.09,credit_card
TRIP04945,USR0086,SC0058,MTY,2024-03-10T08:05:22,2024-03-10T08:40:22,9.13,103.19,cash
TRIP01543,USR0317,SC0159,cdmx,2024-08-23T07:14:25,2024-08-23T08:37:25,9.64,148.2,credit_card
TRIP03702,USR0168,SC0085,CDMX,2024-05-23T08:17:01,2024-05-23T09:08:01,8.71,131.05,qr_code
TRIP03015,USR0115,SC0211,cdmx,2025-05-01T20:11:31,2025-05-01T21:03:31,12.72,133.4,debit_card
TRIP04526,USR0117,SC0195,cdmx,2024-08-02T09:50:43,2024-08-02T11:09:43,13.75,209.25,cash
TRIP02339,USR0182,SC0124,MTY,2024-03-29T13:00:10,2024-03-29T13:39:10,11.37,142.03,debit_card
TRIP01285,USR0336,SC0033,Monterrey,2024-02-09T15:56:26,2024-02-09T16:54:26,8.39,88.53,qr_code
TRIP00308,USR0141,SC0088,MTY,2024-06-21T15:28:15,2024-06-21T16:47:15,12.79,$173.82,wallet
TRIP04537,USR0165,SC0005,Monterrey,2024-11-20T18:30:37,2024-11-20T18:49:37,7.19,114.65,credit_card
TRIP00736,USR0452,SC0046,Ciudad de Mexico,2025-02-10T14:58:40,2025-02-10T16:22:40,7.91,80.16,cash
TRIP04711,USR0348,SC0033,Monterrey,2025-03-26T19:11:24,2025-03-26T19:20:24,7.87,111.48,qr_code
TRIP00617,USR0316,SC0150,CDMX,2025-03-21T13:15:16,2025-03-21T14:07:16,6.32,71.27,qr_code
TRIP01296,USR0118,SC0043,Ciudad de Mexico,2024-07-04T07:00:34,2024-07-04T07:40:34,8.13,99.5,credit_card
TRIP04644,USR0289,SC0060,cdmx,2024-07-23T18:36:28,2024-07-23T19:25:28,5.85,64.1,cash
TRIP04838,USR0023,SC0033,Monterrey,2024-03-05T08:57:34,2024-03-05T09:44:34,8.58,91.12,credit_card
TRIP03816,USR0450,SC0190,Ciudad de Mexico,2024-10-12T07:58:26,2024-10-12T08:09:26,8.85,89.98,wallet
TRIP03132,USR0247,SC0123,Monterrey,2024-09-24T19:30:44,2024-09-24T20:12:44,5.47,63.86,credit_card
TRIP04486,USR0237,SC0136,Ciudad de Mexico,2024-12-27T18:46:56,2024-12-27T19:58:56,10.99,131.03,wallet
TRIP04616,,SC0053,CDMX,2024-12-31T08:39:39,2024-12-31T09:25:39,1.26,36.1,credit_card
TRIP02661,USR0232,SC0188,cdmx,2024-05-08T20:30:24,2024-05-08T20:44:24,9.03,100.12,debit_card
TRIP03769,USR0109,SC0009,cdmx,2025-03-20T20:28:31,2025-03-20T20:52:31,13.86,186.24,qr_code
TRIP01016,USR0313,SC0029,Guadalajara,2024-09-24T15:12:16,2024-09-24T15:58:16,1.55,$35.80,debit_card
TRIP01322,USR0224,SC0169,Ciudad de Mexico,2024-07-09T08:57:31,2024-07-09T10:01:31,14.06,$197.25,cash
TRIP01397,USR0415,SC0181,MTY,2024-07-07T19:04:40,2024-07-07T19:41:40,13.52,200.37,debit_card
TRIP03561,USR0347,SC0006,MTY,2024-06-12T20:44:19,2024-06-12T21:41:19,14.9,186.0,cash
TRIP03555,USR0243,SC0193,cdmx,2025-01-27T05:31:12,2025-01-27T06:35:12,10.04,127.31,wallet
TRIP01524,USR0494,SC0135,Ciudad de Mexico,2024-02-08T06:18:48,2024-02-08T07:16:48,11.12,147.94,qr_code
TRIP00003,USR0456,SC0183,Guadalajara,2024-06-08T16:45:21,2024-06-08T17:16:21,7.83,$95.03,wallet
TRIP02451,USR0453,SC0119,Monterrey,2025-03-25T18:37:35,2025-03-25T18:47:35,5.71,82.24,debit_card
TRIP00205,USR0274,SC0247,cdmx,2024-03-05T15:44:54,2024-03-05T15:58:54,4.7,74.26,wallet
TRIP02307,USR0135,SC0006,Monterrey,2025-06-25T17:39:09,2025-06-25T17:53:09,7.99,110.01,wallet
TRIP01737,USR0433,SC0075,MTY,2025-05-15T07:43:21,2025-05-15T08:27:21,14.49,192.56,wallet
TRIP03615,USR0466,SC0179,cdmx,2025-02-04T00:46:04,2025-02-04T01:08:04,7.56,99.13,qr_code
TRIP00953,USR0168,SC0077,GDL,2024-05-24T14:26:37,2024-05-24T15:42:37,6.48,66.66,credit_card
TRIP03962,USR0248,SC0179,CDMX,2024-05-14T11:47:21,2024-05-14T12:47:21,9.01,78.44,qr_code
TRIP03646,USR0068,SC0194,Guadalajara,2024-08-31T15:31:02,2024-08-31T16:36:02,5.88,57.57,qr_code
TRIP04951,USR0405,SC0080,CDMX,2024-10-18T19:49:17,2024-10-18T21:03:17,3.02,46.05,wallet
TRIP00656,USR0263,SC0187,Guadalajara,2025-05-18T10:04:47,2025-05-18T10:18:47,11.82,155.54,credit_card
TRIP02240,USR0216,SC0022,MTY,2025-01-11T14:20:06,2025-01-11T15:02:06,9.97,161.08,qr_code
TRIP00094,USR0415,SC0061,GDL,2025-04-14T17:00:47,2025-04-14T17:48:47,11.48,123.78,wallet
TRIP00412,USR0150,SC0003,cdmx,2024-05-28T14:53:35,2024-05-28T15:04:35,3.41,65.74,wallet
TRIP01734,USR0129,SC0045,CDMX,2024-03-17T15:00:05,2024-03-17T15:05:05,6.21,95.23,cash
TRIP01935,USR0405,SC0109,CDMX,2024-11-09T20:30:55,2024-11-09T21:34:55,13.32,181.94,cash
TRIP01409,,SC0064,MTY,2024-12-21T18:35:40,2024-12-21T19:46:40,9.33,150.87,credit_card
TRIP01622,USR0214,SC0147,Monterrey,2024-11-01T19:21:32,2024-11-01T20:17:32,5.23,78.55,debit_card
TRIP01468,USR0236,SC0166,CDMX,2024-10-03T13:27:44,2024-10-03T14:48:44,5.05,62.42,cash
TRIP03498,USR0361,SC0195,CDMX,2024-05-03T09:26:04,2024-05-03T09:36:04,12.01,136.79,qr_code
TRIP03310,USR0306,SC0083,MTY,2025-04-16T09:42:27,2025-04-16T10:50:27,12.16,195.07,qr_code
TRIP03278,USR0200,SC0169,cdmx,2024-10-28T13:36:27,2024-10-28T14:24:27,1.7,31.1,debit_card
TRIP01313,,SC0199,GDL,2024-12-27T16:58:06,2024-12-27T17:13:06,6.7,$84.75,debit_card
TRIP03955,USR0356,SC0162,Monterrey,2024-05-17T16:31:47,2024-05-17T16:50:47,7.24,86.14,credit_card
TRIP00503,USR0054,SC0122,Monterrey,2024-12-09T09:34:06,2024-12-09T09:47:06,13.69,135.54,debit_card
TRIP00314,USR0031,SC0027,CDMX,2025-04-21T08:21:14,2025-04-21T09:03:14,9.75,127.29,debit_card
TRIP04306,USR0431,SC0013,cdmx,2025-04-28T15:21:46,2025-04-28T15:45:46,7.35,86.91,cash
TRIP00083,USR0082,SC0165,GDL,2025-04-23T09:01:05,2025-04-23T09:56:05,3.62,43.66,wallet
TRIP04717,USR0102,SC0060,cdmx,2024-07-04T08:40:29,2024-07-04T09:12:29,4.21,45.32,credit_card
TRIP01509,USR0057,SC0105,cdmx,2024-11-10T14:43:41,2024-11-10T14:53:41,8.78,125.52,credit_card
TRIP02982,USR0374,SC0163,Ciudad de Mexico,2024-01-15T11:43:21,2024-01-15T12:11:21,5.02,56.75,wallet
TRIP00735,USR0166,SC0200,Guadalajara,2025-02-09T18:31:01,2025-02-09T20:01:01,1.49,19.55,wallet
TRIP01689,USR0403,SC0170,cdmx,2025-05-22T12:58:49,2025-05-22T14:27:49,8.61,80.0,debit_card
TRIP04396,USR0273,SC0010,Ciudad de Mexico,2024-04-03T08:14:23,2024-04-03T08:34:23,3.88,64.83,credit_card
TRIP01187,USR0089,SC0068,CDMX,2024-09-09T08:33:47,2024-09-09T09:02:47,2.74,$29.49,credit_card
TRIP02891,USR0120,SC0009,CDMX,2025-06-30T11:41:41,2025-06-30T12:47:41,11.73,167.64,credit_card
TRIP03466,USR0210,SC0137,CDMX,2024-03-19T10:41:13,2024-03-19T12:01:13,12.34,203.75,debit_card
TRIP02028,USR0172,SC0110,GDL,2024-04-30T20:29:31,2024-04-30T20:55:31,7.51,87.33,qr_code
TRIP01237,USR0415,SC0198,CDMX,2024-05-23T09:53:55,2024-05-23T10:00:55,2.73,39.64,wallet
TRIP02642,USR0139,SC0122,Monterrey,2025-01-21T17:56:52,2025-01-21T19:15:52,12.39,123.66,qr_code
TRIP04127,USR0066,SC0071,Ciudad de Mexico,2024-05-14T16:28:56,2024-05-14T17:38:56,7.2,$114.97,wallet
TRIP02234,USR0085,SC0193,cdmx,2024-01-03T10:14:11,2024-01-03T10:20:11,8.28,88.1,credit_card
TRIP02806,USR0052,SC0156,CDMX,2025-02-28T16:34:48,2025-02-28T17:17:48,6.77,67.82,qr_code
TRIP04648,USR0373,SC0051,Ciudad de Mexico,2025-04-18T11:55:05,2025-04-18T12:02:05,11.91,174.88,cash
TRIP02864,USR0171,SC0164,GDL,2024-09-09T17:09:35,2024-09-09T17:37:35,3.23,$63.91,debit_card
TRIP03018,USR0149,SC0083,Monterrey,2024-06-11T15:48:31,2024-06-11T16:54:31,0.78,$24.96,qr_code
TRIP01544,USR0231,SC0014,cdmx,2024-02-16T20:25:15,2024-02-16T20:41:15,0.89,21.54,wallet
TRIP00481,USR0027,SC0140,CDMX,2024-08-24T12:03:32,2024-08-24T13:02:32,4.4,54.11,cash
TRIP02188,USR0203,SC0063,Monterrey,2025-03-30T07:12:33,2025-03-30T07:22:33,11.21,109.28,credit_card
TRIP02229,USR0204,SC0188,cdmx,2024-07-16T22:08:49,2024-07-16T22:59:49,7.94,$81.13,debit_card
TRIP04307,USR0468,SC0098,Monterrey,2024-07-16T08:07:31,2024-07-16T08:47:31,10.9,127.13,debit_card
TRIP02406,USR0431,SC0183,GDL,2024-12-09T13:11:21,2024-12-09T13:38:21,6.01,86.15,wallet
TRIP03514,USR0325,SC0132,CDMX,2025-06-08T23:21:54,2025-06-09T00:24:54,9.07,101.64,credit_card
TRIP04840,USR0174,SC0188,Ciudad de Mexico,2024-07-08T19:40:19,2024-07-08T20:51:19,7.33,102.75,qr_code
TRIP01155,USR0302,SC0048,Ciudad de Mexico,2024-01-14T21:50:10,2024-01-14T22:26:10,8.76,$85.98,wallet
TRIP01049,USR0349,SC0118,MTY,2024-10-18T06:32:12,2024-10-18T07:54:12,2.13,33.26,cash
TRIP01963,USR0242,SC0113,Monterrey,2024-03-09T08:26:31,2024-03-09T09:23:31,7.22,81.14,wallet
TRIP03255,,SC0008,cdmx,2025-05-09T16:51:17,2025-05-09T17:17:17,2.08,26.41,debit_card
TRIP00553,USR0001,SC0022,Monterrey,2025-06-16T08:30:01,2025-06-16T09:39:01,2.27,44.33,qr_code
TRIP02748,USR0317,SC0024,cdmx,2025-03-31T07:09:44,2025-03-31T08:08:44,11.09,115.14,debit_card
TRIP03919,USR0442,SC0145,Ciudad de Mexico,2024-11-20T07:04:31,2024-11-20T08:34:31,12.3,146.74,cash
TRIP01098,USR0207,SC0155,cdmx,2024-04-23T00:33:36,2024-04-23T01:50:36,2.23,35.65,credit_card
TRIP01927,USR0043,SC0104,Monterrey,2024-04-23T12:59:29,2024-04-23T14:12:29,9.17,91.32,wallet
TRIP02860,USR0068,SC0015,MTY,2024-08-27T07:39:32,2024-08-27T09:06:32,8.21,124.88,cash
TRIP02973,USR0186,SC0104,MTY,2024-05-01T17:16:26,2024-05-01T17:38:26,6.23,$103.69,wallet
TRIP04114,USR0194,SC0032,Monterrey,2025-05-30T09:14:05,2025-05-30T09:27:05,12.46,114.21,wallet
TRIP02573,USR0072,SC0035,Ciudad de Mexico,2024-09-09T06:28:21,2024-09-09T07:34:21,7.6,92.98,cash
TRIP03308,USR0409,SC0034,GDL,2025-03-07T09:50:01,2025-03-07T10:30:01,10.73,120.33,debit_card
TRIP00901,USR0041,SC0074,Ciudad de Mexico,2024-10-09T08:25:11,2024-10-09T08:44:11,8.69,93.55,cash
TRIP03576,USR0226,SC0129,Guadalajara,2024-02-01T16:46:10,2024-02-01T17:09:10,13.44,$158.40,wallet
TRIP02276,USR0218,SC0123,Monterrey,2025-06-18T18:56:29,2025-06-18T19:08:29,9.73,150.43,credit_card
TRIP00185,USR0152,SC0025,Guadalajara,2024-04-12T19:54:18,2024-04-12T20:45:18,11.21,$113.51,debit_card
TRIP01570,USR0066,SC0036,MTY,2024-07-31T01:26:00,2024-07-31T02:28:00,1.06,$26.95,debit_card
TRIP00168,USR0445,SC0115,Guadalajara,2025-02-24T17:36:38,2025-02-24T18:41:38,2.59,$47.16,cash
TRIP02031,USR0328,SC0035,Ciudad de Mexico,2025-06-30T15:18:00,2025-06-30T16:02:00,5.79,69.67,cash
TRIP00198,USR0404,SC0110,GDL,2024-02-25T08:39:55,2024-02-25T09:40:55,10.72,150.68,qr_code
TRIP01710,USR0305,SC0193,cdmx,2025-02-26T06:25:23,2025-02-26T07:18:23,7.62,$103.11,cash
TRIP04798,USR0109,SC0117,cdmx,2024-03-03T16:49:42,2024-03-03T17:09:42,6.19,93.0,credit_card
TRIP02931,USR0409,SC0091,Ciudad de Mexico,2025-04-19T18:53:32,2025-04-19T20:05:32,10.52,147.35,wallet
TRIP02971,USR0441,SC0025,GDL,2025-04-16T08:39:39,2025-04-16T09:11:39,2.83,46.95,debit_card
TRIP00276,USR0247,SC0144,Guadalajara,2024-12-09T18:59:47,2024-12-09T19:11:47,11.01,125.43,cash
TRIP00657,USR0098,SC0162,MTY,2025-03-17T13:56:56,2025-03-17T14:20:56,9.89,115.56,wallet
TRIP02962,USR0099,SC0177,CDMX,2025-04-07T07:04:04,2025-04-07T07:17:04,9.4,121.95,qr_code
TRIP00170,USR0109,SC0088,Monterrey,2024-03-08T14:08:49,2024-03-08T15:20:49,3.3,63.2,wallet
TRIP01481,USR0173,SC0022,Monterrey,2024-05-06T18:23:35,2024-05-06T19:41:35,8.4,$113.25,cash
TRIP02632,USR0344,SC0196,GDL,2024-01-30T04:33:41,2024-01-30T05:00:41,0.66,$18.88,debit_card
TRIP03315,USR0288,SC0063,Monterrey,2024-04-12T18:53:06,2024-04-12T19:44:06,8.83,138.98,debit_card
TRIP02699,USR0468,SC0174,Monterrey,2024-10-12T18:11:21,2024-10-12T19:11:21,3.59,48.6,debit_card
TRIP04362,USR0377,SC0026,Ciudad de Mexico,2025-03-05T15:55:14,2025-03-05T17:20:14,8.37,129.66,debit_card
TRIP02079,USR0131,SC0107,CDMX,2025-02-08T07:31:20,2025-02-08T08:51:20,8.95,124.53,wallet
TRIP03250,USR0056,SC0121,Monterrey,2024-12-18T13:46:32,2024-12-18T14:04:32,4.73,58.1,debit_card
TRIP00009,USR0472,SC0080,CDMX,2024-05-07T09:19:42,2024-05-07T10:16:42,8.54,94.76,debit_card
TRIP03133,USR0062,SC0024,Ciudad de Mexico,2025-05-31T09:34:46,2025-05-31T09:42:46,11.91,131.28,debit_card
TRIP01919,USR0279,SC0005,Monterrey,2024-05-04T18:17:30,2024-05-04T19:15:30,9.86,141.46,qr_code
TRIP00709,USR0480,SC0036,Monterrey,2025-03-29T08:36:42,2025-03-29T09:03:42,8.67,89.85,debit_card
TRIP03007,USR0041,SC0152,MTY,2024-01-24T12:40:21,2024-01-24T13:27:21,13.15,$159.90,wallet
TRIP02149,,SC0148,MTY,2024-01-12T19:52:21,2024-01-12T20:49:21,3.87,57.7,cash
TRIP04702,USR0359,SC0059,Ciudad de Mexico,2025-06-10T18:57:52,2025-06-10T19:05:52,2.83,52.75,qr_code
TRIP01550,USR0315,SC0181,Monterrey,2025-04-12T23:13:36,2025-04-12T23:56:36,2.74,47.4,debit_card
TRIP02746,USR0239,SC0142,MTY,2025-06-04T17:33:49,2025-06-04T17:39:49,9.04,116.16,qr_code
TRIP00628,USR0371,SC0024,CDMX,2024-03-21T16:19:27,2024-03-21T17:15:27,4.22,71.29,wallet
TRIP03049,USR0034,SC0139,Monterrey,2024-03-23T17:45:37,2024-03-23T18:34:37,13.56,$171.77,qr_code
TRIP02216,USR0278,SC0097,GDL,2025-04-27T19:45:54,2025-04-27T19:53:54,4.89,59.33,credit_card
TRIP01760,USR0145,SC0037,GDL,2024-11-29T14:08:41,2024-11-29T14:45:41,1.1,21.27,wallet
TRIP00405,USR0066,SC0030,Monterrey,2024-10-07T17:44:43,2024-10-07T18:57:43,13.3,117.99,credit_card
TRIP04386,USR0488,SC0187,GDL,2025-02-21T23:06:50,2025-02-21T23:25:50,6.56,98.34,debit_card
TRIP02091,USR0499,SC0127,Ciudad de Mexico,2024-01-10T07:15:13,2024-01-10T07:33:13,7.89,91.12,debit_card
TRIP00554,USR0440,SC0028,Ciudad de Mexico,2025-03-18T04:09:52,2025-03-18T05:38:52,10.64,112.25,credit_card
TRIP00986,USR0418,SC0129,GDL,2024-05-26T20:36:24,2024-05-26T21:31:24,2.14,36.14,cash
TRIP01613,USR0420,SC0049,MTY,2025-02-25T17:03:52,2025-02-25T18:32:52,9.94,$145.52,credit_card
TRIP02794,USR0061,SC0031,GDL,2024-01-09T09:23:21,2024-01-09T09:42:21,8.04,94.9,wallet
TRIP02113,USR0450,SC0054,Guadalajara,2024-04-24T21:36:10,2024-04-24T22:20:10,7.45,78.03,qr_code
TRIP03801,USR0457,SC0059,Ciudad de Mexico,2024-04-17T18:39:26,2024-04-17T19:47:26,4.58,59.57,debit_card
TRIP01164,USR0484,SC0016,MTY,2024-08-28T16:01:53,2024-08-28T16:10:53,8.24,92.43,wallet
TRIP00741,USR0326,SC0176,CDMX,2025-05-02T07:46:15,2025-05-02T08:49:15,8.58,100.4,debit_card
TRIP04735,USR0322,SC0168,Monterrey,2024-11-01T18:04:19,2024-11-01T18:54:19,8.95,144.85,qr_code
TRIP02808,USR0167,SC0136,Ciudad de Mexico,2024-05-18T19:43:13,2024-05-18T20:27:13,3.21,53.49,debit_card
TRIP03858,USR0056,SC0060,Ciudad de Mexico,2024-03-15T17:17:10,2024-03-15T17:32:10,5.47,95.85,credit_card
TRIP01213,USR0356,SC0125,Ciudad de Mexico,2025-04-16T20:05:48,2025-04-16T21:32:48,8.21,106.82,wallet
TRIP03157,USR0179,SC0147,MTY,2024-11-16T18:20:26,2024-11-16T19:43:26,12.8,192.01,debit_card
TRIP04624,USR0215,SC0125,CDMX,2024-09-14T06:47:36,2024-09-14T07:29:36,9.86,104.06,qr_code
TRIP04117,USR0105,SC0074,CDMX,2024-03-14T10:51:24,2024-03-14T11:58:24,1.17,20.68,cash
TRIP04607,USR0239,SC0088,MTY,2024-05-21T18:09:58,2024-05-21T19:16:58,11.17,111.17,debit_card
TRIP02870,USR0232,SC0094,Ciudad de Mexico,2024-03-20T18:13:11,2024-03-20T18:38:11,7.4,92.15,cash
TRIP03033,USR0094,SC0159,CDMX,2024-11-28T09:19:04,2024-11-28T10:45:04,2.34,32.31,debit_card
TRIP00925,USR0477,SC0109,CDMX,2025-01-07T12:34:57,2025-01-07T12:42:57,4.97,59.17,qr_code
TRIP02996,USR0152,SC0142,MTY,2024-09-27T09:22:15,2024-09-27T10:29:15,13.46,$125.76,qr_code
TRIP00629,USR0156,SC0175,Guadalajara,2024-09-06T06:36:30,2024-09-06T07:08:30,11.33,161.52,qr_code
TRIP03161,USR0256,SC0184,Ciudad de Mexico,2025-06-03T16:13:46,2025-06-03T16:50:46,8.87,116.59,wallet
TRIP04821,USR0226,SC0197,MTY,2024-12-23T09:24:31,2024-12-23T10:02:31,3.6,52.0,wallet
TRIP03567,USR0205,SC0030,MTY,2025-02-14T19:58:30,2025-02-14T20:28:30,11.88,109.97,debit_card
TRIP00469,USR0114,SC0026,cdmx,2024-05-06T18:19:37,2024-05-06T19:26:37,8.8,$96.84,credit_card
TRIP01415,USR0423,SC0069,cdmx,2025-03-21T19:34:37,2025-03-21T20:00:37,2.3,51.51,debit_card
TRIP00830,USR0271,SC0183,GDL,2024-09-24T08:54:41,2024-09-24T09:21:41,13.27,137.2,debit_card
TRIP03244,USR0304,SC0113,Monterrey,2024-03-18T09:18:41,2024-03-18T10:26:41,1.02,26.61,qr_code
TRIP00538,USR0458,SC0097,Guadalajara,2024-01-30T14:22:16,2024-01-30T14:42:16,6.76,73.74,credit_card
TRIP00774,USR0143,SC0144,GDL,2024-06-28T17:10:40,2024-06-28T18:32:40,5.97,59.7,wallet
TRIP01803,USR0189,SC0041,Monterrey,2024-05-20T07:41:29,2024-05-20T08:51:29,0.62,20.79,wallet
TRIP00844,USR0232,SC0121,Monterrey,2024-06-18T16:36:39,2024-06-18T18:01:39,12.22,187.0,qr_code
TRIP00600,USR0007,SC0154,MTY,2024-05-04T12:07:02,2024-05-04T13:06:02,8.11,90.93,credit_card
TRIP02932,USR0088,SC0118,Monterrey,2025-04-24T05:14:30,2025-04-24T06:27:30,5.53,92.06,wallet
TRIP02480,USR0230,SC0062,Monterrey,2024-03-19T16:57:16,2024-03-19T18:21:16,9.72,$107.99,wallet
TRIP03749,USR0098,SC0067,cdmx,2024-08-29T09:17:57,2024-08-29T10:01:57,11.55,148.68,credit_card
TRIP04315,USR0217,SC0122,MTY,2025-04-25T08:47:28,2025-04-25T08:52:28,6.44,72.08,cash
TRIP01590,USR0150,SC0159,cdmx,2024-09-05T09:22:44,2024-09-05T10:24:44,14.74,132.88,credit_card
TRIP03948,USR0209,SC0007,Guadalajara,2024-10-22T09:28:35,2024-10-22T09:45:35,8.97,120.73,wallet
TRIP02450,USR0085,SC0011,cdmx,2025-06-02T18:26:35,2025-06-02T19:56:35,14.28,167.05,credit_card
TRIP04876,USR0342,SC0053,CDMX,2024-11-08T08:59:25,2024-11-08T09:09:25,7.56,83.53,debit_card
TRIP01858,USR0387,SC0119,MTY,2024-08-15T16:16:29,2024-08-15T16:24:29,14.31,169.67,wallet
TRIP01959,USR0176,SC0020,cdmx,2024-05-11T12:47:20,2024-05-11T13:52:20,10.57,125.38,qr_code
TRIP03394,USR0376,SC0198,CDMX,2025-06-25T14:12:20,2025-06-25T14:52:20,7.27,81.77,wallet
TRIP03949,USR0119,SC0116,GDL,2024-03-22T05:22:29,2024-03-22T05:50:29,3.21,54.32,debit_card
TRIP02116,USR0007,SC0065,Guadalajara,2025-05-29T05:34:58,2025-05-29T06:19:58,2.69,40.53,wallet
TRIP02019,USR0262,SC0109,CDMX,2024-03-22T18:49:26,2024-03-22T18:59:26,3.15,38.88,credit_card
TRIP02263,USR0177,SC0045,Ciudad de Mexico,2024-04-11T20:46:14,2024-04-11T20:53:14,14.51,149.07,cash
TRIP00354,USR0486,SC0143,Ciudad de Mexico,2024-05-28T17:52:19,2024-05-28T17:59:19,1.0,$30.16,debit_card
TRIP04865,USR0476,SC0051,Ciudad de Mexico,2025-01-15T13:41:17,2025-01-15T14:53:17,2.51,45.97,qr_code
TRIP03590,USR0409,SC0160,Ciudad de Mexico,2025-04-24T07:52:26,2025-04-24T08:12:26,1.03,26.06,debit_card
TRIP00256,USR0087,SC0123,Monterrey,2025-03-28T12:59:52,2025-03-28T13:33:52,11.49,$167.19,qr_code
TRIP04003,USR0047,SC0115,GDL,2024-07-26T07:38:52,2024-07-26T08:12:52,2.92,56.2,qr_code
TRIP04591,USR0422,SC0165,GDL,2025-05-08T18:12:32,2025-05-08T18:25:32,5.95,101.24,credit_card
TRIP00063,USR0093,SC0064,Monterrey,2025-05-12T23:09:04,2025-05-12T23:51:04,11.68,$179.97,cash
TRIP02117,USR0079,SC0022,Monterrey,2024-03-28T18:47:59,2024-03-28T19:30:59,6.0,76.75,credit_card
TRIP02903,USR0258,SC0133,Guadalajara,2025-01-20T20:50:18,2025-01-20T22:03:18,9.16,120.94,wallet
TRIP04417,USR0329,SC0081,MTY,2024-05-27T17:37:50,2024-05-27T19:03:50,3.23,$37.60,qr_code
TRIP02731,USR0247,SC0089,cdmx,2025-05-10T12:59:44,2025-05-10T14:12:44,7.86,88.4,wallet
TRIP02453,USR0166,SC0083,Monterrey,2025-05-23T18:45:08,2025-05-23T19:10:08,1.11,16.67,credit_card
TRIP02414,USR0115,SC0087,GDL,2024-04-16T22:47:16,2024-04-16T23:25:16,5.45,67.08,qr_code
TRIP01772,USR0287,SC0061,GDL,2025-05-21T12:15:28,2025-05-21T13:36:28,1.85,35.89,cash
TRIP04949,USR0409,SC0118,Monterrey,2024-04-09T13:04:32,2024-04-09T13:59:32,11.81,117.65,cash
TRIP03246,USR0255,SC0169,Ciudad de Mexico,2024-04-18T15:34:36,2024-04-18T15:47:36,5.18,53.98,cash
TRIP00969,USR0453,SC0120,CDMX,2025-01-13T08:16:29,2025-01-13T09:20:29,2.33,40.16,debit_card
TRIP01122,USR0020,SC0096,CDMX,2025-04-11T17:01:24,2025-04-11T18:02:24,6.84,96.45,cash
TRIP01413,USR0184,SC0185,cdmx,2024-11-29T10:34:46,2024-11-29T11:43:46,1.89,31.01,debit_card
TRIP04240,USR0449,SC0078,cdmx,2025-04-21T14:51:08,2025-04-21T16:12:08,8.24,130.21,credit_card
TRIP01327,USR0367,SC0037,GDL,2024-07-11T16:48:55,2024-07-11T17:04:55,5.93,101.22,credit_card
TRIP04217,,SC0041,Monterrey,2024-01-18T17:03:47,2024-01-18T17:22:47,6.14,73.48,qr_code
TRIP00343,USR0278,SC0197,MTY,2024-05-01T09:24:28,2024-05-01T10:27:28,10.06,153.63,wallet
TRIP04083,USR0439,SC0020,Ciudad de Mexico,2024-04-29T15:49:08,2024-04-29T16:08:08,8.35,101.85,qr_code
TRIP04282,USR0004,SC0142,MTY,2024-01-27T18:10:47,2024-01-27T19:16:47,5.41,89.65,debit_card
TRIP01058,USR0148,SC0089,CDMX,2024-08-11T17:55:57,2024-08-11T19:16:57,6.22,97.62,credit_card
TRIP01704,USR0025,SC0066,MTY,2024-02-01T07:09:48,2024-02-01T07:20:48,0.59,22.02,qr_code
TRIP03302,USR0222,SC0024,CDMX,2024-10-03T23:53:35,2024-10-04T00:11:35,7.12,72.38,wallet
TRIP02411,USR0355,SC0137,cdmx,2024-09-11T07:57:44,2024-09-11T08:35:44,6.12,66.05,debit_card
TRIP02759,USR0220,SC0175,GDL,2025-05-02T21:37:06,2025-05-02T22:59:06,7.19,$119.28,debit_card
TRIP03129,USR0437,SC0040,MTY,2024-10-21T06:13:19,2024-10-21T06:51:19,7.44,87.37,debit_card
TRIP00156,USR0090,SC0031,GDL,2024-02-27T08:33:30,2024-02-27T08:38:30,12.19,134.26,cash
TRIP01616,USR0221,SC0036,Monterrey,2025-05-26T06:17:22,2025-05-26T06:40:22,6.65,111.02,qr_code
TRIP00260,USR0257,SC0013,cdmx,2024-10-13T10:25:42,2024-10-13T10:47:42,14.43,191.69,debit_card
TRIP01308,,SC0157,cdmx,2025-03-21T20:44:39,2025-03-21T22:05:39,7.54,124.53,credit_card
TRIP00753,USR0444,SC0132,CDMX,2024-08-22T18:58:07,2024-08-22T19:15:07,14.69,185.11,wallet
TRIP01984,USR0144,SC0072,GDL,2024-06-26T16:01:53,2024-06-26T16:34:53,9.68,106.99,debit_card
TRIP00608,USR0101,SC0140,Ciudad de Mexico,2024-07-18T09:06:58,2024-07-18T09:58:58,0.69,21.55,wallet
TRIP01241,USR0422,SC0086,CDMX,2024-11-15T15:53:01,2024-11-15T16:51:01,7.17,79.41,qr_code
TRIP03352,USR0035,SC0017,cdmx,2024-04-09T18:30:33,2024-04-09T18:42:33,7.16,97.42,cash
TRIP03275,USR0148,SC0126,Ciudad de Mexico,2024-03-29T13:27:04,2024-03-29T14:52:04,11.51,158.48,qr_code
TRIP03122,USR0159,SC0187,GDL,2025-03-16T07:23:14,2025-03-16T08:51:14,11.9,176.95,cash
TRIP01531,USR0341,SC0094,CDMX,2024-10-24T04:03:21,2024-10-24T04:45:21,14.91,209.41,qr_code
TRIP03061,USR0148,SC0019,GDL,2024-08-15T12:31:28,2024-08-15T13:55:28,1.24,27.8,debit_card
TRIP00742,USR0016,SC0112,cdmx,2025-04-21T22:36:57,2025-04-21T22:46:57,13.21,187.11,cash
TRIP04286,USR0140,SC0122,MTY,2024-07-17T07:22:27,2024-07-17T07:35:27,12.9,127.37,qr_code
TRIP00151,USR0044,SC0069,Ciudad de Mexico,2024-03-17T06:57:41,2024-03-17T07:58:41,12.79,181.58,credit_card
TRIP00441,USR0217,SC0186,CDMX,2025-03-19T18:50:30,2025-03-19T18:57:30,1.71,34.03,qr_code
TRIP00509,USR0067,SC0136,Ciudad de Mexico,2024-11-17T17:32:28,2024-11-17T18:10:28,1.12,22.48,qr_code
TRIP03852,USR0278,SC0182,Monterrey,2024-04-11T09:40:38,2024-04-11T10:24:38,5.27,50.9,debit_card
TRIP02597,USR0249,SC0079,Ciudad de Mexico,2025-04-22T14:32:59,2025-04-22T15:27:59,2.65,42.1,debit_card
TRIP00993,USR0294,SC0028,cdmx,2024-03-29T08:02:12,2024-03-29T08:22:12,5.59,67.39,credit_card
TRIP00755,USR0083,SC0065,Guadalajara,2025-01-17T13:50:42,2025-01-17T14:18:42,1.08,19.68,wallet
TRIP01874,USR0134,SC0076,cdmx,2024-10-20T18:58:45,2024-10-20T19:51:45,6.9,111.8,wallet
TRIP02752,USR0336,SC0117,Ciudad de Mexico,2024-07-22T06:35:05,2024-07-22T07:20:05,13.73,166.37,wallet
TRIP01442,USR0283,SC0195,cdmx,2024-07-05T12:22:54,2024-07-05T13:05:54,14.34,174.48,credit_card
TRIP00636,USR0047,SC0004,Ciudad de Mexico,2024-06-14T17:15:11,2024-06-14T18:20:11,5.18,70.48,wallet
TRIP04112,,SC0005,Monterrey,2024-09-14T15:25:35,2024-09-14T16:44:35,4.94,61.95,qr_code
TRIP01823,USR0433,SC0152,Monterrey,2024-08-27T09:11:14,2024-08-27T10:27:14,2.95,56.41,debit_card
TRIP02390,USR0010,SC0189,Ciudad de Mexico,2024-10-26T12:42:20,2024-10-26T13:35:20,0.0,36.74,credit_card
TRIP04550,USR0338,SC0051,CDMX,2025-05-08T14:36:43,2025-05-08T15:52:43,10.11,128.1,qr_code
TRIP01639,USR0103,SC0112,Ciudad de Mexico,2024-08-27T19:50:01,2024-08-27T21:08:01,10.89,168.36,debit_card
TRIP02961,USR0177,SC0160,cdmx,2024-06-25T00:59:08,2024-06-25T01:27:08,3.85,63.04,cash
TRIP00001,USR0290,SC0055,MTY,2024-11-17T11:42:41,2024-11-17T12:25:41,14.07,127.79,credit_card
TRIP01207,,SC0045,CDMX,2025-04-16T15:44:38,2025-04-16T16:35:38,9.91,$103.12,qr_code
TRIP04870,USR0291,SC0088,Monterrey,2024-09-02T12:13:03,2024-09-02T12:50:03,7.28,110.94,wallet
TRIP01648,USR0205,SC0005,Monterrey,2024-10-14T16:53:25,2024-10-14T17:48:25,10.88,170.91,credit_card
TRIP04309,USR0375,SC0081,MTY,2024-04-20T18:23:17,2024-04-20T18:41:17,2.24,29.29,debit_card
TRIP00867,USR0016,SC0091,Ciudad de Mexico,2025-02-03T16:43:29,2025-02-03T18:00:29,2.93,49.53,cash
TRIP00115,USR0043,SC0095,CDMX,2024-11-20T07:19:28,2024-11-20T08:10:28,1.77,32.85,credit_card
TRIP02970,USR0068,SC0122,Monterrey,2024-12-26T10:59:40,2024-12-26T11:22:40,11.79,174.93,credit_card
TRIP03060,USR0185,SC0107,CDMX,2025-03-27T09:54:11,2025-03-27T10:21:11,9.39,141.33,credit_card
TRIP03503,USR0220,SC0013,CDMX,2025-06-17T09:29:20,2025-06-17T10:14:20,14.49,135.5,qr_code
TRIP03242,USR0097,SC0059,CDMX,2024-01-31T17:53:34,2024-01-31T19:00:34,8.73,130.2,credit_card
TRIP04681,USR0107,SC0199,Guadalajara,2025-06-30T06:55:25,2025-06-30T07:45:25,5.3,87.31,qr_code
TRIP01267,USR0066,SC0098,MTY,2024-01-03T12:37:42,2024-01-03T13:07:42,1.55,30.31,credit_card
TRIP04436,USR0098,SC0155,cdmx,2025-03-04T21:43:30,2025-03-04T22:49:30,2.5,48.23,qr_code
TRIP00122,USR0201,SC0142,Monterrey,2025-05-27T23:30:06,2025-05-28T00:12:06,2.18,38.92,wallet
TRIP01374,USR0315,SC0168,Monterrey,2024-03-27T17:54:10,2024-03-27T19:24:10,2.22,37.56,qr_code
TRIP01558,USR0037,SC0140,CDMX,2024-01-22T18:33:46,2024-01-22T19:28:46,6.07,90.08,credit_card
TRIP00591,USR0397,SC0131,cdmx,2024-01-30T14:56:54,2024-01-30T15:53:54,4.29,54.73,wallet
TRIP01549,,SC0059,Ciudad de Mexico,2025-01-03T00:59:48,2025-01-03T01:11:48,8.99,97.65,debit_card
TRIP01929,USR0176,SC0063,Monterrey,2024-11-23T08:20:10,2024-11-23T09:35:10,6.98,79.66,wallet
TRIP00093,USR0204,SC0065,Guadalajara,2024-10-23T01:36:38,2024-10-23T01:54:38,7.09,101.41,debit_card
TRIP01744,USR0411,SC0054,GDL,2025-02-21T08:34:28,2025-02-21T09:59:28,13.42,206.22,cash
TRIP04374,USR0215,SC0149,cdmx,2024-03-15T18:38:18,2024-03-15T20:05:18,4.79,46.89,cash
TRIP04564,USR0451,SC0174,MTY,2024-10-25T08:43:25,2024-10-25T09:53:25,9.08,149.01,wallet
TRIP00045,USR0051,SC0094,CDMX,2025-01-02T09:07:54,2025-01-02T10:10:54,9.77,150.33,debit_card
TRIP04844,USR0377,SC0148,MTY,2024-04-05T10:58:11,2024-04-05T12:27:11,0.6,22.95,wallet
TRIP03895,USR0138,SC0129,GDL,2025-02-25T13:15:16,2025-02-25T13:23:16,9.28,116.45,credit_card
TRIP00381,USR0437,SC0104,MTY,2024-04-16T20:28:51,2024-04-16T21:31:51,14.63,211.23,credit_card
TRIP02273,USR0154,SC0070,CDMX,2025-01-06T17:36:09,2025-01-06T18:48:09,11.26,102.78,credit_card
TRIP02588,USR0494,SC0200,Guadalajara,2024-03-07T11:59:51,2024-03-07T12:29:51,9.61,142.15,debit_card
TRIP03403,USR0146,SC0165,Guadalajara,2025-06-10T07:58:46,2025-06-10T09:02:46,4.45,53.77,credit_card
TRIP00896,USR0039,SC0192,CDMX,2024-06-08T23:59:03,2024-06-09T00:58:03,7.45,97.84,qr_code
TRIP04233,USR0178,SC0067,Ciudad de Mexico,2025-01-17T08:12:48,2025-01-17T09:28:48,7.55,106.79,credit_card
TRIP01107,USR0385,SC0191,Ciudad de Mexico,2024-09-21T17:56:19,2024-09-21T19:24:19,6.88,120.38,credit_card
TRIP00966,USR0096,SC0150,Ciudad de Mexico,2024-06-02T08:21:54,2024-06-02T08:38:54,0.96,26.37,credit_card
TRIP00278,USR0155,SC0116,GDL,2024-04-04T05:30:57,2024-04-04T06:39:57,7.51,115.68,credit_card
TRIP03687,USR0156,SC0075,Monterrey,2025-01-06T15:34:21,2025-01-06T16:35:21,1.71,28.77,qr_code
TRIP04442,USR0380,SC0085,Ciudad de Mexico,2025-04-18T15:48:26,2025-04-18T17:05:26,9.01,86.27,wallet
TRIP00435,USR0034,SC0071,CDMX,2025-01-12T19:26:19,2025-01-12T20:47:19,10.83,165.46,cash
TRIP04521,USR0294,SC0165,Guadalajara,2025-04-10T09:16:22,2025-04-10T10:39:22,6.24,72.93,credit_card
TRIP04156,USR0272,SC0022,MTY,2024-04-04T16:49:34,2024-04-04T16:56:34,6.32,$65.12,cash
TRIP02633,USR0133,SC0155,Ciudad de Mexico,2025-04-25T09:16:56,2025-04-25T09:45:56,10.08,106.93,qr_code
TRIP04391,USR0265,SC0105,cdmx,2025-06-17T19:44:14,2025-06-17T21:12:14,13.22,140.11,debit_card
TRIP04024,USR0425,SC0016,Monterrey,2025-02-05T06:23:59,2025-02-05T06:31:59,6.34,70.41,wallet
TRIP03079,USR0191,SC0052,CDMX,2024-02-25T09:46:26,2024-02-25T10:21:26,6.52,81.26,cash
TRIP00695,USR0336,SC0140,Ciudad de Mexico,2024-07-24T07:48:12,2024-07-24T08:30:12,6.81,63.76,qr_code
TRIP03624,USR0039,SC0109,cdmx,2024-02-21T08:08:09,2024-02-21T09:07:09,13.68,168.0,wallet
TRIP01838,USR0330,SC0061,Guadalajara,2024-02-12T13:02:17,2024-02-12T13:53:17,5.45,81.67,credit_card
TRIP03944,USR0396,SC0086,CDMX,2024-04-30T09:19:33,2024-04-30T09:39:33,3.1,39.97,debit_card
TRIP00657,USR0098,SC0162,MTY,2025-03-17T13:56:56,2025-03-17T14:20:56,9.89,115.56,wallet
TRIP01274,USR0392,SC0033,Monterrey,2025-06-07T20:26:19,2025-06-07T20:44:19,5.86,74.84,debit_card
TRIP01871,USR0239,SC0061,GDL,2024-10-13T08:01:03,2024-10-13T09:02:03,7.66,95.53,cash
TRIP02789,USR0212,SC0188,CDMX,2024-05-10T09:12:58,2024-05-10T10:17:58,4.37,53.04,wallet
TRIP01441,USR0131,SC0118,MTY,2024-05-28T07:21:11,2024-05-28T07:31:11,13.33,186.9,qr_code
TRIP04834,USR0209,SC0181,Monterrey,2024-10-15T18:57:27,2024-10-15T20:21:27,13.43,197.35,qr_code
TRIP00240,USR0160,SC0132,CDMX,2025-01-15T18:21:05,2025-01-15T18:44:05,1.54,25.27,wallet
TRIP02415,USR0059,SC0047,cdmx,2024-03-09T06:06:15,2024-03-09T06:58:15,8.52,$102.34,cash
TRIP01218,USR0153,SC0017,CDMX,2025-06-21T16:51:43,2025-06-21T17:57:43,1.72,39.26,wallet
TRIP03155,USR0197,SC0021,GDL,2024-02-23T01:41:58,2024-02-23T02:17:58,11.71,118.98,cash
TRIP04270,USR0461,SC0114,CDMX,2024-05-20T00:20:16,2024-05-20T00:42:16,4.54,47.13,debit_card
TRIP02897,USR0046,SC0151,Guadalajara,2024-03-29T13:42:06,2024-03-29T13:32:06,1.27,36.38,wallet
TRIP04639,USR0469,SC0069,Ciudad de Mexico,2024-04-19T08:59:28,2024-04-19T09:17:28,13.7,207.4,debit_card
TRIP00933,USR0460,SC0148,Monterrey,2024-02-12T17:12:02,2024-02-12T18:06:02,3.83,62.47,qr_code
TRIP03190,USR0160,SC0029,Guadalajara,2024-04-18T18:09:27,2024-04-18T18:27:27,8.96,139.34,qr_code
TRIP04713,,SC0068,CDMX,2024-04-03T19:35:42,2024-04-03T20:19:42,14.64,190.63,debit_card
TRIP02488,USR0048,SC0158,Monterrey,2025-05-31T19:19:39,2025-05-31T20:32:39,4.32,42.0,wallet
TRIP01644,USR0357,SC0114,Ciudad de Mexico,2024-06-04T12:55:40,2024-06-04T13:51:40,14.62,$205.21,wallet
TRIP01694,USR0207,SC0097,Guadalajara,2025-04-15T20:07:42,2025-04-15T20:22:42,2.18,42.37,qr_code
TRIP01234,USR0025,SC0186,Ciudad de Mexico,2024-08-16T16:55:17,2024-08-16T17:08:17,0.68,23.68,wallet
TRIP04477,USR0055,SC0072,Guadalajara,2024-10-26T18:41:50,2024-10-26T19:48:50,4.35,55.33,wallet
TRIP03896,USR0321,SC0099,Guadalajara,2024-09-04T20:45:56,2024-09-04T21:04:56,11.24,127.37,qr_code
TRIP02457,USR0389,SC0082,CDMX,2025-01-24T20:26:11,2025-01-24T21:46:11,8.03,99.49,credit_card
TRIP02737,USR0002,SC0181,MTY,2024-11-18T18:41:28,2024-11-18T19:15:28,2.69,50.87,cash
TRIP03776,USR0448,SC0039,GDL,2024-12-30T15:56:58,2024-12-30T15:34:58,12.98,120.58,credit_card
TRIP00858,USR0056,SC0144,GDL,2025-05-26T08:11:04,2025-05-26T08:17:04,13.23,202.49,credit_card
TRIP00277,USR0077,SC0005,MTY,2024-06-18T11:38:07,2024-06-18T12:22:07,0.96,22.92,wallet
TRIP01066,USR0323,SC0055,MTY,2024-12-15T16:37:50,2024-12-15T16:45:50,8.22,109.84,qr_code
TRIP01904,USR0018,SC0129,Guadalajara,2024-11-29T06:45:17,2024-11-29T07:22:17,3.63,44.59,qr_code
TRIP00520,USR0213,SC0005,Monterrey,2024-11-21T21:27:15,2024-11-21T22:43:15,9.84,152.81,debit_card
TRIP04902,USR0029,SC0087,GDL,2024-06-05T07:09:49,2024-06-05T08:18:49,5.83,70.38,qr_code
TRIP04291,USR0058,SC0052,Ciudad de Mexico,2024-05-30T16:12:00,2024-05-30T16:35:00,5.55,69.01,debit_card
TRIP01195,USR0274,SC0035,cdmx,2024-08-18T06:56:00,2024-08-18T08:01:00,11.48,$109.64,qr_code
TRIP01243,USR0298,SC0069,cdmx,2024-03-13T12:31:20,2024-03-13T13:16:20,14.84,223.15,credit_card
TRIP01535,USR0041,SC0137,CDMX,2024-01-13T12:27:02,2024-01-13T13:41:02,3.65,45.36,cash
TRIP01143,USR0386,SC0004,cdmx,2024-06-22T01:45:59,2024-06-22T02:03:59,2.99,$32.68,cash
TRIP00232,USR0348,SC0051,CDMX,2024-10-18T17:31:49,2024-10-18T18:33:49,4.65,64.93,cash
TRIP00526,USR0266,SC0044,CDMX,2024-01-31T08:46:44,2024-01-31T09:07:44,14.32,162.77,wallet
TRIP03238,USR0353,SC0171,GDL,2025-05-05T10:41:36,2025-05-05T11:57:36,14.47,163.16,cash
TRIP00349,USR0281,SC0005,MTY,2025-05-26T21:47:29,2025-05-26T22:26:29,9.41,137.45,credit_card
TRIP04016,USR0275,SC0177,cdmx,2025-04-14T00:36:52,2025-04-14T01:10:52,11.81,186.02,credit_card
TRIP03918,USR0118,SC0043,Ciudad de Mexico,2024-09-30T21:06:35,2024-09-30T22:10:35,8.53,121.06,cash
TRIP01301,USR0300,SC0139,Monterrey,2024-05-29T19:39:46,2024-05-29T20:40:46,3.97,$65.73,cash
TRIP00274,USR0100,SC0202,Guadalajara,2025-04-21T07:54:13,2025-04-21T09:17:13,5.34,$78.23,debit_card
TRIP01801,USR0046,SC0153,cdmx,2024-07-12T08:02:13,2024-07-12T09:27:13,7.44,80.62,debit_card
TRIP04581,USR0187,SC0148,Monterrey,2024-10-15T09:23:36,2024-10-15T09:49:36,6.54,83.47,credit_card
TRIP00391,USR0074,SC0103,MTY,2025-04-13T17:55:33,2025-04-13T18:15:33,0.97,22.21,credit_card
TRIP03011,,SC0145,Ciudad de Mexico,2025-06-11T22:46:34,2025-06-11T23:04:34,10.68,147.53,debit_card
TRIP02288,USR0251,SC0079,Ciudad de Mexico,2025-04-25T15:32:58,2025-04-25T16:41:58,7.1,107.49,qr_code
TRIP04051,USR0324,SC0094,cdmx,2024-04-03T16:45:26,2024-04-03T17:58:26,15.0,218.3,credit_card
TRIP02811,USR0065,SC0157,CDMX,2025-02-10T20:59:19,2025-02-10T21:25:19,1.58,33.81,cash
TRIP03672,USR0209,SC0072,GDL,2024-01-16T11:51:35,2024-01-16T12:45:35,5.97,70.16,wallet
TRIP02614,USR0156,SC0183,GDL,2024-11-13T07:28:17,2024-11-13T07:40:17,12.44,$166.92,debit_card
TRIP03239,USR0116,SC0130,Guadalajara,2024-07-20T08:26:36,2024-07-20T08:59:36,9.45,128.97,wallet
TRIP03775,USR0046,SC0058,MTY,2024-04-22T05:13:11,2024-04-22T06:40:11,9.04,101.67,qr_code
TRIP02548,USR0191,SC0123,Monterrey,2024-05-21T19:30:01,2024-05-21T20:59:01,4.93,69.88,qr_code
TRIP00861,USR0002,SC0054,Guadalajara,2024-03-27T08:14:40,2024-03-27T09:03:40,14.89,$204.76,cash
TRIP01071,USR0041,SC0064,MTY,2025-03-31T06:20:09,2025-03-31T07:36:09,8.99,$102.67,cash
TRIP00466,USR0340,SC0049,Monterrey,2024-02-07T09:53:13,2024-02-07T10:15:13,5.71,$65.15,cash
TRIP04796,,SC0138,MTY,2024-10-24T19:23:04,2024-10-24T19:33:04,2.1,42.45,qr_code
TRIP01818,USR0495,SC0054,Guadalajara,2024-04-26T05:06:06,2024-04-26T05:35:06,2.49,32.74,debit_card
TRIP04519,USR0422,SC0196,GDL,2025-01-14T19:32:34,2025-01-14T19:56:34,10.42,146.78,credit_card
TRIP02966,USR0476,SC0191,Ciudad de Mexico,2025-03-22T13:25:20,2025-03-22T14:09:20,9.14,97.13,debit_card
TRIP02473,USR0424,SC0192,cdmx,2024-03-04T17:44:04,2024-03-04T18:26:04,0.95,19.5,wallet
TRIP04972,USR0125,SC0084,Guadalajara,2024-02-06T11:15:30,2024-02-06T11:27:30,2.72,45.85,wallet
TRIP01380,USR0031,SC0079,CDMX,2024-06-12T07:34:42,2024-06-12T08:49:42,3.02,56.56,credit_card
TRIP01512,USR0203,SC0015,Monterrey,2024-09-21T19:26:36,2024-09-21T19:32:36,8.06,85.74,cash
TRIP02514,USR0264,SC0147,MTY,2025-04-07T19:53:16,2025-04-07T21:22:16,6.87,84.01,wallet
TRIP00124,USR0219,SC0059,CDMX,2024-07-09T12:01:47,2024-07-09T13:24:47,6.73,62.27,credit_card
TRIP04358,USR0025,SC0026,Ciudad de Mexico,2024-04-23T17:52:04,2024-04-23T18:48:04,14.69,183.51,qr_code
TRIP01967,USR0055,SC0130,GDL,2024-09-18T12:56:53,2024-09-18T14:15:53,8.96,88.55,debit_card
TRIP02583,USR0187,SC0162,MTY,2025-03-19T17:32:21,2025-03-19T17:45:21,11.19,140.57,qr_code
TRIP01825,USR0037,SC0152,MTY,2025-03-12T16:43:05,2025-03-12T18:11:05,10.75,150.37,credit_card
TRIP00074,USR0406,SC0015,MTY,2025-02-19T18:43:10,2025-02-19T18:51:10,11.83,103.53,cash
TRIP04893,USR0433,SC0098,Monterrey,2024-11-24T19:45:38,2024-11-24T19:50:38,2.24,39.81,debit_card
TRIP02131,USR0141,SC0106,Monterrey,2024-06-25T12:30:04,2024-06-25T12:54:04,0.97,27.12,qr_code
TRIP03231,USR0269,SC0062,Monterrey,2024-03-10T19:29:40,2024-03-10T20:57:40,9.84,141.24,cash
TRIP00264,USR0071,SC0057,cdmx,2025-02-26T17:12:48,2025-02-26T17:43:48,14.79,220.44,wallet
TRIP00051,USR0296,SC0054,GDL,2025-05-08T07:54:35,2025-05-08T08:46:35,3.78,55.01,qr_code
TRIP00992,,SC0110,Guadalajara,2024-02-16T20:30:54,2024-02-16T20:57:54,3.2,53.67,wallet
TRIP04635,USR0339,SC0154,MTY,2024-04-13T09:46:45,2024-04-13T10:58:45,14.57,209.65,debit_card
TRIP00209,USR0300,SC0149,Ciudad de Mexico,2025-03-14T09:50:14,2025-03-14T11:17:14,2.45,50.34,cash
TRIP03323,USR0349,SC0137,CDMX,2025-05-13T20:00:30,2025-05-13T20:31:30,1.4,33.17,qr_code
TRIP01298,USR0272,SC0007,Guadalajara,2025-03-23T16:59:42,2025-03-23T17:50:42,1.09,$27.38,qr_code
TRIP01679,USR0331,SC0118,Monterrey,2024-01-13T08:06:37,2024-01-13T09:18:37,5.89,100.84,wallet
TRIP02460,USR0380,SC0100,Guadalajara,2024-06-08T12:38:10,2024-06-08T13:04:10,8.19,91.14,debit_card
TRIP04508,USR0288,SC0153,cdmx,2025-03-12T17:55:53,2025-03-12T18:35:53,11.16,166.31,wallet
TRIP01556,USR0045,SC0001,Monterrey,2025-06-08T18:33:54,2025-06-08T19:16:54,8.81,88.85,qr_code
TRIP01939,USR0284,SC0108,CDMX,2025-04-09T18:09:30,2025-04-09T18:45:30,3.77,$46.03,wallet
TRIP03534,USR0491,SC0073,GDL,2024-11-23T21:37:17,2024-11-23T22:17:17,7.48,112.11,wallet
TRIP01031,USR0095,SC0103,MTY,2025-04-30T08:58:22,2025-04-30T10:15:22,13.34,145.59,debit_card
TRIP01555,USR0200,SC0002,Ciudad de Mexico,2024-04-23T18:05:52,2024-04-23T18:51:52,12.77,156.68,qr_code
TRIP00665,USR0447,SC0107,cdmx,2025-06-21T07:22:57,2025-06-21T07:55:57,2.13,43.88,qr_code
TRIP02466,USR0146,SC0200,GDL,2024-12-24T16:17:35,2024-12-24T16:53:35,6.02,76.8,qr_code
TRIP02580,USR0162,SC0060,CDMX,2024-05-29T18:25:39,2024-05-29T19:44:39,8.72,$133.96,wallet
TRIP04543,USR0268,SC0177,CDMX,2024-08-14T08:19:34,2024-08-14T09:08:34,7.74,84.95,credit_card
TRIP02769,USR0153,SC0150,cdmx,2024-07-15T18:14:49,2024-07-15T19:38:49,7.5,94.12,wallet
TRIP04804,USR0319,SC0060,Ciudad de Mexico,2025-03-27T06:42:40,2025-03-27T06:57:40,14.3,$172.21,debit_card
TRIP00590,USR0251,SC0129,GDL,2024-12-31T09:14:07,2024-12-31T09:55:07,4.09,52.53,credit_card
TRIP04145,USR0373,SC0112,CDMX,2025-04-15T08:15:00,2025-04-15T08:40:00,13.63,$186.70,credit_card
TRIP03297,USR0442,SC0061,GDL,2024-09-30T07:59:08,2024-09-30T09:23:08,1.87,46.63,cash
TRIP04999,USR0226,SC0163,Ciudad de Mexico,2025-03-20T11:53:12,2025-03-20T13:16:12,14.0,180.96,wallet
TRIP00507,USR0491,SC0161,Ciudad de Mexico,2025-05-24T02:49:55,2025-05-24T03:33:55,11.83,108.27,cash
TRIP03215,USR0072,SC0182,Monterrey,2025-01-07T15:24:53,2025-01-07T15:59:53,8.48,$133.79,cash
TRIP00289,USR0244,SC0146,CDMX,2024-06-06T19:08:08,2024-06-06T19:14:08,10.96,136.57,credit_card
TRIP00839,USR0272,SC0181,Monterrey,2025-02-21T18:10:13,2025-02-21T19:32:13,3.98,$49.57,cash
TRIP04991,USR0130,SC0031,Guadalajara,2024-03-15T10:41:59,2024-03-15T11:40:59,6.51,$79.60,debit_card
TRIP02260,USR0207,SC0014,Ciudad de Mexico,2024-04-30T07:42:58,2024-04-30T07:37:58,14.28,162.58,wallet
TRIP03737,USR0136,SC0113,MTY,2025-05-18T07:13:46,2025-05-18T07:55:46,14.27,143.04,qr_code
TRIP04178,USR0120,SC0162,Monterrey,2024-04-06T21:40:22,2024-04-06T22:00:22,9.4,129.88,wallet
TRIP00737,USR0334,SC0008,cdmx,2025-04-01T17:32:49,2025-04-01T18:28:49,6.12,72.53,qr_code
TRIP03976,USR0262,SC0069,CDMX,2024-05-22T09:23:05,2024-05-22T10:28:05,7.92,$83.07,cash
TRIP04010,USR0275,SC0086,CDMX,2024-04-18T12:53:30,2024-04-18T13:02:30,9.6,96.99,cash
TRIP00326,USR0058,SC0006,MTY,2024-05-22T07:01:25,2024-05-22T08:25:25,1.84,30.05,debit_card
TRIP04303,USR0014,SC0085,cdmx,2024-09-29T20:51:58,2024-09-29T21:33:58,7.29,105.71,wallet
TRIP03036,USR0453,SC0176,Ciudad de Mexico,2025-02-10T08:21:03,2025-02-10T09:33:03,7.55,125.68,wallet
TRIP02764,USR0437,SC0077,Guadalajara,2024-04-19T06:30:29,2024-04-19T07:54:29,4.47,83.54,qr_code
TRIP00661,USR0064,SC0047,cdmx,2025-06-12T18:07:31,2025-06-12T19:29:31,6.52,68.12,wallet
TRIP01289,USR0244,SC0075,Monterrey,2025-05-17T19:12:38,2025-05-17T19:26:38,1.66,36.44,credit_card
TRIP00011,USR0116,SC0043,CDMX,2024-01-26T22:39:54,2024-01-26T22:53:54,8.85,126.06,debit_card
TRIP04266,USR0309,SC0135,cdmx,2024-10-29T08:32:50,2024-10-29T08:45:50,6.39,97.94,wallet
TRIP00311,USR0100,SC0032,Monterrey,2025-04-30T07:59:02,2025-04-30T08:10:02,6.8,87.39,credit_card
TRIP02721,USR0329,SC0106,MTY,2024-12-30T15:05:06,2024-12-30T15:47:06,13.8,$177.92,qr_code
TRIP04335,USR0279,SC0009,Ciudad de Mexico,2024-01-22T07:21:38,2024-01-22T08:04:38,10.52,$133.36,debit_card
TRIP01957,USR0088,SC0064,Monterrey,2024-10-24T18:54:40,2024-10-24T19:05:40,5.21,55.24,debit_card
TRIP00332,USR0183,SC0076,Ciudad de Mexico,2025-06-26T06:12:49,2025-06-26T07:37:49,11.41,152.79,cash
TRIP03005,USR0371,SC0194,Guadalajara,2024-10-25T06:27:38,2024-10-25T07:09:38,11.55,176.9,qr_code
TRIP00275,USR0158,SC0118,MTY,2024-11-27T07:21:21,2024-11-27T08:16:21,0.92,18.45,wallet
TRIP02089,USR0380,SC0072,Guadalajara,2025-05-02T23:40:15,2025-05-03T01:02:15,7.5,100.45,cash
TRIP00594,USR0128,SC0009,CDMX,2025-06-23T11:31:02,2025-06-23T11:56:02,9.66,129.31,wallet
TRIP00464,USR0107,SC0022,Monterrey,2024-07-03T12:20:07,2024-07-03T12:30:07,2.84,$51.67,credit_card
TRIP02271,USR0331,SC0163,Ciudad de Mexico,2024-07-08T08:16:45,2024-07-08T09:45:45,3.43,$49.50,wallet
TRIP04685,USR0201,SC0037,GDL,2025-04-22T20:38:13,2025-04-22T20:52:13,8.61,111.77,qr_code
TRIP00769,USR0141,SC0076,cdmx,2024-08-24T19:01:43,2024-08-24T20:18:43,7.06,106.85,wallet
TRIP02585,,SC0176,Ciudad de Mexico,2024-10-30T19:09:27,2024-10-30T19:39:27,11.58,159.15,credit_card
TRIP03305,USR0442,SC0164,Guadalajara,2024-02-07T06:17:24,2024-02-07T06:02:24,4.68,55.13,wallet
TRIP04691,USR0180,SC0199,Guadalajara,2025-02-06T04:11:49,2025-02-06T04:52:49,1.61,32.39,credit_card
TRIP01707,USR0073,SC0056,Monterrey,2024-03-21T17:42:01,2024-03-21T18:24:01,12.96,181.31,debit_card
TRIP02095,USR0142,SC0110,GDL,2024-09-08T01:07:35,2024-09-08T01:57:35,8.42,134.65,cash
TRIP02651,USR0471,SC0167,CDMX,2024-11-22T18:12:12,2024-11-22T18:53:12,1.93,$30.40,credit_card
TRIP01635,USR0342,SC0090,Ciudad de Mexico,2025-05-21T10:36:23,2025-05-21T11:28:23,13.5,145.12,credit_card
TRIP03248,USR0330,SC0197,Monterrey,2024-10-07T07:20:16,2024-10-07T08:16:16,12.79,$129.22,debit_card
TRIP03727,USR0068,SC0002,Ciudad de Mexico,2024-05-06T08:47:28,2024-05-06T08:39:28,12.31,171.12,qr_code
TRIP04678,USR0269,SC0144,GDL,2024-09-23T09:04:23,2024-09-23T08:46:23,5.78,87.43,qr_code
TRIP04580,USR0421,SC0121,Monterrey,2024-04-12T03:38:59,2024-04-12T04:06:59,2.42,49.46,cash
TRIP01998,USR0364,SC0200,GDL,2024-03-10T21:37:41,2024-03-10T21:47:41,4.85,77.86,qr_code
TRIP01085,USR0248,SC0100,Guadalajara,2024-04-11T20:09:48,2024-04-11T20:49:48,9.02,130.71,cash
TRIP02700,USR0079,SC0239,GDL,2025-03-06T17:45:30,2025-03-06T19:01:30,7.35,85.52,wallet
TRIP03607,USR0018,SC0058,MTY,2025-05-09T20:59:38,2025-05-09T21:06:38,1.68,44.25,credit_card
TRIP04979,USR0385,SC0160,cdmx,2024-10-07T17:13:59,2024-10-07T18:29:59,10.25,102.93,wallet
TRIP04425,USR0170,SC0016,MTY,2024-04-08T09:57:53,2024-04-08T10:06:53,13.3,$149.21,credit_card
TRIP02347,USR0187,SC0040,Monterrey,2024-07-08T13:15:02,2024-07-08T13:42:02,1.42,20.45,credit_card
TRIP01675,USR0222,SC0032,Monterrey,2024-06-01T11:30:23,2024-06-01T11:50:23,3.4,58.91,credit_card
TRIP04506,USR0095,SC0124,Monterrey,2025-02-18T22:19:47,2025-02-18T22:35:47,7.73,102.16,qr_code
TRIP01123,USR0029,SC0181,Monterrey,2024-05-28T00:59:00,2024-05-28T01:31:00,14.14,206.47,debit_card
TRIP02317,USR0019,SC0164,Guadalajara,2024-06-09T18:23:03,2024-06-09T19:41:03,0.0,78.87,cash
TRIP03770,USR0107,SC0062,Monterrey,2024-05-08T20:01:46,2024-05-08T21:11:46,2.08,44.13,debit_card
TRIP04965,USR0426,SC0222,Guadalajara,2024-06-19T08:22:28,2024-06-19T09:04:28,1.45,31.63,cash
TRIP02566,USR0074,SC0087,GDL,2024-06-17T11:05:31,2024-06-17T12:00:31,7.33,114.85,qr_code
TRIP02106,USR0081,SC0185,cdmx,2024-05-02T20:33:31,2024-05-02T21:49:31,9.68,129.5,wallet
TRIP00425,USR0156,SC0026,cdmx,2024-06-30T17:31:01,2024-06-30T17:59:01,6.1,66.96,wallet
TRIP01235,USR0140,SC0032,MTY,2024-10-02T10:39:17,2024-10-02T10:28:17,7.23,92.3,wallet
TRIP04055,USR0045,SC0140,CDMX,2024-05-08T11:52:53,2024-05-08T11:57:53,7.88,119.68,wallet
TRIP04514,USR0241,SC0016,MTY,2024-09-27T09:13:59,2024-09-27T10:37:59,5.77,74.38,wallet
TRIP00533,USR0329,SC0028,cdmx,2024-04-15T06:00:08,2024-04-15T06:18:08,11.0,111.75,cash
TRIP03343,USR0148,SC0018,MTY,2024-04-09T19:40:21,2024-04-09T20:08:21,0.94,20.01,debit_card
TRIP04497,USR0088,SC0003,Ciudad de Mexico,2024-06-09T19:47:59,2024-06-09T20:38:59,12.48,128.29,debit_card
TRIP00229,USR0398,SC0022,MTY,2024-01-09T08:37:06,2024-01-09T09:23:06,3.21,40.63,cash
TRIP04048,USR0014,SC0080,Ciudad de Mexico,2025-01-31T19:57:22,2025-01-31T21:24:22,14.9,229.64,wallet
TRIP03916,USR0080,SC0092,Monterrey,2024-04-11T08:09:22,2024-04-11T08:24:22,11.39,138.35,debit_card
TRIP03583,USR0323,SC0003,Ciudad de Mexico,2025-06-30T20:14:05,2025-06-30T19:52:05,12.47,168.69,debit_card
TRIP04469,USR0245,SC0182,Monterrey,2024-06-09T13:27:16,2024-06-09T13:46:16,10.43,128.56,qr_code
TRIP04831,USR0193,SC0142,Monterrey,2025-01-03T07:17:10,2025-01-03T08:02:10,11.96,135.44,cash
TRIP04262,USR0116,SC0137,CDMX,2024-11-01T15:44:19,2024-11-01T16:10:19,8.93,$103.02,wallet
TRIP04011,USR0358,SC0050,CDMX,2024-10-14T07:17:48,2024-10-14T08:46:48,2.55,$30.58,cash
TRIP01949,USR0058,SC0012,Monterrey,2024-09-27T16:18:09,2024-09-27T17:10:09,6.23,80.51,wallet
TRIP03690,USR0356,SC0099,Guadalajara,2025-05-03T17:21:35,2025-05-03T18:40:35,10.66,127.15,qr_code
TRIP03751,USR0281,SC0024,cdmx,2024-05-15T14:35:29,2024-05-15T14:44:29,14.92,139.88,credit_card
TRIP04862,USR0243,SC0138,Monterrey,2024-08-10T09:04:06,2024-08-10T09:21:06,14.44,197.35,credit_card
TRIP03526,USR0288,SC0095,CDMX,2024-06-26T06:00:19,2024-06-26T06:26:19,5.89,79.95,wallet
TRIP04491,USR0074,SC0034,Guadalajara,2024-12-13T12:10:44,2024-12-13T12:42:44,1.17,16.81,qr_code
TRIP01968,USR0118,SC0192,Ciudad de Mexico,2024-07-30T18:10:23,2024-07-30T19:24:23,14.8,194.76,qr_code
TRIP04728,USR0078,SC0196,GDL,2025-03-31T11:56:26,2025-03-31T12:40:26,6.94,76.41,debit_card
TRIP03408,USR0051,SC0026,cdmx,2024-05-06T08:18:07,2024-05-06T08:51:07,11.3,$141.98,debit_card
TRIP00213,USR0021,SC0082,cdmx,2024-04-15T14:53:17,2024-04-15T15:31:17,5.96,77.29,credit_card
TRIP01194,USR0265,SC0040,Monterrey,2025-04-15T09:11:51,2025-04-15T09:53:51,12.78,142.01,wallet
TRIP03927,USR0006,SC0085,Ciudad de Mexico,2024-05-18T18:25:11,2024-05-18T19:30:11,5.25,87.76,credit_card
TRIP02781,USR0470,SC0076,Ciudad de Mexico,2024-04-03T16:54:05,2024-04-03T17:24:05,10.9,181.15,cash
TRIP01334,USR0023,SC0111,GDL,2025-03-14T16:13:00,2025-03-14T15:47:00,3.47,61.57,wallet
TRIP02377,USR0020,SC0122,MTY,2024-07-11T20:08:51,2024-07-11T19:59:51,2.28,35.08,cash
TRIP03836,USR0182,SC0093,MTY,2024-08-28T19:22:56,2024-08-28T19:13:56,2.32,43.59,debit_card
TRIP02047,USR0292,SC0008,Ciudad de Mexico,2024-10-28T15:06:31,2024-10-28T16:03:31,13.04,193.32,cash
TRIP01808,USR0259,SC0163,Ciudad de Mexico,2024-04-26T07:54:55,2024-04-26T09:19:55,14.58,162.33,credit_card
TRIP00822,USR0448,SC0168,MTY,2024-05-09T08:44:34,2024-05-09T09:03:34,9.92,$146.08,debit_card
TRIP02722,USR0465,SC0198,cdmx,2024-12-28T14:41:54,2024-12-28T15:12:54,10.22,161.48,qr_code
TRIP04049,USR0388,SC0051,CDMX,2024-11-22T14:41:22,2024-11-22T14:57:22,7.24,122.68,wallet
TRIP00592,USR0373,SC0163,CDMX,2024-02-16T11:36:56,2024-02-16T12:02:56,2.1,45.19,qr_code
TRIP03714,USR0330,SC0003,cdmx,2024-07-11T20:34:13,2024-07-11T21:25:13,2.19,36.32,cash
TRIP03642,USR0321,SC0174,Monterrey,2025-06-30T08:59:41,2025-06-30T09:43:41,4.04,$58.47,debit_card
TRIP02774,USR0498,SC0002,cdmx,2024-03-31T06:31:32,2024-03-31T06:30:32,8.82,106.85,cash
TRIP04587,USR0478,SC0099,GDL,2024-02-27T18:13:47,2024-02-27T19:24:47,11.03,168.72,qr_code
TRIP00135,USR0001,SC0017,CDMX,2024-05-15T14:28:00,2024-05-15T14:34:00,14.83,$169.46,wallet
TRIP01257,USR0428,SC0024,Ciudad de Mexico,2025-05-06T19:45:37,2025-05-06T20:22:37,7.56,89.67,qr_code
TRIP04419,USR0396,SC0133,GDL,2024-09-05T11:47:05,2024-09-05T11:53:05,6.98,$102.16,qr_code
TRIP03746,,SC0131,Ciudad de Mexico,2024-11-22T08:59:49,2024-11-22T10:26:49,7.23,74.03,cash
TRIP04523,USR0493,SC0008,cdmx,2024-10-02T06:08:59,2024-10-02T06:29:59,1.68,26.22,wallet
TRIP01575,USR0332,SC0100,Guadalajara,2024-08-28T09:03:44,2024-08-28T09:47:44,14.11,201.72,credit_card
TRIP01794,USR0426,SC0096,CDMX,2024-03-07T12:55:55,2024-03-07T13:02:55,9.29,143.71,qr_code
TRIP01158,USR0224,SC0129,Guadalajara,2024-10-15T14:22:00,2024-10-15T14:28:00,3.02,36.25,debit_card
TRIP04795,USR0290,SC0102,Monterrey,2025-03-03T04:53:02,2025-03-03T05:48:02,9.4,99.54,debit_card
TRIP02114,USR0111,SC0146,Ciudad de Mexico,2024-09-24T13:55:27,2024-09-24T15:06:27,2.85,44.87,credit_card
TRIP00290,USR0458,SC0157,cdmx,2025-03-11T12:27:35,2025-03-11T13:29:35,6.66,66.1,qr_code
TRIP02683,USR0075,SC0162,MTY,2025-01-21T09:48:46,2025-01-21T11:01:46,12.99,190.35,wallet
TRIP00913,USR0217,SC0109,CDMX,2024-02-15T15:15:11,2024-02-15T16:22:11,10.52,135.26,credit_card
TRIP01601,USR0134,SC0201,Ciudad de Mexico,2024-10-06T13:29:49,2024-10-06T13:40:49,13.62,172.06,debit_card
TRIP02950,USR0294,SC0159,cdmx,2024-09-27T19:01:21,2024-09-27T19:44:21,12.91,156.22,debit_card
TRIP01150,USR0033,SC0059,CDMX,2024-12-05T09:17:13,2024-12-05T09:39:13,4.84,67.03,wallet
TRIP02873,USR0467,SC0170,cdmx,2024-03-22T21:23:32,2024-03-22T22:32:32,9.44,126.38,cash
TRIP00921,USR0280,SC0175,GDL,2024-09-11T15:44:39,2024-09-11T16:59:39,6.03,$79.81,cash
TRIP03856,USR0079,SC0134,GDL,2024-08-04T11:33:07,2024-08-04T12:07:07,10.03,$134.44,wallet
TRIP01040,,SC0154,Monterrey,2024-06-14T08:25:12,2024-06-14T08:04:12,12.24,139.36,qr_code
TRIP02259,USR0341,SC0150,Ciudad de Mexico,2024-07-21T18:12:10,2024-07-21T18:30:10,12.4,190.95,wallet
TRIP04248,USR0357,SC0119,Monterrey,2025-06-06T15:23:19,2025-06-06T15:32:19,9.82,137.9,credit_card
TRIP00843,USR0109,SC0075,Monterrey,2024-05-07T17:28:44,2024-05-07T17:35:44,5.84,85.41,cash
TRIP03294,USR0494,SC0230,Ciudad de Mexico,2024-11-27T13:16:23,2024-11-27T13:28:23,7.99,75.15,qr_code
TRIP00330,USR0115,SC0002,Ciudad de Mexico,2024-06-06T21:53:40,2024-06-06T22:58:40,4.67,61.83,credit_card
TRIP03107,USR0456,SC0070,CDMX,2024-05-06T21:13:19,2024-05-06T21:52:19,7.54,81.61,wallet
TRIP04316,USR0211,SC0181,Monterrey,2025-05-11T19:01:21,2025-05-11T18:52:21,14.34,232.76,credit_card
TRIP01916,USR0250,SC0078,Ciudad de Mexico,2024-06-18T06:43:17,2024-06-18T07:47:17,10.36,110.02,wallet
TRIP01754,USR0082,SC0138,Monterrey,2024-08-12T16:57:10,2024-08-12T17:33:10,5.61,$102.61,qr_code
TRIP00092,USR0103,SC0058,MTY,2024-11-24T06:49:05,2024-11-24T08:17:05,10.99,178.68,debit_card
TRIP00957,USR0418,SC0071,cdmx,2024-02-21T12:21:22,2024-02-21T12:36:22,3.49,49.75,qr_code
TRIP02993,USR0148,SC0071,CDMX,2024-07-01T17:03:11,2024-07-01T17:57:11,5.12,78.76,qr_code
TRIP02803,USR0250,SC0201,Guadalajara,2025-04-24T02:27:43,2025-04-24T03:03:43,12.55,$175.03,cash
TRIP03177,USR0357,SC0124,Monterrey,2024-04-16T07:14:58,2024-04-16T07:50:58,11.48,141.67,credit_card
TRIP00842,USR0249,SC0118,MTY,2024-10-24T06:15:19,2024-10-24T05:58:19,11.81,131.36,qr_code
TRIP04091,USR0362,SC0128,GDL,2024-11-29T10:20:42,2024-11-29T10:33:42,2.35,30.47,credit_card
TRIP03197,USR0029,SC0026,cdmx,2025-02-25T11:42:52,2025-02-25T11:52:52,10.17,144.1,cash
TRIP04740,USR0230,SC0173,Ciudad de Mexico,2024-03-15T18:43:09,2024-03-15T18:49:09,14.16,162.59,wallet
TRIP02015,USR0349,SC0141,cdmx,2024-06-28T15:54:23,2024-06-28T17:08:23,11.98,160.43,debit_card
TRIP00506,USR0414,SC0054,Guadalajara,2025-05-28T18:41:33,2025-05-28T19:29:33,4.72,$77.46,wallet
TRIP04201,USR0202,SC0048,CDMX,2024-12-01T15:17:43,2024-12-01T16:18:43,14.65,187.55,wallet
TRIP00775,USR0239,SC0106,MTY,2024-06-19T13:51:02,2024-06-19T14:22:02,12.71,130.52,cash
TRIP00802,USR0327,SC0062,Monterrey,2025-03-11T19:03:19,2025-03-11T20:33:19,4.25,52.59,wallet
TRIP01996,USR0007,SC0015,MTY,2024-02-05T14:20:16,2024-02-05T15:15:16,3.86,51.67,wallet
TRIP03548,USR0381,SC0234,CDMX,2025-06-28T20:12:58,2025-06-28T21:29:58,4.38,55.89,credit_card
TRIP04710,USR0175,SC0010,CDMX,2025-01-03T14:36:03,2025-01-03T14:57:03,11.34,126.99,credit_card
TRIP03939,USR0030,SC0169,cdmx,2024-09-10T05:15:21,2024-09-10T05:55:21,7.57,93.76,wallet
TRIP01343,USR0212,SC0096,Ciudad de Mexico,2024-10-17T08:09:01,2024-10-17T08:40:01,7.68,83.76,debit_card
TRIP04860,USR0008,SC0045,Ciudad de Mexico,2024-04-15T09:39:45,2024-04-15T10:57:45,10.62,$124.05,debit_card
TRIP02024,USR0003,SC0048,Ciudad de Mexico,2024-03-14T17:03:32,2024-03-14T18:23:32,2.51,53.02,credit_card
TRIP00980,USR0019,SC0092,MTY,2025-03-02T09:38:24,2025-03-02T10:04:24,2.95,44.61,cash
TRIP00313,USR0113,SC0121,Monterrey,2025-05-11T12:13:59,2025-05-11T13:36:59,2.48,46.82,debit_card
TRIP02293,USR0157,SC0055,MTY,2024-03-07T16:14:39,2024-03-07T16:51:39,8.69,93.17,credit_card
TRIP02407,USR0294,SC0128,Guadalajara,2025-01-30T17:42:41,2025-01-30T18:18:41,0.94,25.13,cash
TRIP02960,USR0387,SC0054,GDL,2024-12-18T12:06:06,2024-12-18T13:13:06,3.81,71.84,cash
TRIP01300,USR0233,SC0161,Ciudad de Mexico,2024-05-11T08:41:32,2024-05-11T09:57:32,6.09,93.41,credit_card
TRIP01606,USR0375,SC0095,Ciudad de Mexico,2025-04-08T17:18:26,2025-04-08T17:33:26,1.48,29.63,credit_card
TRIP00235,USR0127,SC0114,cdmx,2024-05-09T19:01:02,2024-05-09T20:30:02,13.03,164.92,qr_code
TRIP01419,USR0194,SC0180,Ciudad de Mexico,2024-09-07T14:43:09,2024-09-07T15:13:09,6.61,92.57,wallet
TRIP01457,USR0187,SC0033,Monterrey,2024-03-28T21:20:46,2024-03-28T22:48:46,4.07,45.58,cash
TRIP04594,USR0211,SC0031,Guadalajara,2024-09-11T07:59:31,2024-09-11T08:47:31,3.13,54.3,wallet
TRIP02328,USR0153,SC0044,Ciudad de Mexico,2025-03-26T13:50:27,2025-03-26T13:56:27,5.37,85.13,debit_card
TRIP00580,USR0126,SC0107,CDMX,2024-05-21T18:21:20,2024-05-21T18:41:20,14.76,192.08,debit_card
TRIP03203,USR0217,SC0174,Monterrey,2024-11-06T17:01:42,2024-11-06T17:56:42,12.47,150.76,cash
TRIP00328,USR0448,SC0053,cdmx,2024-10-22T18:57:27,2024-10-22T19:55:27,1.75,28.66,cash
TRIP02268,USR0180,SC0138,MTY,2024-08-16T20:17:03,2024-08-16T21:21:03,0.79,19.29,debit_card
TRIP00803,USR0158,SC0130,GDL,2024-01-24T09:11:45,2024-01-24T09:27:45,9.24,$139.44,cash
TRIP03617,USR0071,SC0199,Guadalajara,2024-10-01T05:59:29,2024-10-01T06:13:29,6.39,97.72,wallet
TRIP04077,USR0062,SC0162,MTY,2025-06-22T13:09:35,2025-06-22T13:34:35,8.03,$102.53,qr_code
TRIP01631,USR0084,SC0122,Monterrey,2024-12-04T13:44:28,2024-12-04T13:16:28,2.84,45.11,qr_code
TRIP02020,USR0338,SC0104,MTY,2024-04-18T17:57:52,2024-04-18T18:19:52,14.48,172.44,cash
TRIP03898,USR0416,SC0118,Monterrey,2025-06-06T18:35:07,2025-06-06T19:06:07,5.09,88.84,debit_card
TRIP04020,USR0098,SC0013,Ciudad de Mexico,2025-01-16T19:40:32,2025-01-16T20:06:32,4.16,61.41,debit_card
TRIP04888,USR0270,SC0218,MTY,2024-04-18T09:23:51,2024-04-18T09:55:51,1.44,27.03,wallet
TRIP03972,USR0462,SC0043,CDMX,2025-06-27T21:10:03,2025-06-27T22:33:03,2.47,32.0,qr_code
TRIP02923,USR0050,SC0095,CDMX,2024-05-13T00:33:27,2024-05-13T02:00:27,14.43,220.08,debit_card
TRIP00206,USR0081,SC0042,Ciudad de Mexico,2024-05-27T19:50:55,2024-05-27T21:17:55,8.53,$108.23,qr_code
TRIP03969,USR0353,SC0121,MTY,2024-10-19T09:20:33,2024-10-19T09:40:33,11.34,$126.96,cash
TRIP00294,USR0402,SC0035,Ciudad de Mexico,2024-10-14T08:47:07,2024-10-14T10:09:07,2.69,47.05,debit_card
TRIP00034,USR0297,SC0131,cdmx,2025-05-10T15:34:24,2025-05-10T16:37:24,14.72,153.11,wallet
TRIP00522,USR0048,SC0003,cdmx,2024-06-05T17:58:05,2024-06-05T19:16:05,2.39,41.18,debit_card
TRIP00534,USR0445,SC0021,Guadalajara,2024-04-23T09:16:21,2024-04-23T10:39:21,10.63,167.61,cash
TRIP01661,USR0067,SC0061,GDL,2025-05-27T01:26:59,2025-05-27T01:39:59,4.43,64.67,cash
TRIP02175,USR0039,SC0143,CDMX,2024-11-04T16:35:50,2024-11-04T17:11:50,9.75,156.76,debit_card
TRIP01104,USR0468,SC0072,GDL,2025-02-25T21:14:22,2025-02-25T21:04:22,9.49,155.25,cash
TRIP03724,USR0153,SC0194,Guadalajara,2025-02-21T17:26:10,2025-02-21T17:38:10,3.86,54.06,cash
TRIP00292,USR0323,SC0139,Monterrey,2024-03-20T14:37:19,2024-03-20T16:00:19,11.79,145.71,cash
TRIP02060,USR0491,SC0184,Ciudad de Mexico,2025-03-18T16:02:40,2025-03-18T16:30:40,14.99,145.65,wallet
TRIP00678,USR0446,SC0081,MTY,2024-04-10T07:48:15,2024-04-10T08:39:15,9.26,$142.70,wallet
TRIP00649,USR0352,SC0048,cdmx,2024-08-25T13:20:49,2024-08-25T14:32:49,13.95,147.21,debit_card
TRIP00781,USR0470,SC0014,Ciudad de Mexico,2024-03-08T20:10:59,2024-03-08T21:18:59,12.27,143.52,wallet
TRIP00320,USR0460,SC0142,Monterrey,2025-03-09T06:22:28,2025-03-09T07:29:28,7.32,103.2,wallet
TRIP01262,USR0325,SC0121,MTY,2024-06-10T13:28:24,2024-06-10T14:06:24,1.15,28.82,qr_code
TRIP00084,USR0221,SC0069,CDMX,2025-01-09T06:35:12,2025-01-09T07:26:12,7.81,113.47,qr_code
TRIP04078,USR0183,SC0041,Monterrey,2024-04-21T15:10:37,2024-04-21T16:34:37,7.76,110.67,wallet
TRIP00797,USR0213,SC0109,cdmx,2025-01-05T20:19:34,2025-01-05T21:34:34,2.76,43.48,credit_card
TRIP02381,USR0211,SC0047,Ciudad de Mexico,2025-03-22T17:04:55,2025-03-22T18:26:55,9.46,135.04,cash
TRIP00217,USR0473,SC0155,Ciudad de Mexico,2024-03-11T11:06:01,2024-03-11T11:36:01,10.42,157.73,qr_code
TRIP03934,USR0351,SC0095,CDMX,2024-09-19T13:34:06,2024-09-19T14:39:06,14.67,183.02,cash
TRIP00972,USR0396,SC0060,CDMX,2025-05-05T18:38:54,2025-05-05T19:10:54,9.33,103.36,debit_card
TRIP03065,USR0477,SC0156,CDMX,2024-03-29T14:01:04,2024-03-29T15:08:04,12.59,171.51,debit_card
TRIP02807,USR0329,SC0100,Guadalajara,2024-04-30T10:24:40,2024-04-30T11:12:40,6.0,76.95,debit_card
TRIP04883,USR0203,SC0059,CDMX,2024-05-02T10:00:27,2024-05-02T10:51:27,8.32,138.95,qr_code
TRIP02191,USR0158,SC0139,Monterrey,2024-08-21T19:04:55,2024-08-21T19:20:55,13.03,171.03,cash
TRIP01005,USR0334,SC0158,Monterrey,2024-01-29T10:36:33,2024-01-29T11:49:33,6.6,78.32,qr_code
TRIP00954,USR0320,SC0136,Ciudad de Mexico,2024-03-25T18:49:04,2024-03-25T18:58:04,5.6,80.97,debit_card
TRIP01120,USR0104,SC0190,CDMX,2025-01-28T13:07:34,2025-01-28T13:37:34,1.08,28.67,credit_card
TRIP02040,USR0099,SC0041,MTY,2024-03-04T09:29:57,2024-03-04T10:27:57,5.84,75.63,credit_card
TRIP04832,USR0485,SC0130,Guadalajara,2024-04-18T12:10:33,2024-04-18T13:26:33,7.99,96.26,cash
TRIP01254,USR0070,SC0016,Monterrey,2024-12-05T20:42:19,2024-12-05T22:09:19,3.79,48.92,cash
TRIP03692,USR0322,SC0053,Ciudad de Mexico,2024-10-09T21:48:59,2024-10-09T22:59:59,7.19,109.22,credit_card
TRIP02115,USR0479,SC0115,GDL,2025-04-04T18:48:50,2025-04-04T19:34:50,5.12,82.24,wallet
TRIP02995,USR0142,SC0153,cdmx,2024-11-25T19:32:02,2024-11-25T19:54:02,14.03,140.09,debit_card
TRIP01982,USR0220,SC0194,Guadalajara,2024-12-03T22:08:42,2024-12-03T22:21:42,9.92,131.47,debit_card
TRIP00293,USR0019,SC0156,cdmx,2024-11-07T15:03:40,2024-11-07T16:08:40,10.02,$116.68,wallet
TRIP01669,USR0031,SC0170,Ciudad de Mexico,2025-02-19T04:34:27,2025-02-19T05:25:27,8.47,94.07,wallet
TRIP04627,USR0449,SC0200,GDL,2024-06-18T16:17:18,2024-06-18T17:35:18,7.07,85.39,qr_code
TRIP04628,USR0132,SC0143,cdmx,2025-04-30T00:03:42,2025-04-30T00:48:42,12.58,203.32,wallet
TRIP01599,USR0078,SC0171,Guadalajara,2024-06-20T15:03:57,2024-06-20T15:45:57,5.8,76.99,wallet
TRIP02546,USR0197,SC0018,MTY,2024-09-06T07:19:40,2024-09-06T08:06:40,2.11,38.08,wallet
TRIP03693,USR0456,SC0200,GDL,2025-05-19T21:46:54,2025-05-19T22:38:54,9.95,141.65,credit_card
TRIP04692,USR0003,SC0127,cdmx,2024-04-17T15:54:28,2024-04-17T17:10:28,5.59,83.42,debit_card
TRIP00920,USR0490,SC0001,Monterrey,2025-02-14T15:06:17,2025-02-14T15:21:17,12.79,120.08,debit_card
TRIP01117,USR0051,SC0125,Ciudad de Mexico,2025-02-28T18:56:40,2025-02-28T19:50:40,14.82,171.09,credit_card
TRIP02771,USR0382,SC0107,Ciudad de Mexico,2024-02-26T14:15:47,2024-02-26T14:57:47,1.75,24.2,credit_card
TRIP00789,USR0076,SC0117,Ciudad de Mexico,2024-05-09T06:49:21,2024-05-09T07:34:21,6.81,74.99,qr_code
TRIP01936,USR0448,SC0144,GDL,2024-05-19T08:09:03,2024-05-19T09:33:03,9.84,100.31,wallet
TRIP04501,USR0173,SC0135,cdmx,2024-06-17T08:04:30,2024-06-17T09:09:30,11.27,164.01,debit_card
TRIP02425,USR0233,SC0160,Ciudad de Mexico,2024-11-11T20:42:35,2024-11-11T21:39:35,12.85,137.87,debit_card
TRIP01920,USR0313,SC0007,Guadalajara,2024-04-03T19:10:59,2024-04-03T19:18:59,7.77,87.59,debit_card
TRIP04004,USR0351,SC0086,Ciudad de Mexico,2025-04-09T13:06:13,2025-04-09T13:20:13,8.04,103.61,debit_card
TRIP04120,USR0006,SC0139,MTY,2024-04-17T20:29:53,2024-04-17T21:10:53,9.1,105.81,qr_code
TRIP03870,USR0093,SC0115,GDL,2024-12-17T08:13:15,2024-12-17T09:26:15,6.06,64.91,qr_code
TRIP02605,USR0247,SC0199,GDL,2024-01-29T21:31:22,2024-01-29T22:37:22,5.96,79.64,debit_card
TRIP04402,USR0414,SC0131,CDMX,2024-05-15T06:35:05,2024-05-15T07:35:05,7.5,89.36,wallet
TRIP03834,USR0475,SC0163,cdmx,2025-04-16T08:02:49,2025-04-16T08:15:49,14.26,126.63,credit_card
TRIP01580,USR0020,SC0034,GDL,2024-06-20T18:12:24,2024-06-20T19:23:24,0.61,16.16,credit_card
TRIP04701,USR0058,SC0016,MTY,2025-06-08T05:59:45,2025-06-08T07:04:45,9.74,$157.77,debit_card
TRIP02791,USR0021,SC0148,MTY,2024-07-11T19:54:21,2024-07-11T20:55:21,3.05,45.92,cash
TRIP03035,USR0434,SC0086,Ciudad de Mexico,2024-04-17T16:05:28,2024-04-17T16:30:28,13.26,124.28,wallet
TRIP02867,USR0499,SC0088,MTY,2024-05-30T12:25:46,2024-05-30T13:12:46,8.71,111.08,cash
TRIP03587,USR0479,SC0160,CDMX,2024-01-19T20:22:41,2024-01-19T20:34:41,13.32,147.95,credit_card
TRIP03411,USR0317,SC0147,Monterrey,2025-04-24T18:55:05,2025-04-24T20:02:05,2.04,44.17,credit_card
TRIP03260,USR0249,SC0011,cdmx,2024-04-13T10:01:33,2024-04-13T09:47:33,5.43,$63.47,cash
TRIP01444,USR0196,SC0147,MTY,2024-08-31T11:03:26,2024-08-31T12:30:26,12.73,$110.21,debit_card
TRIP01330,USR0053,SC0137,Ciudad de Mexico,2024-11-21T12:31:53,2024-11-21T13:33:53,14.45,184.44,credit_card
TRIP04442,USR0380,SC0085,Ciudad de Mexico,2025-04-18T15:48:26,2025-04-18T17:05:26,9.01,86.27,wallet
TRIP00949,USR0324,SC0179,Ciudad de Mexico,2024-12-16T21:29:10,2024-12-16T22:01:10,13.04,207.41,qr_code
TRIP01574,USR0362,SC0072,GDL,2024-05-05T07:21:23,2024-05-05T07:46:23,2.43,$46.22,qr_code
TRIP01206,USR0005,SC0035,CDMX,2025-03-15T00:34:37,2025-03-15T00:27:37,9.09,141.49,credit_card
TRIP01388,USR0290,SC0136,cdmx,2025-05-09T08:35:35,2025-05-09T08:26:35,7.55,106.9,debit_card
TRIP03320,USR0041,SC0194,GDL,2024-09-21T11:04:53,2024-09-21T11:46:53,2.4,44.75,qr_code
TRIP04487,USR0274,SC0169,cdmx,2024-01-05T19:05:01,2024-01-05T19:20:01,13.27,138.48,credit_card
TRIP01303,,SC0012,MTY,2025-02-01T12:14:28,2025-02-01T12:53:28,1.7,$29.05,debit_card
TRIP03313,USR0342,SC0059,CDMX,2025-05-07T08:29:36,2025-05-07T08:38:36,8.31,117.38,wallet
TRIP00401,USR0154,SC0178,Ciudad de Mexico,2024-12-16T22:45:28,2024-12-16T23:24:28,5.45,$75.13,debit_card
TRIP04131,USR0477,SC0049,MTY,2024-08-15T06:53:00,2024-08-15T07:17:00,10.58,$103.83,wallet
TRIP02017,USR0342,SC0119,MTY,2025-03-19T08:54:41,2025-03-19T09:27:41,3.82,48.8,wallet
TRIP00680,USR0402,SC0120,CDMX,2024-09-26T07:35:49,2024-09-26T08:50:49,11.42,161.37,credit_card
TRIP04554,USR0439,SC0163,cdmx,2024-08-10T08:58:11,2024-08-10T09:44:11,10.51,116.31,credit_card
TRIP00514,USR0422,SC0239,Ciudad de Mexico,2024-07-22T17:39:09,2024-07-22T18:25:09,11.15,$169.61,wallet
TRIP01763,USR0448,SC0091,CDMX,2024-10-18T09:44:47,2024-10-18T10:42:47,10.93,167.28,qr_code
TRIP03541,USR0246,SC0160,CDMX,2024-03-29T08:14:50,2024-03-29T08:47:50,11.7,$157.69,debit_card
TRIP01168,USR0331,SC0053,CDMX,2024-05-03T07:47:11,2024-05-03T08:45:11,13.71,187.97,qr_code
TRIP01726,USR0211,SC0190,CDMX,2024-12-27T00:28:24,2024-12-27T00:50:24,12.86,133.2,qr_code
TRIP00157,USR0470,SC0027,CDMX,2024-03-15T21:25:37,2024-03-15T21:42:37,14.65,203.86,wallet
TRIP00832,USR0372,SC0092,Monterrey,2024-08-07T21:16:05,2024-08-07T22:20:05,4.73,81.21,cash
TRIP04319,USR0409,SC0057,CDMX,2025-05-19T07:29:27,2025-05-19T08:43:27,10.06,117.8,wallet
TRIP01198,USR0061,SC0005,MTY,2024-09-11T18:34:09,2024-09-11T19:01:09,10.37,136.59,credit_card
TRIP00964,USR0225,SC0010,Ciudad de Mexico,2025-05-27T17:45:56,2025-05-27T18:17:56,4.69,76.04,debit_card
TRIP03520,USR0172,SC0120,CDMX,2024-04-29T11:16:26,2024-04-29T12:15:26,5.68,$75.16,debit_card
TRIP00064,USR0079,SC0199,Guadalajara,2024-02-14T17:15:28,2024-02-14T18:38:28,7.01,91.93,wallet
TRIP00418,USR0331,SC0094,cdmx,2024-07-02T11:44:30,2024-07-02T12:52:30,9.75,146.71,debit_card
TRIP01501,USR0455,SC0062,Monterrey,2024-03-09T14:39:08,2024-03-09T16:08:08,13.09,140.6,cash
TRIP03654,USR0033,SC0145,cdmx,2024-09-18T10:18:22,2024-09-18T10:59:22,6.15,71.53,cash
TRIP03134,USR0429,SC0153,cdmx,2024-03-08T19:09:18,2024-03-08T19:18:18,10.97,168.64,cash
TRIP04670,USR0335,SC0031,GDL,2025-05-20T14:54:05,2025-05-20T15:42:05,6.47,106.35,cash
TRIP04794,USR0238,SC0099,Guadalajara,2024-08-12T00:39:42,2024-08-12T01:59:42,10.9,108.91,cash
TRIP03069,USR0397,SC0025,Guadalajara,2025-02-08T18:50:04,2025-02-08T20:02:04,11.09,171.16,wallet
TRIP02880,USR0393,SC0119,MTY,2025-06-25T12:04:54,2025-06-25T13:06:54,13.04,148.38,wallet
TRIP02568,USR0124,SC0055,Monterrey,2024-10-12T16:35:16,2024-10-12T17:32:16,13.93,192.23,cash
TRIP04254,USR0377,SC0103,MTY,2024-08-28T12:23:42,2024-08-28T13:28:42,5.57,$94.51,debit_card
TRIP00248,USR0213,SC0195,Ciudad de Mexico,2024-03-13T06:13:33,2024-03-13T06:30:33,6.09,71.81,debit_card
TRIP04489,USR0470,SC0192,Ciudad de Mexico,2025-05-27T08:08:35,2025-05-27T09:36:35,2.48,42.38,wallet
TRIP00111,USR0208,SC0049,Monterrey,2024-08-19T19:05:41,2024-08-19T20:33:41,6.0,$77.06,debit_card
TRIP01532,USR0235,SC0165,GDL,2025-05-04T11:25:13,2025-05-04T11:31:13,4.59,$70.21,credit_card
TRIP02363,USR0417,SC0157,Ciudad de Mexico,2025-03-21T11:03:34,2025-03-21T11:22:34,8.0,72.65,debit_card
TRIP01682,USR0234,SC0122,Monterrey,2025-04-24T17:33:55,2025-04-24T18:05:55,5.9,63.45,qr_code
TRIP01588,USR0367,SC0063,Monterrey,2024-10-16T20:26:37,2024-10-16T21:46:37,8.54,114.75,credit_card
TRIP00393,USR0063,SC0014,Ciudad de Mexico,2024-02-15T15:36:28,2024-02-15T16:24:28,10.94,150.33,wallet
TRIP02132,USR0241,SC0084,Guadalajara,2024-09-06T11:28:28,2024-09-06T12:27:28,9.41,152.22,qr_code
TRIP00281,USR0483,SC0074,cdmx,2024-09-07T09:57:21,2024-09-07T11:11:21,7.33,$99.89,wallet
TRIP03808,USR0050,SC0102,MTY,2024-07-05T15:08:59,2024-07-05T15:32:59,10.31,147.57,cash
TRIP03370,USR0450,SC0094,CDMX,2025-02-04T17:15:47,2025-02-04T18:42:47,3.97,$58.13,qr_code
TRIP00079,USR0266,SC0046,CDMX,2024-06-14T17:22:33,2024-06-14T18:03:33,9.71,122.0,qr_code
TRIP03068,USR0426,SC0048,cdmx,2024-09-02T18:12:55,2024-09-02T18:55:55,12.44,116.02,debit_card
TRIP03964,USR0028,SC0074,Ciudad de Mexico,2024-10-04T11:26:53,2024-10-04T12:09:53,1.47,28.81,debit_card
TRIP01072,USR0238,SC0001,Monterrey,2024-11-22T17:01:47,2024-11-22T17:21:47,8.98,91.87,qr_code
TRIP00337,USR0314,SC0149,Ciudad de Mexico,2024-03-10T15:00:33,2024-03-10T15:32:33,2.99,44.77,debit_card
TRIP04621,USR0256,SC0043,cdmx,2024-04-12T17:57:00,2024-04-12T18:37:00,12.55,154.87,credit_card
TRIP03145,USR0187,SC0057,CDMX,2024-07-08T13:29:35,2024-07-08T13:47:35,9.82,150.62,cash
TRIP02194,USR0241,SC0117,cdmx,2025-06-27T08:54:09,2025-06-27T09:43:09,8.3,80.43,wallet
TRIP02374,USR0462,SC0041,MTY,2025-02-05T14:15:00,2025-02-05T14:45:00,2.38,44.67,credit_card
TRIP04353,USR0157,SC0147,Monterrey,2024-06-17T18:38:47,2024-06-17T19:10:47,5.56,66.2,wallet
TRIP00422,USR0178,SC0105,cdmx,2024-08-21T18:30:14,2024-08-21T19:41:14,7.3,$110.13,debit_card
TRIP01964,USR0170,SC0013,cdmx,2024-08-01T21:07:39,2024-08-01T21:54:39,3.43,61.79,credit_card
TRIP01633,USR0444,SC0043,Ciudad de Mexico,2024-08-17T12:39:03,2024-08-17T13:25:03,14.97,138.87,cash
TRIP04584,USR0308,SC0167,Ciudad de Mexico,2024-10-09T08:06:24,2024-10-09T08:14:24,11.33,149.91,cash
TRIP02368,,SC0179,Ciudad de Mexico,2024-10-11T08:59:47,2024-10-11T10:11:47,6.98,103.1,wallet
TRIP04441,USR0162,SC0185,cdmx,2025-01-10T18:21:31,2025-01-10T18:29:31,11.53,121.01,qr_code
TRIP03179,,SC0081,Monterrey,2025-06-30T00:06:15,2025-06-30T01:12:15,11.28,127.62,cash
TRIP01654,USR0138,SC0016,Monterrey,2025-01-13T14:45:19,2025-01-13T15:17:19,1.55,25.02,credit_card
TRIP00816,USR0212,SC0186,CDMX,2024-03-15T23:35:28,2024-03-15T23:57:28,5.88,53.72,credit_card
TRIP04332,USR0253,SC0021,GDL,2024-12-06T13:50:37,2024-12-06T15:08:37,10.52,$151.88,qr_code
TRIP03283,USR0345,SC0195,cdmx,2025-03-25T15:16:09,2025-03-25T15:30:09,13.41,158.75,debit_card
TRIP03218,USR0392,SC0198,cdmx,2024-04-14T19:32:45,2024-04-14T19:37:45,5.99,73.39,credit_card
TRIP04099,USR0129,SC0219,Guadalajara,2025-05-17T15:25:17,2025-05-17T16:40:17,5.31,53.14,qr_code
TRIP04063,USR0262,SC0157,cdmx,2024-07-16T05:40:16,2024-07-16T06:55:16,4.1,59.26,wallet
TRIP04086,USR0181,SC0161,Ciudad de Mexico,2024-10-18T08:53:28,2024-10-18T09:27:28,13.32,186.02,cash
TRIP00845,USR0268,SC0113,MTY,2024-09-11T15:18:01,2024-09-11T16:27:01,11.99,187.13,credit_card
TRIP02353,USR0236,SC0019,Guadalajara,2024-07-11T17:21:40,2024-07-11T17:34:40,8.75,117.06,cash
TRIP03754,USR0457,SC0140,Ciudad de Mexico,2024-08-25T11:44:17,2024-08-25T12:03:17,13.6,170.15,qr_code
TRIP00223,USR0346,SC0049,Monterrey,2025-02-13T11:37:12,2025-02-13T11:14:12,1.81,35.53,cash
TRIP02121,USR0332,SC0199,Guadalajara,2025-02-20T08:38:02,2025-02-20T08:48:02,3.57,$66.88,qr_code
TRIP00017,USR0488,SC0068,cdmx,2024-12-24T06:41:02,2024-12-24T06:49:02,0.8,14.15,qr_code
TRIP01835,USR0054,SC0075,MTY,2024-03-08T18:18:53,2024-03-08T18:17:53,2.1,28.64,wallet
TRIP03292,USR0152,SC0101,Ciudad de Mexico,2024-02-22T15:55:44,2024-02-22T16:23:44,13.61,207.72,qr_code
TRIP04828,USR0276,SC0007,Guadalajara,2024-04-18T11:13:09,2024-04-18T12:37:09,10.36,109.05,qr_code
TRIP04872,USR0482,SC0159,Ciudad de Mexico,2024-08-09T08:21:58,2024-08-09T09:44:58,3.09,38.48,wallet
TRIP04866,USR0350,SC0158,Monterrey,2024-10-17T18:46:01,2024-10-17T18:57:01,13.57,172.57,qr_code
TRIP00219,USR0393,SC0020,CDMX,2024-10-17T14:16:12,2024-10-17T14:21:12,8.88,83.47,cash
TRIP02778,USR0234,SC0052,CDMX,2025-05-23T12:54:20,2025-05-23T13:06:20,13.79,153.24,cash
TRIP01976,USR0220,SC0117,CDMX,2024-11-15T18:56:24,2024-11-15T20:15:24,7.49,112.05,wallet
TRIP02006,USR0391,SC0174,MTY,2024-04-24T12:57:15,2024-04-24T13:31:15,5.14,72.55,credit_card
TRIP02090,USR0241,SC0064,MTY,2025-01-04T16:45:49,2025-01-04T16:54:49,10.55,163.1,credit_card
TRIP03873,USR0099,SC0181,MTY,2024-08-13T20:16:57,2024-08-13T21:11:57,6.61,$72.31,debit_card
TRIP02821,USR0297,SC0022,MTY,2024-03-18T16:37:26,2024-03-18T17:13:26,5.4,55.07,qr_code
TRIP01868,USR0027,SC0061,GDL,2025-04-09T23:38:40,2025-04-09T23:46:40,10.88,92.94,credit_card
TRIP00109,USR0430,SC0025,Guadalajara,2024-08-24T07:13:32,2024-08-24T08:16:32,10.17,137.5,credit_card
TRIP02556,USR0377,SC0022,MTY,2025-06-20T06:10:47,2025-06-20T07:17:47,4.79,62.58,qr_code
TRIP01827,USR0467,SC0017,CDMX,2024-09-20T18:17:47,2024-09-20T18:43:47,5.33,63.66,credit_card
TRIP01003,USR0184,SC0012,MTY,2024-05-20T08:10:42,2024-05-20T08:16:42,7.69,83.76,credit_card
TRIP01636,USR0449,SC0074,cdmx,2024-11-16T19:57:23,2024-11-16T20:20:23,7.07,102.6,debit_card
TRIP04026,USR0313,SC0148,Monterrey,2024-02-13T14:23:56,2024-02-13T15:53:56,5.19,$85.07,qr_code
TRIP03963,USR0486,SC0204,Ciudad de Mexico,2024-06-17T17:14:50,2024-06-17T17:58:50,4.86,59.94,credit_card
TRIP03628,USR0359,SC0102,Monterrey,2024-04-13T13:37:13,2024-04-13T13:52:13,13.98,128.12,cash
TRIP03680,USR0349,SC0022,Monterrey,2025-02-01T07:17:10,2025-02-01T08:22:10,5.41,86.93,cash
TRIP04957,USR0288,SC0022,MTY,2025-01-15T07:52:54,2025-01-15T08:01:54,11.72,180.86,debit_card
TRIP01232,USR0167,SC0047,cdmx,2024-09-23T14:39:30,2024-09-23T14:13:30,3.42,58.71,credit_card
TRIP01756,USR0020,SC0177,Ciudad de Mexico,2024-05-09T06:33:55,2024-05-09T06:53:55,3.94,76.85,qr_code
TRIP01283,USR0018,SC0016,MTY,2024-07-18T09:17:13,2024-07-18T10:22:13,7.49,121.22,credit_card
TRIP03380,USR0105,SC0138,Monterrey,2025-01-13T15:23:34,2025-01-13T16:35:34,10.06,$149.77,wallet
TRIP04915,USR0264,SC0053,Ciudad de Mexico,2025-01-31T15:26:22,2025-01-31T16:53:22,11.54,183.22,debit_card
TRIP04592,USR0049,SC0062,Monterrey,2024-01-23T16:24:49,2024-01-23T17:37:49,14.21,130.72,qr_code
TRIP04507,USR0198,SC0069,Ciudad de Mexico,2025-06-03T18:07:32,2025-06-03T18:29:32,12.69,156.85,cash
TRIP00547,,SC0074,cdmx,2024-05-06T09:27:22,2024-05-06T10:56:22,2.5,52.16,qr_code
TRIP04181,USR0498,SC0186,CDMX,2024-11-29T09:24:37,2024-11-29T10:18:37,14.28,178.97,debit_card
TRIP01271,USR0187,SC0095,CDMX,2024-04-29T07:46:38,2024-04-29T08:23:38,10.35,115.19,wallet
TRIP04936,USR0327,SC0055,MTY,2025-05-03T14:14:01,2025-05-03T14:25:01,2.98,41.35,debit_card
TRIP01498,USR0022,SC0121,Monterrey,2024-05-13T08:04:58,2024-05-13T09:10:58,9.51,133.71,wallet
TRIP01582,USR0325,SC0064,Monterrey,2024-08-13T17:47:34,2024-08-13T18:58:34,2.61,42.2,qr_code
TRIP04258,USR0091,SC0049,MTY,2024-07-21T12:43:01,2024-07-21T13:21:01,10.72,126.58,wallet
TRIP01559,USR0060,SC0112,cdmx,2024-07-12T16:37:04,2024-07-12T17:34:04,0.72,15.37,credit_card
TRIP04124,USR0018,SC0120,Ciudad de Mexico,2025-05-28T16:50:12,2025-05-28T18:14:12,13.36,136.59,credit_card
TRIP02083,USR0225,SC0068,Ciudad de Mexico,2024-01-02T13:40:57,2024-01-02T15:05:57,14.36,175.49,qr_code
TRIP04094,USR0389,SC0009,CDMX,2024-04-12T16:25:55,2024-04-12T16:41:55,9.19,146.91,debit_card
TRIP04890,USR0075,SC0093,MTY,2024-08-26T15:37:28,2024-08-26T17:02:28,5.81,72.27,qr_code
TRIP00138,USR0311,SC0129,GDL,2024-10-29T18:50:15,2024-10-29T19:58:15,9.75,$101.18,cash
TRIP04458,USR0192,SC0056,MTY,2024-10-25T08:17:11,2024-10-25T09:26:11,5.59,73.3,credit_card
TRIP00224,USR0494,SC0105,cdmx,2024-01-05T11:06:35,2024-01-05T11:20:35,2.2,34.37,qr_code
TRIP01193,USR0027,SC0132,cdmx,2024-03-16T22:03:14,2024-03-16T23:01:14,10.12,156.59,qr_code
TRIP02142,USR0324,SC0167,CDMX,2024-10-18T14:20:57,2024-10-18T15:48:57,8.25,104.16,wallet
TRIP02615,USR0334,SC0064,Monterrey,2024-02-25T18:47:57,2024-02-25T20:12:57,4.0,53.5,credit_card
TRIP04408,USR0428,SC0146,cdmx,2024-11-05T11:15:45,2024-11-05T11:47:45,10.45,159.0,wallet
TRIP02465,USR0177,SC0127,Ciudad de Mexico,2024-05-12T18:43:12,2024-05-12T18:42:12,13.17,123.35,qr_code
TRIP01899,,SC0001,MTY,2024-07-26T20:00:29,2024-07-26T21:06:29,3.92,55.72,debit_card
TRIP02166,USR0306,SC0070,Ciudad de Mexico,2025-01-25T13:41:57,2025-01-25T15:04:57,14.95,203.39,debit_card
TRIP02193,USR0121,SC0194,GDL,2024-06-07T09:47:53,2024-06-07T10:56:53,14.38,202.91,wallet
TRIP04913,USR0019,SC0093,MTY,2025-01-17T07:48:44,2025-01-17T08:58:44,11.84,126.8,debit_card
TRIP01471,USR0161,SC0191,Ciudad de Mexico,2025-02-27T18:04:44,2025-02-27T18:43:44,10.7,$167.95,credit_card
TRIP00876,USR0458,SC0113,MTY,2024-11-20T19:18:11,2024-11-20T20:27:11,13.7,219.58,cash
TRIP03589,USR0303,SC0071,CDMX,2024-06-25T07:23:36,2024-06-25T07:51:36,14.06,214.12,debit_card
TRIP03053,USR0308,SC0199,GDL,2024-08-09T18:26:48,2024-08-09T19:44:48,0.63,21.91,debit_card
TRIP04745,USR0365,SC0161,Ciudad de Mexico,2024-10-07T20:42:43,2024-10-07T21:27:43,9.11,140.59,qr_code
TRIP00200,USR0476,SC0012,Monterrey,2024-11-04T15:22:04,2024-11-04T16:07:04,8.05,116.1,wallet
TRIP01186,USR0378,SC0152,Monterrey,2024-09-10T18:47:30,2024-09-10T19:43:30,7.68,104.87,credit_card
TRIP02410,USR0261,SC0184,Ciudad de Mexico,2024-07-16T20:34:03,2024-07-16T21:23:03,3.62,61.66,wallet
TRIP02713,USR0165,SC0109,Ciudad de Mexico,2024-12-11T08:07:29,2024-12-11T08:33:29,4.15,64.54,debit_card
TRIP04090,USR0257,SC0023,Ciudad de Mexico,2024-01-03T07:04:56,2024-01-03T07:21:56,2.53,43.08,qr_code
TRIP03324,USR0207,SC0024,CDMX,2025-04-14T13:07:42,2025-04-14T13:22:42,12.79,151.8,qr_code
TRIP02540,USR0120,SC0189,cdmx,2024-05-14T18:26:45,2024-05-14T19:43:45,10.69,$138.22,debit_card
TRIP03666,USR0226,SC0058,MTY,2024-12-12T15:07:32,2024-12-12T16:20:32,10.97,146.69,qr_code
TRIP02574,USR0460,SC0084,GDL,2025-03-22T13:35:13,2025-03-22T14:10:13,7.95,121.44,debit_card
TRIP04851,USR0057,SC0224,cdmx,2024-04-21T14:07:02,2024-04-21T14:41:02,2.66,37.74,credit_card
TRIP00777,USR0452,SC0035,Ciudad de Mexico,2024-04-13T06:29:58,2024-04-13T07:23:58,1.63,33.71,credit_card
TRIP02427,USR0111,SC0174,MTY,2024-04-09T07:38:01,2024-04-09T08:27:01,7.58,87.15,wallet
TRIP02976,USR0498,SC0066,Monterrey,2024-09-07T15:39:45,2024-09-07T16:13:45,2.7,$46.31,cash
TRIP04686,USR0472,SC0043,cdmx,2024-07-05T09:18:49,2024-07-05T10:41:49,5.6,65.4,debit_card
TRIP01375,USR0310,SC0193,Ciudad de Mexico,2025-04-07T07:07:53,2025-04-07T08:06:53,11.28,160.31,debit_card
TRIP01053,USR0177,SC0190,CDMX,2025-02-16T19:49:38,2025-02-16T20:39:38,14.54,162.09,qr_code
TRIP02474,USR0038,SC0010,cdmx,2024-10-08T08:01:51,2024-10-08T08:50:51,0.0,27.05,qr_code
TRIP00766,USR0423,SC0113,Monterrey,2024-04-03T16:17:51,2024-04-03T17:24:51,6.39,76.09,debit_card
TRIP04030,USR0007,SC0104,MTY,2024-09-17T06:04:37,2024-09-17T07:24:37,2.23,33.78,credit_card
TRIP03346,USR0476,SC0013,CDMX,2025-03-05T10:05:34,2025-03-05T10:39:34,0.82,17.02,cash
TRIP00798,USR0059,SC0064,MTY,2024-05-04T19:34:29,2024-05-04T20:44:29,4.54,55.8,wallet
TRIP00642,USR0370,SC0137,CDMX,2025-02-19T19:22:41,2025-02-19T19:46:41,8.09,105.02,qr_code
TRIP04053,USR0194,SC0011,Ciudad de Mexico,2025-04-09T19:24:03,2025-04-09T19:52:03,3.87,$72.70,wallet
TRIP02930,USR0177,SC0131,CDMX,2024-03-24T18:31:55,2024-03-24T19:50:55,8.91,$88.03,debit_card
TRIP01497,USR0180,SC0032,MTY,2024-11-27T12:48:19,2024-11-27T13:09:19,7.46,123.84,wallet
TRIP04343,USR0048,SC0021,GDL,2025-02-13T16:29:44,2025-02-13T17:37:44,6.23,106.95,cash
TRIP03973,USR0041,SC0056,Monterrey,2024-12-05T17:09:28,2024-12-05T18:19:28,2.44,43.67,cash
TRIP01934,USR0468,SC0158,Monterrey,2024-10-07T10:26:31,2024-10-07T11:22:31,1.53,28.39,credit_card
TRIP00717,,SC0034,Guadalajara,2024-09-05T11:09:36,2024-09-05T11:44:36,0.64,22.29,qr_code
TRIP00446,USR0273,SC0095,cdmx,2024-11-11T18:59:46,2024-11-11T19:15:46,12.06,174.25,wallet
TRIP00878,USR0094,SC0058,MTY,2024-11-06T14:39:24,2024-11-06T15:33:24,7.61,105.25,debit_card
TRIP02073,USR0145,SC0112,CDMX,2024-02-05T11:33:14,2024-02-05T12:52:14,8.25,109.88,credit_card
TRIP00885,USR0482,SC0088,Monterrey,2025-05-19T18:18:15,2025-05-19T18:25:15,4.18,73.79,credit_card
TRIP03531,USR0314,SC0082,cdmx,2025-05-02T08:19:03,2025-05-02T08:25:03,0.86,19.02,credit_card
TRIP04848,USR0327,SC0044,Ciudad de Mexico,2024-08-10T08:02:39,2024-08-10T08:58:39,12.54,133.23,qr_code
TRIP03812,USR0031,SC0148,Monterrey,2024-11-20T08:03:37,2024-11-20T08:59:37,0.88,15.67,qr_code
TRIP01839,USR0115,SC0113,MTY,2024-02-01T22:42:25,2024-02-01T23:26:25,9.58,140.19,cash
TRIP02887,USR0321,SC0078,CDMX,2025-06-04T07:03:08,2025-06-04T07:58:08,6.14,96.99,cash
TRIP02452,USR0499,SC0039,Guadalajara,2024-10-22T08:56:58,2024-10-22T09:48:58,5.06,67.47,cash
TRIP04399,USR0190,SC0163,cdmx,2024-09-08T08:09:52,2024-09-08T09:28:52,1.29,25.66,credit_card
TRIP00632,USR0383,SC0075,MTY,2024-11-07T09:43:29,2024-11-07T09:51:29,9.55,125.39,cash
TRIP04488,USR0125,SC0101,cdmx,2024-01-05T01:38:50,2024-01-05T03:03:50,12.09,121.11,cash
TRIP04132,USR0248,SC0171,Guadalajara,2025-02-18T11:51:54,2025-02-18T13:11:54,2.79,$42.69,debit_card
TRIP03651,USR0357,SC0245,CDMX,2025-04-04T13:04:23,2025-04-04T13:20:23,12.03,184.11,cash
TRIP01248,USR0023,SC0110,Guadalajara,2025-04-16T12:33:50,2025-04-16T13:06:50,5.64,79.74,credit_card
TRIP04729,USR0190,SC0117,Ciudad de Mexico,2024-06-06T07:20:41,2024-06-06T08:43:41,5.39,73.73,qr_code
TRIP02849,USR0128,SC0036,MTY,2024-11-25T16:35:26,2024-11-25T16:53:26,10.15,103.81,credit_card
TRIP04850,USR0499,SC0018,Monterrey,2024-04-09T06:56:11,2024-04-09T07:17:11,1.91,36.02,cash
TRIP01844,USR0188,SC0141,CDMX,2024-10-13T19:44:19,2024-10-13T20:59:19,8.07,88.19,debit_card
TRIP01997,USR0326,SC0118,Monterrey,2024-10-09T07:33:20,2024-10-09T08:51:20,3.68,51.64,debit_card
TRIP04255,USR0262,SC0169,Ciudad de Mexico,2025-04-14T16:17:58,2025-04-14T17:45:58,10.01,162.65,wallet
TRIP04421,USR0045,SC0083,MTY,2024-03-08T16:02:55,2024-03-08T17:31:55,1.69,$33.36,qr_code
TRIP01970,USR0450,SC0140,CDMX,2025-01-09T13:00:50,2025-01-09T13:13:50,7.58,113.59,cash
TRIP00894,USR0441,SC0243,Monterrey,2025-01-19T19:37:12,2025-01-19T20:28:12,6.02,98.65,credit_card
TRIP00762,USR0298,SC0022,Monterrey,2024-10-25T08:50:40,2024-10-25T09:38:40,7.71,87.2,qr_code
TRIP03392,USR0085,SC0188,Ciudad de Mexico,2024-11-06T18:34:05,2024-11-06T19:15:05,6.88,$80.62,qr_code
TRIP03861,USR0074,SC0159,cdmx,2024-04-19T19:02:15,2024-04-19T19:23:15,4.6,87.94,debit_card
TRIP01371,USR0365,SC0199,GDL,2024-05-08T17:26:28,2024-05-08T18:00:28,3.01,49.31,qr_code
TRIP01656,USR0414,SC0076,CDMX,2024-11-18T10:36:22,2024-11-18T11:33:22,3.85,37.28,wallet
TRIP04281,USR0333,SC0174,Monterrey,2025-03-22T18:24:41,2025-03-22T19:28:41,9.57,118.49,debit_card
TRIP01723,USR0359,SC0145,Ciudad de Mexico,2025-06-27T07:59:30,2025-06-27T09:09:30,14.94,211.09,qr_code
TRIP01937,USR0256,SC0098,MTY,2024-06-24T19:12:13,2024-06-24T20:37:13,13.43,173.84,credit_card
TRIP03945,USR0003,SC0066,Monterrey,2024-10-05T18:00:39,2024-10-05T19:25:39,12.09,175.5,qr_code
TRIP01220,USR0253,SC0144,Guadalajara,2024-08-11T06:56:46,2024-08-11T08:05:46,6.28,$107.01,wallet
TRIP03823,USR0164,SC0144,Guadalajara,2025-04-11T12:03:33,2025-04-11T12:22:33,10.37,120.88,cash
TRIP03766,USR0389,SC0179,CDMX,2024-08-31T09:25:19,2024-08-31T10:07:19,10.69,127.9,cash
TRIP00675,USR0119,SC0078,Ciudad de Mexico,2024-05-07T16:09:04,2024-05-07T16:57:04,1.09,23.95,wallet
TRIP00237,USR0241,SC0177,CDMX,2025-05-03T18:51:18,2025-05-03T20:12:18,0.0,49.89,qr_code
TRIP02680,USR0218,SC0193,Ciudad de Mexico,2025-04-18T14:10:11,2025-04-18T15:20:11,7.74,78.43,cash
TRIP03270,USR0057,SC0165,GDL,2025-01-07T06:06:40,2025-01-07T07:20:40,13.53,207.46,credit_card
TRIP00434,USR0023,SC0018,Monterrey,2024-11-30T16:39:13,2024-11-30T17:53:13,3.87,$43.68,cash
TRIP03681,USR0161,SC0039,GDL,2024-03-06T07:01:24,2024-03-06T08:29:24,13.2,212.47,cash
TRIP01353,USR0298,SC0172,Monterrey,2024-11-21T07:20:21,2024-11-21T08:44:21,6.79,118.18,credit_card
TRIP02827,USR0008,SC0097,Guadalajara,2024-02-19T19:44:15,2024-02-19T20:32:15,6.29,97.22,credit_card
TRIP02686,USR0499,SC0077,Guadalajara,2024-01-01T08:40:29,2024-01-01T10:06:29,1.63,29.06,credit_card
TRIP01583,USR0393,SC0049,Monterrey,2025-04-23T08:45:58,2025-04-23T08:44:58,7.7,90.67,cash
TRIP00107,USR0255,SC0198,cdmx,2025-04-25T09:13:23,2025-04-25T09:58:23,3.71,42.38,qr_code
TRIP04912,USR0107,SC0150,cdmx,2025-01-22T08:20:19,2025-01-22T09:14:19,9.38,144.26,wallet
TRIP03867,USR0271,SC0052,cdmx,2025-04-30T07:15:02,2025-04-30T07:46:02,9.33,120.66,credit_card
TRIP01898,USR0098,SC0089,cdmx,2024-02-20T10:48:47,2024-02-20T12:09:47,14.15,182.08,qr_code
TRIP03243,USR0322,SC0093,MTY,2024-06-17T14:42:07,2024-06-17T15:39:07,12.41,111.97,wallet
TRIP02527,USR0357,SC0108,cdmx,2025-06-17T18:49:12,2025-06-17T19:09:12,3.56,39.48,cash
TRIP00809,USR0128,SC0185,CDMX,2024-03-14T07:13:17,2024-03-14T07:32:17,10.9,155.73,debit_card
TRIP03874,USR0391,SC0182,Monterrey,2024-08-02T17:11:15,2024-08-02T18:03:15,10.35,$165.90,qr_code
TRIP04769,USR0453,SC0135,Ciudad de Mexico,2025-01-17T18:24:25,2025-01-17T19:13:25,14.67,216.89,credit_card
TRIP00569,USR0028,SC0107,Ciudad de Mexico,2025-05-12T08:08:53,2025-05-12T09:19:53,3.56,55.01,debit_card
TRIP04126,USR0032,SC0123,MTY,2024-03-23T18:04:26,2024-03-23T18:58:26,14.46,149.02,cash
TRIP02249,USR0164,SC0122,MTY,2025-05-02T09:40:01,2025-05-02T10:52:01,12.71,133.37,cash
TRIP01560,USR0176,SC0113,Monterrey,2024-04-14T19:15:29,2024-04-14T20:34:29,8.73,129.0,debit_card
TRIP03575,USR0334,SC0161,cdmx,2025-05-13T16:36:06,2025-05-13T17:37:06,14.68,125.69,qr_code
TRIP04351,USR0238,SC0147,MTY,2024-11-26T20:59:34,2024-11-26T22:16:34,9.17,138.16,debit_card
TRIP01101,USR0044,SC0169,CDMX,2024-12-03T18:51:19,2024-12-03T19:15:19,4.27,64.68,cash
TRIP00681,USR0413,SC0059,Ciudad de Mexico,2024-11-20T07:46:05,2024-11-20T09:12:05,9.77,137.93,wallet
TRIP02693,USR0150,SC0086,Ciudad de Mexico,2024-05-16T21:30:51,2024-05-16T21:55:51,9.3,147.14,debit_card
TRIP02990,USR0105,SC0016,MTY,2024-01-11T07:10:42,2024-01-11T08:26:42,11.88,159.17,credit_card
TRIP03421,USR0129,SC0058,MTY,2024-05-23T03:23:17,2024-05-23T04:08:17,1.76,31.54,wallet
TRIP01387,USR0050,SC0047,cdmx,2024-04-14T09:14:07,2024-04-14T10:35:07,6.61,105.16,cash
TRIP02299,USR0276,SC0023,Ciudad de Mexico,2024-09-03T00:07:20,2024-09-03T01:34:20,9.23,139.23,credit_card
TRIP01683,USR0409,SC0031,GDL,2024-01-31T01:27:27,2024-01-31T02:55:27,11.63,137.74,wallet
TRIP00637,USR0124,SC0125,Ciudad de Mexico,2025-05-27T18:53:21,2025-05-27T19:18:21,1.51,35.22,qr_code
TRIP00525,USR0338,SC0157,CDMX,2024-02-02T10:22:30,2024-02-02T11:45:30,0.0,61.74,credit_card
TRIP00499,USR0424,SC0039,GDL,2024-04-30T17:24:46,2024-04-30T17:32:46,1.28,24.91,qr_code
TRIP01658,USR0337,SC0012,Monterrey,2024-11-28T16:01:50,2024-11-28T17:20:50,10.88,141.82,cash
TRIP01425,USR0307,SC0155,Ciudad de Mexico,2024-03-23T07:56:20,2024-03-23T09:05:20,11.92,129.84,cash
TRIP04630,USR0494,SC0137,CDMX,2024-07-19T10:34:26,2024-07-19T10:43:26,11.44,100.83,qr_code
TRIP03517,USR0234,SC0103,Monterrey,2024-09-09T15:53:12,2024-09-09T17:02:12,8.04,78.55,debit_card
TRIP00243,USR0256,SC0160,CDMX,2024-03-02T17:44:34,2024-03-02T18:02:34,14.73,215.5,wallet
TRIP02422,USR0450,SC0088,Monterrey,2024-01-09T14:42:55,2024-01-09T15:02:55,7.92,$72.46,debit_card
TRIP02865,USR0135,SC0067,Ciudad de Mexico,2024-01-11T11:33:52,2024-01-11T12:41:52,11.83,181.21,wallet
TRIP04861,USR0482,SC0029,Guadalajara,2024-09-30T19:54:25,2024-09-30T20:45:25,10.25,139.73,debit_card
TRIP00022,USR0331,SC0093,Monterrey,2024-01-18T08:44:15,2024-01-18T09:28:15,8.53,108.72,cash
TRIP03258,USR0164,SC0110,Guadalajara,2024-11-27T16:21:07,2024-11-27T17:06:07,4.1,68.81,debit_card
TRIP00042,USR0240,SC0032,MTY,2025-01-09T11:16:34,2025-01-09T11:36:34,10.25,141.28,credit_card
TRIP01244,USR0034,SC0029,Guadalajara,2024-02-29T09:32:38,2024-02-29T10:57:38,8.47,110.99,debit_card
TRIP04125,USR0462,SC0138,MTY,2024-09-18T08:37:49,2024-09-18T09:45:49,3.7,37.33,wallet
TRIP04493,USR0214,SC0056,MTY,2024-11-20T13:31:05,2024-11-20T14:50:05,12.48,156.04,credit_card
TRIP00704,USR0126,SC0074,cdmx,2024-06-13T21:03:07,2024-06-13T21:16:07,9.47,106.02,debit_card
TRIP00758,USR0192,SC0157,Ciudad de Mexico,2024-05-10T21:32:56,2024-05-10T22:29:56,2.78,43.21,wallet
TRIP03811,USR0393,SC0095,CDMX,2024-06-27T09:29:07,2024-06-27T10:42:07,14.83,189.54,cash
TRIP01712,USR0232,SC0091,cdmx,2024-02-27T07:40:23,2024-02-27T08:14:23,3.23,37.61,credit_card
TRIP03952,USR0037,SC0011,cdmx,2024-08-01T17:47:37,2024-08-01T18:49:37,13.07,$170.15,wallet
TRIP04970,USR0088,SC0003,CDMX,2025-04-29T09:30:07,2025-04-29T09:41:07,11.9,136.06,cash
TRIP03544,,SC0107,cdmx,2024-10-17T14:51:14,2024-10-17T16:12:14,7.07,$117.19,debit_card
TRIP04484,USR0465,SC0058,Monterrey,2024-03-01T08:07:16,2024-03-01T08:14:16,13.59,183.75,wallet
TRIP01940,USR0211,SC0049,Monterrey,2024-10-03T07:44:56,2024-10-03T08:06:56,3.35,67.26,wallet
TRIP04143,USR0071,SC0059,Ciudad de Mexico,2025-04-25T11:33:58,2025-04-25T12:39:58,9.35,97.82,cash
TRIP01684,USR0425,SC0173,CDMX,2025-06-28T07:37:22,2025-06-28T09:00:22,3.85,49.48,wallet
TRIP01132,USR0496,SC0151,Guadalajara,2025-03-03T10:08:13,2025-03-03T11:20:13,7.39,80.25,cash
TRIP01641,USR0401,SC0100,Guadalajara,2024-08-26T13:23:30,2024-08-26T13:36:30,10.44,122.76,qr_code
TRIP01821,USR0466,SC0148,MTY,2024-11-05T14:56:57,2024-11-05T16:04:57,1.08,21.23,credit_card
TRIP01464,USR0333,SC0053,Ciudad de Mexico,2024-11-17T19:34:23,2024-11-17T20:26:23,11.74,172.33,wallet
TRIP02426,USR0138,SC0066,MTY,2024-03-31T07:49:47,2024-03-31T08:23:47,12.81,159.52,qr_code
TRIP01729,USR0267,SC0197,Monterrey,2025-03-19T07:16:11,2025-03-19T07:36:11,3.91,52.86,credit_card
TRIP03307,,SC0137,Ciudad de Mexico,2024-10-25T07:47:14,2024-10-25T08:25:14,6.53,108.35,debit_card
TRIP03316,USR0225,SC0129,Guadalajara,2024-12-12T18:24:51,2024-12-12T18:34:51,9.87,140.03,debit_card
TRIP03960,USR0139,SC0018,MTY,2024-08-27T12:57:10,2024-08-27T13:58:10,6.91,99.38,debit_card
TRIP04088,USR0088,SC0053,Ciudad de Mexico,2024-10-23T20:10:09,2024-10-23T21:14:09,0.54,19.33,wallet
TRIP03859,USR0478,SC0013,cdmx,2024-02-27T18:43:38,2024-02-27T20:03:38,1.5,$29.43,qr_code
TRIP00846,USR0073,SC0112,CDMX,2025-02-17T21:03:26,2025-02-17T22:27:26,7.36,86.15,credit_card
TRIP02685,USR0171,SC0073,GDL,2024-12-23T14:10:08,2024-12-23T15:22:08,6.52,81.08,qr_code
TRIP00019,USR0290,SC0115,Guadalajara,2025-01-14T17:00:54,2025-01-14T17:58:54,14.43,197.07,wallet
TRIP03885,USR0070,SC0101,cdmx,2024-04-22T17:48:53,2024-04-22T18:23:53,11.95,183.27,wallet
TRIP02589,USR0484,SC0082,Ciudad de Mexico,2024-11-05T18:34:36,2024-11-05T18:57:36,6.27,87.38,cash
TRIP00013,USR0369,SC0092,MTY,2025-04-01T18:30:28,2025-04-01T19:08:28,4.52,73.03,wallet
TRIP02543,USR0329,SC0113,MTY,2024-08-24T10:28:31,2024-08-24T10:55:31,7.61,105.05,credit_card
TRIP04801,USR0455,SC0174,Monterrey,2024-03-20T10:06:50,2024-03-20T11:24:50,11.8,166.58,credit_card
TRIP03368,USR0354,SC0015,Monterrey,2024-11-23T07:07:32,2024-11-23T08:05:32,6.74,80.74,wallet
TRIP03194,USR0454,SC0169,CDMX,2024-09-02T07:01:25,2024-09-02T07:53:25,1.55,34.32,wallet
TRIP01056,USR0404,SC0027,CDMX,2024-05-20T12:11:11,2024-05-20T12:39:11,0.0,38.87,cash
TRIP00763,USR0311,SC0028,cdmx,2025-02-06T08:59:16,2025-02-06T10:07:16,8.96,102.57,credit_card
TRIP01124,USR0356,SC0141,CDMX,2024-08-15T09:54:18,2024-08-15T11:03:18,4.87,53.99,credit_card
TRIP03497,USR0240,SC0050,Ciudad de Mexico,2024-09-09T12:37:06,2024-09-09T13:18:06,13.71,$216.98,cash
TRIP03804,USR0038,SC0194,GDL,2024-04-03T16:34:41,2024-04-03T18:00:41,2.01,40.33,qr_code
TRIP00568,USR0040,SC0143,CDMX,2024-07-29T18:22:57,2024-07-29T18:55:57,5.82,87.06,cash
TRIP02687,USR0041,SC0171,Guadalajara,2024-06-06T10:39:17,2024-06-06T11:04:17,8.41,137.6,qr_code
TRIP03455,USR0350,SC0165,GDL,2025-01-10T19:14:16,2025-01-10T20:15:16,14.07,$192.83,wallet
TRIP04596,USR0232,SC0186,Ciudad de Mexico,2024-08-29T18:49:55,2024-08-29T19:43:55,2.09,39.72,qr_code
TRIP02055,USR0450,SC0155,Ciudad de Mexico,2024-12-08T19:11:29,2024-12-08T19:41:29,12.2,140.84,qr_code
TRIP03543,USR0420,SC0065,GDL,2024-05-09T18:02:51,2024-05-09T18:57:51,13.13,172.35,debit_card
TRIP03280,USR0169,SC0047,CDMX,2024-11-26T15:50:18,2024-11-26T16:41:18,7.31,92.95,credit_card
TRIP01469,USR0395,SC0121,Monterrey,2025-03-10T17:22:12,2025-03-10T18:21:12,13.25,195.34,credit_card
TRIP01128,USR0344,SC0125,Ciudad de Mexico,2024-06-13T11:09:18,2024-06-13T11:51:18,14.87,210.63,debit_card
TRIP01993,USR0252,SC0050,Ciudad de Mexico,2025-02-21T05:16:25,2025-02-21T06:18:25,6.19,86.05,cash
TRIP04641,,SC0070,Ciudad de Mexico,2024-08-09T18:43:40,2024-08-09T19:19:40,0.86,15.54,credit_card
TRIP02837,USR0200,SC0024,cdmx,2024-12-09T18:07:05,2024-12-09T18:27:05,0.76,23.72,qr_code
TRIP04927,USR0400,SC0018,MTY,2024-01-03T10:22:33,2024-01-03T11:34:33,2.65,40.26,qr_code
TRIP00687,USR0179,SC0166,Ciudad de Mexico,2025-03-24T12:10:01,2025-03-24T13:26:01,13.49,$168.52,cash
TRIP03074,USR0481,SC0198,cdmx,2024-02-09T13:41:09,2024-02-09T13:54:09,0.0,80.66,credit_card
TRIP04027,USR0077,SC0125,Ciudad de Mexico,2024-08-29T21:33:27,2024-08-29T21:57:27,1.72,28.51,credit_card
TRIP01224,USR0307,SC0055,MTY,2025-06-02T16:39:56,2025-06-02T17:24:56,4.59,74.21,wallet
TRIP02941,USR0337,SC0166,Ciudad de Mexico,2025-05-13T17:54:20,2025-05-13T18:07:20,5.52,88.88,credit_card
TRIP02333,USR0289,SC0037,GDL,2025-06-25T10:33:54,2025-06-25T11:04:54,13.29,$195.50,wallet
TRIP03050,USR0250,SC0195,cdmx,2024-04-12T07:59:04,2024-04-12T08:04:04,3.47,53.15,credit_card
TRIP00372,USR0283,SC0006,MTY,2025-06-09T12:06:29,2025-06-09T13:35:29,5.65,$84.89,wallet
TRIP04590,USR0222,SC0186,CDMX,2024-05-14T14:16:26,2024-05-14T15:37:26,7.31,86.65,cash
TRIP00734,USR0230,SC0158,Monterrey,2024-09-24T06:43:35,2024-09-24T06:51:35,3.77,39.56,debit_card
TRIP02747,USR0331,SC0080,Ciudad de Mexico,2024-03-07T16:19:32,2024-03-07T17:23:32,9.31,107.28,cash
TRIP03656,USR0396,SC0028,Ciudad de Mexico,2024-03-12T06:34:52,2024-03-12T07:05:52,1.69,33.55,credit_card
TRIP02653,USR0246,SC0181,Monterrey,2024-05-01T07:57:10,2024-05-01T08:48:10,14.17,$170.18,debit_card
TRIP02076,USR0390,SC0168,Monterrey,2025-03-20T12:58:05,2025-03-20T13:31:05,10.92,156.92,debit_card
TRIP01331,USR0287,SC0052,Ciudad de Mexico,2025-03-22T10:59:24,2025-03-22T11:58:24,6.62,70.48,wallet
TRIP02895,USR0176,SC0084,Guadalajara,2024-02-25T18:22:34,2024-02-25T18:34:34,11.77,138.9,cash
TRIP00488,USR0324,SC0075,Monterrey,2024-11-28T17:35:16,2024-11-28T17:57:16,5.21,61.01,debit_card
TRIP04762,USR0404,SC0146,cdmx,2024-11-29T16:23:41,2024-11-29T16:55:41,10.4,122.95,credit_card
TRIP03062,USR0471,SC0163,CDMX,2024-12-25T18:12:40,2024-12-25T18:55:40,9.93,112.67,wallet
TRIP01907,USR0453,SC0083,MTY,2025-01-13T07:10:35,2025-01-13T08:39:35,0.9,26.07,debit_card
TRIP04530,USR0321,SC0093,Monterrey,2024-05-20T14:37:25,2024-05-20T15:31:25,13.35,136.39,credit_card
TRIP02105,USR0120,SC0013,CDMX,2025-02-20T08:56:50,2025-02-20T09:25:50,14.2,163.39,qr_code
TRIP02669,USR0329,SC0063,MTY,2025-05-12T06:13:52,2025-05-12T06:41:52,5.96,$71.38,cash
TRIP03153,USR0108,SC0149,cdmx,2025-04-12T18:20:19,2025-04-12T19:24:19,2.43,42.11,debit_card
TRIP00667,USR0043,SC0129,Guadalajara,2024-10-16T07:14:16,2024-10-16T07:42:16,10.8,135.2,cash
TRIP04428,USR0344,SC0153,CDMX,2025-05-07T20:23:55,2025-05-07T21:00:55,8.24,92.4,cash
TRIP01011,USR0212,SC0049,MTY,2024-03-15T09:07:25,2024-03-15T10:24:25,11.42,126.33,cash
TRIP03328,USR0358,SC0142,MTY,2025-04-27T18:51:23,2025-04-27T19:49:23,0.72,13.56,qr_code
TRIP02045,,SC0126,cdmx,2024-10-23T17:16:03,2024-10-23T17:41:03,1.35,$21.59,wallet
TRIP04196,USR0371,SC0116,GDL,2025-04-19T17:34:51,2025-04-19T17:48:51,0.7,19.48,credit_card
TRIP04364,USR0251,SC0006,Monterrey,2024-01-16T20:32:04,2024-01-16T21:01:04,13.55,123.96,qr_code
TRIP02688,USR0308,SC0124,MTY,2025-01-08T19:52:47,2025-01-08T21:14:47,2.25,36.6,qr_code
TRIP03234,USR0170,SC0136,cdmx,2024-05-01T18:34:14,2024-05-01T19:26:14,8.1,$126.34,credit_card
TRIP02665,USR0270,SC0094,Ciudad de Mexico,2024-08-17T09:40:35,2024-08-17T10:42:35,8.83,134.02,cash
TRIP03477,USR0076,SC0165,GDL,2025-05-29T15:12:07,2025-05-29T16:32:07,5.28,61.76,qr_code
TRIP02947,USR0042,SC0021,Guadalajara,2024-08-11T16:33:07,2024-08-11T17:37:07,14.49,143.48,credit_card
TRIP04014,USR0163,SC0019,GDL,2024-11-17T14:54:33,2024-11-17T15:06:33,5.62,75.15,credit_card
TRIP03563,USR0089,SC0010,CDMX,2024-10-21T10:56:20,2024-10-21T11:21:20,1.4,32.24,wallet
TRIP00703,USR0175,SC0068,CDMX,2024-06-28T08:41:03,2024-06-28T09:36:03,7.83,89.39,wallet
TRIP02629,USR0292,SC0098,MTY,2025-03-29T09:45:23,2025-03-29T10:29:23,2.25,26.83,wallet
TRIP04287,USR0464,SC0029,GDL,2025-04-14T21:35:21,2025-04-14T22:23:21,2.3,37.53,wallet
TRIP01385,USR0124,SC0083,Monterrey,2024-04-19T11:53:24,2024-04-19T12:54:24,5.9,79.5,qr_code
TRIP02170,USR0026,SC0139,MTY,2024-12-03T19:41:51,2024-12-03T19:46:51,5.7,94.71,qr_code
TRIP04475,USR0065,SC0184,cdmx,2025-03-01T13:01:42,2025-03-01T14:27:42,8.68,134.02,wallet
TRIP01351,USR0278,SC0053,CDMX,2025-03-18T20:42:22,2025-03-18T20:50:22,13.25,185.98,debit_card
TRIP02200,USR0140,SC0045,Ciudad de Mexico,2025-03-12T04:26:59,2025-03-12T05:25:59,11.93,123.06,cash
TRIP04916,USR0145,SC0016,MTY,2024-10-28T18:55:02,2024-10-28T19:39:02,12.4,176.63,wallet
TRIP04572,USR0423,SC0028,CDMX,2024-05-17T18:57:41,2024-05-17T20:23:41,11.7,124.39,debit_card
TRIP04566,USR0436,SC0114,cdmx,2024-06-15T10:49:31,2024-06-15T11:47:31,13.91,179.14,credit_card
TRIP04226,USR0040,SC0103,MTY,2024-01-29T11:37:24,2024-01-29T12:43:24,10.75,150.52,credit_card
TRIP04722,USR0020,SC0098,Monterrey,2024-11-03T08:05:33,2024-11-03T09:07:33,8.03,126.41,debit_card
TRIP01859,USR0397,SC0035,CDMX,2025-01-15T19:47:43,2025-01-15T21:06:43,9.16,142.07,debit_card
TRIP04643,USR0045,SC0195,Ciudad de Mexico,2025-04-12T08:22:35,2025-04-12T09:25:35,7.73,93.94,debit_card
TRIP01894,USR0146,SC0140,Ciudad de Mexico,2025-04-13T13:46:53,2025-04-13T15:08:53,12.28,113.4,wallet
TRIP00451,USR0144,SC0189,CDMX,2024-09-11T16:42:55,2024-09-11T17:47:55,0.55,25.99,cash
TRIP02164,USR0043,SC0022,Monterrey,2025-06-14T11:36:44,2025-06-14T12:38:44,9.49,92.48,cash
TRIP04659,USR0392,SC0043,Ciudad de Mexico,2025-05-30T17:32:58,2025-05-30T18:12:58,10.49,128.95,credit_card
TRIP04969,USR0418,SC0172,MTY,2025-04-12T16:20:39,2025-04-12T17:21:39,6.49,$85.43,cash
TRIP02173,USR0286,SC0067,CDMX,2025-04-30T18:48:46,2025-04-30T20:06:46,12.59,127.8,cash
TRIP01121,USR0345,SC0145,cdmx,2025-04-21T13:00:10,2025-04-21T14:28:10,3.32,52.61,debit_card
TRIP01811,USR0197,SC0172,Monterrey,2024-02-21T18:15:59,2024-02-21T19:33:59,1.25,31.67,debit_card
TRIP03522,USR0444,SC0170,cdmx,2024-05-19T08:59:04,2024-05-19T10:23:04,5.99,103.43,credit_card
TRIP00241,USR0366,SC0134,Guadalajara,2024-09-10T05:29:47,2024-09-10T05:46:47,7.36,103.67,credit_card
TRIP04553,,SC0006,MTY,2025-01-18T07:28:42,2025-01-18T08:14:42,10.52,120.87,wallet
TRIP02508,USR0460,SC0012,MTY,2024-06-07T17:50:12,2024-06-07T18:37:12,6.69,72.24,qr_code
TRIP03798,USR0454,SC0012,Monterrey,2024-09-26T15:58:29,2024-09-26T16:46:29,7.5,112.25,cash
TRIP01990,USR0289,SC0154,Monterrey,2024-07-11T02:07:37,2024-07-11T02:48:37,0.95,23.57,debit_card
TRIP00227,USR0124,SC0052,CDMX,2024-08-22T08:39:22,2024-08-22T09:03:22,1.64,$36.48,qr_code
TRIP01705,USR0408,SC0181,MTY,2024-03-18T13:06:16,2024-03-18T13:15:16,3.92,52.9,cash
TRIP00091,USR0123,SC0170,Ciudad de Mexico,2025-06-27T08:06:26,2025-06-27T08:53:26,11.68,107.12,wallet
TRIP00056,USR0294,SC0200,GDL,2025-03-03T11:20:10,2025-03-03T12:44:10,5.75,70.17,wallet
TRIP03241,USR0010,SC0056,Monterrey,2025-05-13T16:19:47,2025-05-13T17:11:47,4.94,66.73,cash
TRIP00193,USR0423,SC0111,GDL,2024-05-06T12:42:37,2024-05-06T13:51:37,8.19,87.33,wallet
TRIP02182,USR0245,SC0091,Ciudad de Mexico,2024-11-24T12:21:53,2024-11-24T12:43:53,5.36,87.08,wallet
TRIP03327,USR0388,SC0155,Ciudad de Mexico,2024-08-16T18:51:39,2024-08-16T19:45:39,13.15,138.82,credit_card
TRIP02983,USR0392,SC0193,cdmx,2024-08-27T03:40:10,2024-08-27T04:48:10,13.49,131.86,cash
TRIP03094,USR0256,SC0101,Ciudad de Mexico,2024-05-29T08:08:25,2024-05-29T08:47:25,6.03,70.61,qr_code
TRIP03951,USR0073,SC0124,MTY,2024-06-21T18:54:53,2024-06-21T20:02:53,13.78,213.52,wallet
TRIP03329,USR0094,SC0156,cdmx,2024-04-26T08:41:26,2024-04-26T09:23:26,8.04,126.88,qr_code
TRIP03341,USR0200,SC0117,Ciudad de Mexico,2025-03-03T08:18:05,2025-03-03T08:23:05,14.16,185.55,debit_card
TRIP04128,USR0286,SC0134,GDL,2024-04-25T08:17:59,2024-04-25T09:30:59,5.94,98.07,credit_card
TRIP03235,USR0312,SC0197,Monterrey,2025-05-06T23:26:37,2025-05-06T23:56:37,1.79,44.72,credit_card
TRIP01269,USR0053,SC0068,cdmx,2024-05-25T22:25:27,2024-05-25T23:01:27,2.54,$29.78,cash
TRIP02590,USR0089,SC0078,Ciudad de Mexico,2024-12-20T17:26:36,2024-12-20T17:43:36,7.96,84.58,cash
TRIP00358,USR0366,SC0167,CDMX,2024-05-13T17:50:20,2024-05-13T18:52:20,4.28,72.24,debit_card
TRIP02824,USR0374,SC0097,Guadalajara,2024-05-11T19:34:13,2024-05-11T20:46:13,3.9,50.76,wallet
TRIP00119,USR0419,SC0075,MTY,2024-04-26T08:34:11,2024-04-26T09:49:11,14.17,151.12,credit_card
TRIP04409,USR0417,SC0118,MTY,2024-07-29T19:51:29,2024-07-29T20:44:29,3.02,42.82,credit_card
TRIP01561,USR0133,SC0171,GDL,2024-09-11T18:27:49,2024-09-11T19:41:49,14.59,138.22,debit_card
TRIP04070,USR0115,SC0185,Ciudad de Mexico,2024-04-10T09:35:10,2024-04-10T11:01:10,1.43,34.16,cash
TRIP03233,USR0341,SC0141,CDMX,2024-11-28T10:53:40,2024-11-28T12:14:40,6.25,66.67,cash
TRIP02571,USR0399,SC0046,CDMX,2024-10-07T09:20:51,2024-10-07T09:02:51,13.41,195.44,wallet
TRIP04476,USR0341,SC0222,Guadalajara,2024-05-24T06:23:53,2024-05-24T06:57:53,14.64,232.43,debit_card
TRIP03286,USR0285,SC0005,Monterrey,2025-06-19T18:21:28,2025-06-19T18:59:28,2.25,37.36,wallet
TRIP02558,USR0225,SC0124,MTY,2025-03-28T19:40:40,2025-03-28T20:32:40,14.87,134.31,cash
TRIP01797,USR0326,SC0156,cdmx,2024-04-24T18:09:02,2024-04-24T18:59:02,2.24,32.15,qr_code
TRIP02631,USR0398,SC0155,Ciudad de Mexico,2025-01-08T07:29:47,2025-01-08T07:41:47,12.77,192.61,credit_card
TRIP03180,USR0404,SC0134,GDL,2024-06-25T06:40:11,2024-06-25T06:30:11,1.99,30.31,debit_card
TRIP01530,USR0241,SC0127,CDMX,2024-09-04T08:24:31,2024-09-04T09:40:31,2.83,41.44,debit_card
TRIP02831,USR0477,SC0134,Guadalajara,2025-03-05T18:14:15,2025-03-05T18:54:15,2.01,36.2,credit_card
TRIP02351,USR0222,SC0173,Ciudad de Mexico,2024-06-12T06:44:24,2024-06-12T07:52:24,8.85,$100.26,credit_card
TRIP01833,USR0488,SC0023,cdmx,2024-05-12T07:04:45,2024-05-12T07:41:45,1.16,$33.07,qr_code
TRIP04066,USR0078,SC0007,Guadalajara,2025-02-12T21:07:39,2025-02-12T20:54:39,8.59,138.06,qr_code
TRIP01577,USR0011,SC0066,Monterrey,2025-06-03T18:30:07,2025-06-03T19:44:07,12.82,148.85,debit_card
TRIP03846,USR0078,SC0012,MTY,2025-02-17T15:54:44,2025-02-17T16:45:44,5.83,80.88,wallet
TRIP04875,USR0211,SC0197,MTY,2025-05-07T14:24:15,2025-05-07T15:43:15,4.52,47.04,qr_code
TRIP04777,USR0336,SC0038,MTY,2024-03-26T16:43:22,2024-03-26T16:55:22,7.95,102.92,qr_code
TRIP04227,USR0081,SC0167,CDMX,2025-05-21T19:03:50,2025-05-21T19:52:50,4.71,66.1,wallet
TRIP02521,USR0083,SC0100,Guadalajara,2025-02-17T18:38:04,2025-02-17T19:20:04,5.69,86.04,credit_card
TRIP02235,USR0042,SC0114,CDMX,2025-06-06T18:49:22,2025-06-06T18:55:22,14.76,197.76,cash
TRIP02491,USR0167,SC0110,Guadalajara,2024-09-11T17:31:18,2024-09-11T18:01:18,0.52,10.39,credit_card
TRIP04782,USR0381,SC0179,Ciudad de Mexico,2024-05-14T11:13:03,2024-05-14T10:43:03,3.95,53.37,wallet
TRIP00496,USR0076,SC0128,Guadalajara,2025-04-02T18:30:52,2025-04-02T18:43:52,11.04,109.35,wallet
TRIP03742,USR0198,SC0067,Ciudad de Mexico,2025-04-02T21:07:11,2025-04-02T21:12:11,14.78,185.91,cash
TRIP04100,USR0104,SC0097,Guadalajara,2024-07-11T07:49:56,2024-07-11T08:02:56,13.23,$119.96,credit_card
TRIP04561,USR0325,SC0084,GDL,2024-12-27T18:49:04,2024-12-27T20:01:04,8.43,137.91,cash
TRIP04547,USR0101,SC0107,cdmx,2024-07-29T19:07:19,2024-07-29T20:11:19,12.74,164.19,wallet
TRIP00085,USR0407,SC0146,CDMX,2024-07-22T11:02:02,2024-07-22T11:11:02,7.37,96.63,cash
TRIP00659,USR0076,SC0065,Guadalajara,2024-04-13T16:54:02,2024-04-13T17:15:02,5.25,62.04,cash
TRIP04895,USR0004,SC0095,Ciudad de Mexico,2024-06-02T07:03:09,2024-06-02T07:44:09,3.11,45.51,qr_code
TRIP00466,USR0340,SC0049,Monterrey,2024-02-07T09:53:13,2024-02-07T10:15:13,5.71,$65.15,cash
TRIP04611,,SC0015,Monterrey,2025-03-31T00:03:16,2025-03-31T01:20:16,4.16,73.19,wallet
TRIP03560,USR0453,SC0148,Monterrey,2025-03-13T09:51:51,2025-03-13T10:44:51,5.23,78.97,wallet
TRIP01321,USR0393,SC0134,Guadalajara,2025-03-03T08:14:47,2025-03-03T08:59:47,8.97,100.56,debit_card
TRIP01099,USR0421,SC0176,Ciudad de Mexico,2025-05-21T12:53:37,2025-05-21T14:06:37,7.17,$98.99,cash
TRIP00715,USR0389,SC0169,cdmx,2024-03-23T05:55:59,2024-03-23T05:36:59,6.02,$96.98,cash
TRIP01978,,SC0127,CDMX,2024-10-15T20:49:00,2024-10-15T21:08:00,2.06,38.78,wallet
TRIP01972,USR0114,SC0001,Monterrey,2025-05-14T07:43:47,2025-05-14T07:59:47,7.48,116.3,debit_card
TRIP01416,USR0089,SC0197,MTY,2024-11-04T18:40:26,2024-11-04T19:16:26,4.05,71.52,wallet
TRIP04784,USR0400,SC0036,MTY,2025-01-31T13:15:58,2025-01-31T14:29:58,7.91,120.14,cash
TRIP02087,USR0294,SC0197,Monterrey,2025-03-27T17:16:14,2025-03-27T18:35:14,5.12,81.08,wallet
TRIP01638,USR0014,SC0162,MTY,2024-05-24T06:52:46,2024-05-24T07:43:46,10.99,102.49,cash
TRIP00154,USR0164,SC0008,cdmx,2024-10-14T23:33:22,2024-10-15T00:52:22,1.95,33.56,credit_card
TRIP01268,USR0028,SC0135,CDMX,2025-03-18T22:44:21,2025-03-18T22:51:21,2.5,31.48,debit_card
TRIP00469,USR0114,SC0026,cdmx,2024-05-06T18:19:37,2024-05-06T19:26:37,8.8,$96.84,credit_card
TRIP04173,USR0151,SC0039,GDL,2024-05-02T10:47:44,2024-05-02T12:00:44,11.83,150.15,wallet
TRIP03495,USR0328,SC0047,CDMX,2024-02-22T20:05:04,2024-02-22T21:27:04,5.16,59.35,credit_card
TRIP03941,USR0227,SC0096,CDMX,2025-01-06T17:31:57,2025-01-06T19:01:57,5.4,74.33,cash
TRIP03459,USR0213,SC0077,GDL,2024-12-09T11:25:29,2024-12-09T11:57:29,3.67,39.54,debit_card
TRIP02916,USR0159,SC0054,Guadalajara,2024-10-09T12:49:37,2024-10-09T13:02:37,5.52,50.37,cash
TRIP00298,USR0269,SC0134,Guadalajara,2024-12-25T09:12:02,2024-12-25T09:20:02,9.12,138.28,credit_card
TRIP04043,USR0011,SC0041,MTY,2024-06-20T19:50:06,2024-06-20T20:09:06,9.41,108.18,qr_code
TRIP04496,USR0138,SC0035,cdmx,2024-10-23T08:16:11,2024-10-23T09:28:11,7.97,87.37,credit_card
TRIP04453,USR0292,SC0025,GDL,2024-05-30T11:31:12,2024-05-30T13:00:12,2.86,48.61,wallet
TRIP01812,USR0391,SC0186,CDMX,2024-06-30T08:18:40,2024-06-30T08:36:40,6.05,64.27,credit_card
TRIP02681,USR0297,SC0088,Monterrey,2025-03-23T11:40:10,2025-03-23T13:02:10,5.02,67.64,credit_card
TRIP04229,USR0195,SC0031,GDL,2024-03-29T08:01:40,2024-03-29T08:46:40,6.65,106.47,qr_code
TRIP00233,USR0435,SC0020,Ciudad de Mexico,2024-06-14T09:41:18,2024-06-14T10:20:18,13.37,199.13,qr_code
TRIP01557,USR0346,SC0029,GDL,2024-03-03T09:07:31,2024-03-03T10:11:31,14.88,227.29,wallet
TRIP00437,USR0316,SC0022,Monterrey,2024-11-12T12:15:39,2024-11-12T12:30:39,4.8,$51.56,qr_code
TRIP01686,USR0223,SC0138,MTY,2025-01-11T13:32:31,2025-01-11T14:04:31,12.86,111.49,wallet
TRIP04739,USR0324,SC0106,Monterrey,2024-09-05T13:13:00,2024-09-05T14:15:00,2.77,54.74,wallet
TRIP01067,USR0361,SC0196,GDL,2024-10-24T08:18:24,2024-10-24T08:58:24,7.99,117.64,qr_code
TRIP04750,USR0110,SC0112,Ciudad de Mexico,2024-05-27T19:09:16,2024-05-27T19:15:16,2.03,40.26,credit_card
TRIP02033,USR0081,SC0136,cdmx,2024-08-13T21:48:22,2024-08-13T22:23:22,10.62,153.72,cash
TRIP02708,,SC0069,cdmx,2024-07-19T14:32:54,2024-07-19T15:03:54,6.12,67.49,debit_card
TRIP03207,USR0030,SC0054,GDL,2024-04-30T07:24:52,2024-04-30T07:52:52,14.44,216.3,qr_code
TRIP04199,USR0254,SC0129,Guadalajara,2024-09-16T07:45:58,2024-09-16T08:51:58,7.31,92.17,wallet
TRIP02397,USR0195,SC0129,GDL,2024-03-03T21:15:31,2024-03-03T22:18:31,2.89,$41.44,wallet
TRIP04854,USR0141,SC0094,Ciudad de Mexico,2025-05-15T08:04:19,2025-05-15T09:19:19,0.57,24.43,debit_card
TRIP03409,USR0498,SC0028,Ciudad de Mexico,2025-05-21T05:08:06,2025-05-21T05:47:06,1.73,29.9,qr_code
TRIP03645,USR0298,SC0054,Guadalajara,2024-06-07T18:05:30,2024-06-07T19:10:30,3.28,56.44,cash
TRIP04549,USR0205,SC0042,cdmx,2025-03-10T09:47:17,2025-03-10T10:32:17,14.04,148.42,qr_code
TRIP03528,USR0320,SC0175,Guadalajara,2024-08-15T15:44:21,2024-08-15T17:06:21,8.18,133.1,cash
TRIP02796,USR0435,SC0062,MTY,2024-09-16T08:39:59,2024-09-16T09:35:59,4.71,49.58,wallet
TRIP02169,USR0093,SC0024,cdmx,2024-11-12T01:16:11,2024-11-12T01:25:11,7.48,80.44,qr_code
TRIP00133,USR0166,SC0111,Guadalajara,2024-05-13T13:21:57,2024-05-13T13:32:57,12.63,121.42,wallet
TRIP03901,USR0057,SC0034,Guadalajara,2024-11-07T15:00:16,2024-11-07T15:46:16,6.8,86.69,debit_card
TRIP03263,USR0154,SC0018,MTY,2024-05-06T10:48:36,2024-05-06T11:59:36,14.17,186.82,debit_card
TRIP04859,USR0070,SC0181,MTY,2025-06-25T12:08:12,2025-06-25T12:48:12,6.08,68.19,qr_code
TRIP01784,USR0090,SC0105,cdmx,2024-03-29T21:21:32,2024-03-29T21:28:32,7.08,80.33,debit_card
TRIP04269,USR0395,SC0034,Guadalajara,2024-09-17T09:53:16,2024-09-17T10:50:16,8.92,93.97,debit_card
TRIP03369,USR0396,SC0143,CDMX,2025-04-18T08:42:20,2025-04-18T09:57:20,6.42,80.98,credit_card
TRIP02841,USR0159,SC0169,cdmx,2024-01-17T09:56:21,2024-01-17T10:56:21,0.0,86.73,wallet
TRIP03588,USR0253,SC0015,MTY,2025-04-10T12:20:14,2025-04-10T13:43:14,4.26,46.75,wallet
TRIP00807,,SC0070,cdmx,2024-07-11T08:27:13,2024-07-11T09:50:13,8.15,95.91,qr_code
TRIP00783,USR0442,SC0043,Ciudad de Mexico,2024-09-11T07:06:44,2024-09-11T08:20:44,6.3,84.87,qr_code
TRIP04707,USR0110,SC0001,Monterrey,2024-06-05T09:58:32,2024-06-05T10:19:32,8.81,123.79,credit_card
TRIP04858,,SC0157,cdmx,2024-08-08T17:09:29,2024-08-08T17:22:29,13.98,200.13,cash
TRIP00459,USR0357,SC0178,Ciudad de Mexico,2025-02-07T09:50:37,2025-02-07T10:01:37,7.13,72.27,cash
TRIP02266,USR0287,SC0047,Ciudad de Mexico,2025-06-04T15:04:24,2025-06-04T16:30:24,7.79,98.01,wallet
TRIP00539,USR0333,SC0109,cdmx,2024-07-17T11:38:17,2024-07-17T12:50:17,2.08,26.1,credit_card
TRIP00983,USR0342,SC0175,Guadalajara,2024-08-29T09:12:52,2024-08-29T09:21:52,1.64,40.42,wallet
TRIP04186,USR0364,SC0127,Ciudad de Mexico,2025-03-16T09:03:19,2025-03-16T09:41:19,10.47,$160.47,wallet
TRIP00976,USR0025,SC0083,MTY,2024-07-20T22:03:22,2024-07-20T23:24:22,7.13,$93.35,qr_code
TRIP01752,USR0030,SC0038,MTY,2024-04-30T15:52:32,2024-04-30T16:28:32,12.15,$135.09,wallet
TRIP01433,USR0092,SC0052,cdmx,2024-04-09T09:48:36,2024-04-09T10:04:36,1.1,17.17,cash
TRIP02103,USR0427,SC0085,Ciudad de Mexico,2025-01-17T19:34:54,2025-01-17T20:07:54,9.12,$119.20,qr_code
TRIP02072,USR0067,SC0035,CDMX,2025-05-19T18:29:29,2025-05-19T19:06:29,1.19,32.68,cash
TRIP02038,USR0036,SC0069,CDMX,2024-12-05T15:45:26,2024-12-05T16:47:26,2.61,39.02,credit_card
TRIP03707,USR0304,SC0024,CDMX,2025-05-19T13:50:21,2025-05-19T14:53:21,6.99,73.36,wallet
TRIP04466,USR0496,SC0135,CDMX,2024-05-04T17:12:54,2024-05-04T18:01:54,7.65,90.58,credit_card
TRIP04472,USR0460,SC0064,MTY,2024-03-28T18:21:44,2024-03-28T19:32:44,11.53,151.16,credit_card
TRIP04137,USR0017,SC0191,cdmx,2025-04-17T18:45:40,2025-04-17T19:23:40,11.7,130.89,credit_card
TRIP00691,USR0011,SC0013,CDMX,2024-03-01T07:00:33,2024-03-01T06:47:33,12.1,$155.54,debit_card
TRIP03792,USR0206,SC0125,cdmx,2024-09-20T08:45:39,2024-09-20T09:25:39,6.98,119.21,credit_card
TRIP03938,USR0196,SC0150,cdmx,2024-02-26T17:11:04,2024-02-26T18:31:04,6.24,74.81,cash
TRIP00578,USR0299,SC0152,Monterrey,2025-03-04T07:56:33,2025-03-04T08:07:33,8.04,90.08,debit_card
TRIP02544,USR0470,SC0115,GDL,2025-04-16T15:47:53,2025-04-16T16:02:53,8.5,119.05,debit_card
TRIP00295,USR0176,SC0043,Ciudad de Mexico,2024-06-20T18:22:03,2024-06-20T19:49:03,1.26,26.32,qr_code
TRIP01076,USR0149,SC0173,CDMX,2025-04-12T07:38:26,2025-04-12T09:06:26,0.0,93.13,qr_code
TRIP01780,USR0211,SC0040,MTY,2024-05-11T15:00:25,2024-05-11T15:10:25,7.83,131.89,credit_card
TRIP04755,USR0102,SC0041,Monterrey,2024-09-12T18:28:36,2024-09-12T18:53:36,14.44,233.63,debit_card
TRIP00621,USR0168,SC0173,CDMX,2025-03-10T14:22:31,2025-03-10T15:52:31,3.71,62.0,cash
TRIP02800,USR0497,SC0105,cdmx,2024-09-17T08:51:26,2024-09-17T09:34:26,4.37,55.29,cash
TRIP03017,USR0181,SC0062,MTY,2024-12-05T12:57:48,2024-12-05T13:09:48,3.87,62.68,qr_code
TRIP03653,USR0460,SC0151,Guadalajara,2025-03-10T21:37:20,2025-03-10T22:05:20,12.8,132.35,debit_card
TRIP04168,USR0051,SC0197,MTY,2024-04-23T23:41:46,2024-04-23T23:57:46,2.63,54.97,qr_code
TRIP00305,USR0428,SC0005,MTY,2024-02-07T10:46:02,2024-02-07T11:42:02,10.18,129.27,debit_card
TRIP02920,USR0446,SC0141,CDMX,2024-04-25T20:41:39,2024-04-25T21:07:39,7.66,77.82,qr_code
TRIP03435,USR0095,SC0078,Ciudad de Mexico,2024-09-07T16:01:31,2024-09-07T16:07:31,2.18,34.71,cash
TRIP00829,USR0309,SC0146,CDMX,2025-04-16T18:01:49,2025-04-16T19:25:49,12.91,$157.69,credit_card
TRIP01944,USR0373,SC0073,Guadalajara,2024-05-01T19:03:29,2024-05-01T19:48:29,14.73,201.91,cash
TRIP00368,USR0003,SC0010,cdmx,2025-04-08T18:46:58,2025-04-08T20:03:58,12.12,137.94,qr_code
TRIP03474,USR0362,SC0187,GDL,2024-10-25T17:57:27,2024-10-25T19:08:27,12.24,$126.18,qr_code
TRIP01634,USR0429,SC0110,Guadalajara,2025-02-17T07:41:28,2025-02-17T08:48:28,1.53,26.37,qr_code
TRIP01086,USR0091,SC0164,GDL,2024-11-01T08:00:16,2024-11-01T09:27:16,1.95,$37.21,cash
TRIP00146,USR0478,SC0041,Monterrey,2024-12-20T17:00:21,2024-12-20T17:05:21,11.2,121.79,wallet
TRIP01670,USR0423,SC0042,cdmx,2024-07-12T18:00:53,2024-07-12T19:20:53,1.18,$24.27,qr_code
TRIP03636,USR0053,SC0250,CDMX,2024-01-08T08:40:54,2024-01-08T09:58:54,2.68,32.9,qr_code
TRIP04959,USR0290,SC0011,Ciudad de Mexico,2024-09-30T19:08:01,2024-09-30T19:55:01,9.19,148.25,cash
TRIP03943,USR0330,SC0050,Ciudad de Mexico,2024-09-26T18:14:15,2024-09-26T18:35:15,12.34,139.49,qr_code
TRIP01170,USR0433,SC0062,MTY,2024-05-21T07:29:03,2024-05-21T08:07:03,11.59,167.95,wallet
TRIP03098,USR0451,SC0099,GDL,2024-05-15T19:47:12,2024-05-15T20:42:12,8.11,114.95,qr_code
TRIP01042,USR0106,SC0135,Ciudad de Mexico,2024-07-27T13:57:47,2024-07-27T14:12:47,13.31,214.94,wallet
TRIP02067,USR0307,SC0043,cdmx,2025-04-14T07:15:26,2025-04-14T08:28:26,7.32,79.2,qr_code
TRIP03930,USR0368,SC0124,Monterrey,2025-01-02T09:33:40,2025-01-02T10:10:40,3.92,66.24,cash
TRIP02898,USR0134,SC0161,cdmx,2024-03-08T16:00:01,2024-03-08T16:12:01,12.48,125.61,debit_card
TRIP02787,USR0011,SC0092,MTY,2024-09-18T21:30:49,2024-09-18T22:16:49,8.41,112.55,credit_card
TRIP04235,USR0208,SC0146,cdmx,2024-08-13T09:37:29,2024-08-13T10:25:29,7.59,94.15,qr_code
TRIP04412,USR0350,SC0101,Ciudad de Mexico,2024-07-24T10:21:21,2024-07-24T11:14:21,6.17,105.14,wallet
TRIP03700,USR0268,SC0172,Monterrey,2024-09-05T15:45:53,2024-09-05T16:33:53,9.6,152.54,debit_card
TRIP01047,USR0182,SC0018,Monterrey,2024-05-21T08:39:32,2024-05-21T09:59:32,5.48,61.51,credit_card
TRIP01860,USR0352,SC0109,Ciudad de Mexico,2024-04-02T13:58:16,2024-04-02T15:15:16,13.93,156.79,qr_code
TRIP01796,USR0402,SC0071,cdmx,2025-04-20T11:08:56,2025-04-20T11:25:56,9.89,146.63,wallet
TRIP04703,USR0193,SC0107,cdmx,2024-01-24T19:32:52,2024-01-24T19:57:52,14.64,178.72,credit_card
TRIP02222,USR0211,SC0170,CDMX,2025-06-01T07:58:59,2025-06-01T08:03:59,8.32,97.29,credit_card
TRIP03175,USR0025,SC0138,MTY,2024-05-15T15:36:39,2024-05-15T15:43:39,0.0,81.71,debit_card
TRIP01355,USR0486,SC0197,Monterrey,2024-04-05T12:41:07,2024-04-05T13:25:07,13.16,144.19,debit_card
TRIP03546,USR0352,SC0012,MTY,2024-11-26T08:15:38,2024-11-26T09:10:38,1.53,26.66,credit_card
TRIP01962,USR0413,SC0067,CDMX,2024-08-24T18:18:18,2024-08-24T18:34:18,6.58,101.14,credit_card
TRIP04981,USR0260,SC0091,Ciudad de Mexico,2024-03-15T19:37:19,2024-03-15T20:40:19,9.1,103.94,wallet
TRIP03254,USR0382,SC0119,MTY,2025-04-23T10:27:58,2025-04-23T10:40:58,1.16,25.41,qr_code
TRIP03833,USR0461,SC0077,GDL,2025-06-09T19:53:47,2025-06-09T20:54:47,0.69,22.41,wallet
TRIP01320,USR0411,SC0179,CDMX,2024-01-23T16:20:00,2024-01-23T17:17:00,6.57,89.11,debit_card
TRIP01354,USR0190,SC0113,Monterrey,2024-01-26T20:58:45,2024-01-26T21:40:45,13.43,190.78,debit_card
TRIP04900,USR0483,SC0122,MTY,2025-01-29T14:46:00,2025-01-29T16:14:00,8.81,136.97,wallet
TRIP00707,USR0154,SC0120,CDMX,2024-05-08T10:25:26,2024-05-08T11:23:26,14.31,170.98,debit_card
TRIP03924,USR0217,SC0188,cdmx,2024-10-26T08:21:56,2024-10-26T08:48:56,14.24,177.82,cash
TRIP01953,USR0396,SC0182,Monterrey,2024-08-23T22:21:51,2024-08-23T23:21:51,8.2,124.14,wallet
TRIP04987,USR0112,SC0125,cdmx,2024-04-23T07:19:31,2024-04-23T08:45:31,4.48,71.32,cash
TRIP03883,USR0235,SC0156,CDMX,2024-02-03T08:52:40,2024-02-03T09:42:40,9.87,$116.95,cash
TRIP00244,USR0184,SC0055,Monterrey,2025-03-24T14:31:12,2025-03-24T15:48:12,11.12,127.86,qr_code
TRIP04721,USR0262,SC0169,cdmx,2024-09-09T17:31:43,2024-09-09T18:30:43,14.41,184.18,credit_card
TRIP00449,USR0249,SC0024,Ciudad de Mexico,2024-01-10T18:00:42,2024-01-10T19:19:42,3.56,58.85,cash
TRIP01995,USR0215,SC0097,GDL,2025-05-22T19:43:02,2025-05-22T21:00:02,0.7,15.45,cash
TRIP04355,USR0050,SC0011,Ciudad de Mexico,2024-07-13T19:41:24,2024-07-13T20:34:24,1.65,37.86,qr_code
TRIP00279,USR0019,SC0171,Guadalajara,2024-04-28T20:43:54,2024-04-28T22:04:54,13.39,133.28,credit_card
TRIP00541,USR0148,SC0024,cdmx,2024-07-08T17:30:47,2024-07-08T18:14:47,2.97,45.43,wallet
TRIP04321,USR0151,SC0080,cdmx,2024-02-13T08:29:23,2024-02-13T09:56:23,4.42,63.3,credit_card
TRIP03577,USR0169,SC0193,Ciudad de Mexico,2024-01-20T07:36:47,2024-01-20T08:38:47,11.44,142.21,cash
TRIP01094,USR0221,SC0083,Monterrey,2025-02-27T15:50:56,2025-02-27T17:00:56,7.22,126.87,cash
TRIP02245,USR0479,SC0065,GDL,2025-01-31T11:56:57,2025-01-31T12:52:57,13.67,134.02,credit_card
TRIP01309,USR0475,SC0028,cdmx,2025-05-01T19:25:14,2025-05-01T19:46:14,14.58,137.46,credit_card
TRIP04198,USR0218,SC0013,cdmx,2025-04-15T09:01:39,2025-04-15T10:00:39,6.98,71.17,qr_code
TRIP04216,USR0397,SC0033,MTY,2025-02-10T15:08:56,2025-02-10T16:18:56,1.1,23.32,debit_card
TRIP02753,,SC0174,Monterrey,2024-08-01T07:50:04,2024-08-01T08:12:04,1.1,$29.74,debit_card
TRIP04683,USR0107,SC0056,MTY,2024-03-26T15:11:58,2024-03-26T15:21:58,8.87,102.71,cash
TRIP00988,USR0110,SC0013,cdmx,2025-04-08T08:49:29,2025-04-08T09:22:29,13.6,126.34,wallet
TRIP00685,USR0283,SC0050,cdmx,2025-02-26T14:25:40,2025-02-26T15:43:40,11.33,166.42,cash
TRIP03206,USR0247,SC0059,CDMX,2024-09-29T12:40:36,2024-09-29T14:06:36,12.65,128.3,debit_card
TRIP00574,USR0433,SC0107,cdmx,2024-03-22T16:20:04,2024-03-22T17:21:04,4.5,70.28,debit_card
TRIP01070,USR0106,SC0061,GDL,2025-06-19T08:13:40,2025-06-19T08:21:40,11.4,$165.66,debit_card
TRIP04437,USR0096,SC0018,Monterrey,2024-07-14T17:37:58,2024-07-14T18:40:58,12.01,113.58,cash
TRIP01819,USR0279,SC0007,Guadalajara,2024-05-08T18:47:58,2024-05-08T19:24:58,7.41,72.16,credit_card
TRIP03185,USR0344,SC0164,GDL,2024-09-12T08:56:37,2024-09-12T09:22:37,4.08,55.81,credit_card
TRIP03042,USR0262,SC0119,MTY,2024-06-17T20:40:11,2024-06-17T20:46:11,6.73,77.88,credit_card
TRIP02456,USR0360,SC0008,Ciudad de Mexico,2024-04-08T12:38:10,2024-04-08T13:52:10,10.1,118.95,qr_code
TRIP03510,USR0011,SC0116,GDL,2024-11-21T08:15:49,2024-11-21T09:17:49,11.08,161.24,cash
TRIP00646,USR0300,SC0127,CDMX,2025-04-20T19:03:20,2025-04-20T20:29:20,6.91,84.8,qr_code
TRIP03321,USR0317,SC0013,cdmx,2024-01-29T14:58:12,2024-01-29T15:27:12,10.56,173.49,wallet
TRIP01966,USR0238,SC0095,Ciudad de Mexico,2024-09-13T07:50:27,2024-09-13T07:56:27,2.04,32.2,cash
TRIP04383,USR0032,SC0065,GDL,2024-06-20T19:12:00,2024-06-20T19:23:00,7.94,90.5,cash
TRIP04115,USR0089,SC0176,CDMX,2025-01-13T16:06:23,2025-01-13T17:20:23,11.51,143.68,wallet
TRIP00847,USR0159,SC0152,Monterrey,2024-08-21T08:42:42,2024-08-21T10:04:42,13.53,172.37,credit_card
TRIP04811,,SC0035,cdmx,2025-04-08T18:22:26,2025-04-08T18:39:26,10.86,111.18,wallet
TRIP04708,USR0413,SC0153,cdmx,2025-03-14T21:33:31,2025-03-14T22:59:31,7.36,121.07,debit_card
TRIP04244,USR0012,SC0099,GDL,2024-11-24T05:02:10,2024-11-24T05:48:10,5.89,88.2,wallet
TRIP00055,USR0062,SC0248,MTY,2025-03-16T11:45:14,2025-03-16T12:54:14,5.64,76.93,wallet
TRIP01261,USR0465,SC0079,cdmx,2024-05-23T11:03:07,2024-05-23T12:18:07,2.36,36.0,cash
TRIP04033,USR0244,SC0030,Monterrey,2024-05-27T10:37:32,2024-05-27T10:54:32,11.79,174.72,debit_card
TRIP03991,USR0102,SC0055,MTY,2024-03-22T19:54:48,2024-03-22T20:17:48,7.89,$97.46,qr_code
TRIP02832,USR0440,SC0127,cdmx,2024-01-05T20:24:43,2024-01-05T21:20:43,6.5,101.3,credit_card
TRIP01596,USR0029,SC0073,Guadalajara,2024-09-15T05:27:38,2024-09-15T06:32:38,6.04,92.37,debit_card
TRIP03518,USR0149,SC0001,MTY,2024-04-18T21:51:38,2024-04-18T23:10:38,9.9,102.03,credit_card
TRIP00670,USR0500,SC0022,Monterrey,2024-05-03T09:55:22,2024-05-03T10:39:22,14.12,228.04,qr_code
TRIP02647,USR0060,SC0080,CDMX,2025-06-23T09:06:11,2025-06-23T09:47:11,14.63,$223.36,cash
TRIP04161,USR0149,SC0038,Monterrey,2025-06-05T11:16:58,2025-06-05T11:54:58,13.94,$136.41,credit_card
TRIP03113,USR0470,SC0217,Monterrey,2024-05-08T18:30:13,2024-05-08T18:37:13,8.6,128.25,debit_card
TRIP00523,USR0275,SC0152,Monterrey,2024-02-22T20:40:01,2024-02-22T22:06:01,2.11,37.41,cash
TRIP01431,USR0097,SC0223,Guadalajara,2025-06-10T09:26:49,2025-06-10T10:11:49,3.55,56.77,debit_card
TRIP02320,USR0265,SC0091,cdmx,2025-05-07T08:06:37,2025-05-07T08:51:37,0.67,18.57,wallet
TRIP00273,USR0310,SC0099,GDL,2025-03-13T09:33:36,2025-03-13T10:57:36,8.66,115.26,debit_card
TRIP04613,USR0353,SC0011,cdmx,2025-04-17T12:42:22,2025-04-17T13:56:22,10.26,134.9,cash
TRIP02744,USR0499,SC0096,Ciudad de Mexico,2024-04-30T08:09:17,2024-04-30T09:25:17,6.15,66.93,credit_card
TRIP02660,USR0222,SC0078,CDMX,2025-01-14T16:53:03,2025-01-14T17:24:03,14.99,235.36,debit_card
TRIP03340,USR0198,SC0120,Ciudad de Mexico,2024-04-29T10:32:16,2024-04-29T10:39:16,1.47,29.31,debit_card
TRIP00423,USR0225,SC0146,Ciudad de Mexico,2024-01-31T15:08:19,2024-01-31T15:14:19,5.64,65.41,qr_code
TRIP04153,USR0183,SC0029,Guadalajara,2024-11-05T10:30:21,2024-11-05T10:44:21,12.25,120.82,wallet
TRIP04583,USR0415,SC0072,GDL,2024-04-27T18:50:48,2024-04-27T20:12:48,2.56,49.27,wallet
TRIP01449,USR0153,SC0181,MTY,2025-03-08T11:31:32,2025-03-08T11:38:32,5.2,73.88,cash
TRIP00173,USR0312,SC0062,Monterrey,2024-10-08T11:22:29,2024-10-08T11:59:29,8.05,$113.31,cash
TRIP00323,USR0291,SC0100,GDL,2024-08-20T22:49:54,2024-08-20T23:00:54,14.37,184.6,debit_card
TRIP02810,USR0134,SC0135,CDMX,2024-07-28T21:56:21,2024-07-28T22:02:21,7.71,70.65,credit_card
TRIP03595,USR0167,SC0197,MTY,2025-02-04T07:26:24,2025-02-04T07:53:24,10.98,99.33,wallet
TRIP04073,USR0071,SC0060,CDMX,2025-04-05T09:01:53,2025-04-05T09:55:53,9.01,107.41,credit_card
TRIP02214,USR0305,SC0163,CDMX,2024-02-15T19:00:06,2024-02-15T20:29:06,2.99,44.6,qr_code
TRIP01619,USR0125,SC0193,cdmx,2024-12-23T20:04:23,2024-12-23T21:01:23,10.73,147.11,wallet
TRIP02201,USR0395,SC0198,CDMX,2024-10-19T10:03:30,2024-10-19T11:25:30,6.77,77.21,qr_code
TRIP03600,USR0500,SC0153,CDMX,2024-03-15T19:47:37,2024-03-15T20:28:37,14.57,237.59,debit_card
TRIP00153,USR0071,SC0166,CDMX,2025-06-22T23:34:50,2025-06-22T23:41:50,5.71,79.71,qr_code
TRIP03810,USR0343,SC0092,MTY,2025-01-09T15:01:28,2025-01-09T15:17:28,13.71,134.68,wallet
TRIP01552,USR0247,SC0096,CDMX,2025-03-16T10:41:06,2025-03-16T11:47:06,7.21,82.22,debit_card
TRIP03688,USR0079,SC0055,MTY,2024-08-26T14:40:06,2024-08-26T15:26:06,6.6,87.85,debit_card
TRIP00102,USR0361,SC0049,MTY,2024-02-15T08:13:48,2024-02-15T08:25:48,3.9,69.86,cash
TRIP04637,USR0139,SC0003,cdmx,2024-07-25T20:38:24,2024-07-25T21:02:24,11.03,140.47,wallet
TRIP03601,USR0060,SC0039,Guadalajara,2024-02-27T15:02:07,2024-02-27T16:03:07,4.27,59.58,qr_code
TRIP02099,USR0325,SC0231,Monterrey,2024-05-13T05:30:55,2024-05-13T06:57:55,1.6,30.59,wallet
TRIP03372,USR0220,SC0162,MTY,2024-04-25T03:04:35,2024-04-25T03:18:35,13.19,211.44,debit_card
TRIP03199,USR0486,SC0190,Ciudad de Mexico,2024-11-08T08:29:44,2024-11-08T09:10:44,9.82,127.28,cash
TRIP04524,USR0256,SC0016,MTY,2024-04-22T12:29:24,2024-04-22T13:47:24,1.67,27.04,qr_code
TRIP04672,USR0357,SC0193,Ciudad de Mexico,2024-03-08T17:06:54,2024-03-08T17:43:54,1.43,34.99,cash
TRIP04666,USR0447,SC0097,Guadalajara,2024-04-26T17:25:15,2024-04-26T17:40:15,3.12,48.0,debit_card
TRIP00387,USR0262,SC0106,MTY,2024-06-12T19:34:37,2024-06-12T20:12:37,11.03,$171.10,cash
TRIP00887,USR0488,SC0137,cdmx,2024-09-05T05:43:48,2024-09-05T06:00:48,11.07,150.64,credit_card
TRIP00258,USR0131,SC0074,Ciudad de Mexico,2024-10-04T17:00:04,2024-10-04T17:54:04,13.74,151.18,wallet
TRIP02482,USR0139,SC0154,MTY,2025-03-12T13:33:14,2025-03-12T15:02:14,1.47,29.49,cash
TRIP01938,USR0206,SC0072,Guadalajara,2025-06-25T11:34:18,2025-06-25T12:13:18,8.99,102.39,cash
TRIP02735,USR0477,SC0126,cdmx,2024-07-30T11:47:50,2024-07-30T12:54:50,4.66,68.48,cash
TRIP02907,USR0419,SC0164,Guadalajara,2024-08-11T14:13:31,2024-08-11T14:22:31,11.02,167.47,credit_card
TRIP02489,USR0357,SC0028,Ciudad de Mexico,2024-12-06T21:42:50,2024-12-06T21:52:50,5.42,92.47,wallet
TRIP00683,USR0449,SC0069,Ciudad de Mexico,2024-05-29T14:25:08,2024-05-29T15:19:08,12.31,184.36,credit_card
TRIP04018,USR0300,SC0003,CDMX,2024-04-05T07:10:24,2024-04-05T07:46:24,1.07,31.44,credit_card
TRIP02308,USR0055,SC0049,MTY,2025-03-07T16:23:24,2025-03-07T17:44:24,11.46,$174.65,qr_code
TRIP04733,USR0147,SC0035,Ciudad de Mexico,2025-05-19T15:38:52,2025-05-19T16:10:52,2.2,33.96,credit_card
TRIP02919,USR0299,SC0030,MTY,2025-03-14T18:07:07,2025-03-14T19:29:07,8.82,89.9,debit_card
TRIP01714,USR0329,SC0056,MTY,2025-05-12T09:58:51,2025-05-12T10:28:51,13.2,166.54,cash
TRIP03757,USR0169,SC0031,Guadalajara,2025-06-01T20:42:47,2025-06-01T21:35:47,0.57,23.41,debit_card
TRIP01233,USR0421,SC0006,Monterrey,2024-03-06T21:26:12,2024-03-06T21:36:12,14.08,135.99,credit_card
TRIP01465,USR0186,SC0018,MTY,2024-09-25T07:12:26,2024-09-25T07:38:26,10.0,$156.89,credit_card
TRIP01688,USR0018,SC0078,CDMX,2024-06-06T09:48:28,2024-06-06T11:04:28,3.37,48.39,cash
TRIP04222,USR0034,SC0185,cdmx,2024-09-19T16:31:36,2024-09-19T16:41:36,5.41,76.61,credit_card
TRIP03430,USR0019,SC0145,Ciudad de Mexico,2024-04-12T18:42:42,2024-04-12T19:33:42,13.35,180.02,wallet
TRIP02445,USR0178,SC0132,Ciudad de Mexico,2024-03-20T18:11:51,2024-03-20T19:15:51,1.99,40.79,wallet
TRIP00399,USR0065,SC0107,Ciudad de Mexico,2025-04-01T16:13:50,2025-04-01T16:36:50,11.84,150.63,wallet
TRIP03800,USR0184,SC0161,Ciudad de Mexico,2024-09-10T12:34:14,2024-09-10T13:24:14,5.45,80.86,qr_code
TRIP00288,USR0437,SC0075,MTY,2024-02-24T15:22:07,2024-02-24T16:03:07,10.68,124.69,wallet
TRIP04846,USR0084,SC0024,CDMX,2024-10-29T12:57:54,2024-10-29T13:34:54,4.72,74.39,credit_card
TRIP04314,USR0010,SC0180,cdmx,2024-11-29T08:23:51,2024-11-29T08:45:51,13.06,194.24,wallet
TRIP02861,USR0210,SC0168,MTY,2024-12-24T16:29:02,2024-12-24T16:47:02,5.35,76.19,credit_card
TRIP00285,USR0197,SC0052,CDMX,2025-03-17T12:50:21,2025-03-17T14:04:21,10.21,150.2,credit_card
TRIP02156,USR0494,SC0155,CDMX,2025-01-24T19:16:00,2025-01-24T19:24:00,11.73,163.25,debit_card
TRIP01986,USR0440,SC0085,CDMX,2024-06-04T19:18:50,2024-06-04T20:32:50,2.82,56.18,qr_code
TRIP03210,USR0014,SC0026,cdmx,2024-12-25T12:44:43,2024-12-25T13:39:43,5.31,55.4,wallet
TRIP04144,USR0160,SC0196,GDL,2024-09-19T07:57:01,2024-09-19T09:20:01,4.73,$70.20,credit_card
TRIP03774,USR0255,SC0084,Guadalajara,2025-05-22T08:29:18,2025-05-22T08:53:18,1.89,42.09,wallet
TRIP03159,USR0296,SC0093,MTY,2024-01-22T15:47:35,2024-01-22T16:06:35,11.93,140.79,credit_card
TRIP03585,USR0144,SC0073,GDL,2024-06-19T18:34:35,2024-06-19T19:41:35,9.74,133.12,qr_code
TRIP03040,USR0320,SC0020,cdmx,2024-05-08T18:09:01,2024-05-08T18:19:01,3.95,50.2,wallet
TRIP04460,USR0064,SC0200,GDL,2025-03-25T10:08:21,2025-03-25T11:10:21,9.9,$123.43,credit_card
TRIP03232,USR0106,SC0010,CDMX,2024-06-28T15:32:23,2024-06-28T16:19:23,0.0,62.0,credit_card
TRIP02477,USR0439,SC0082,cdmx,2025-05-25T09:13:07,2025-05-25T09:22:07,1.58,25.83,credit_card
TRIP03890,USR0195,SC0080,CDMX,2024-03-13T17:44:47,2024-03-13T17:57:47,5.18,67.52,debit_card
TRIP04340,USR0488,SC0164,Guadalajara,2024-03-21T10:26:45,2024-03-21T11:24:45,9.34,138.02,credit_card
TRIP03318,USR0487,SC0037,GDL,2024-05-01T13:11:07,2024-05-01T14:03:07,13.33,157.28,qr_code
TRIP02727,USR0468,SC0137,CDMX,2024-12-05T06:03:49,2024-12-05T06:11:49,14.67,171.91,debit_card
TRIP02148,USR0027,SC0044,cdmx,2024-07-13T06:05:44,2024-07-13T07:07:44,4.78,$69.88,credit_card
TRIP03077,USR0094,SC0117,CDMX,2024-09-24T16:00:12,2024-09-24T16:34:12,2.1,48.74,wallet
TRIP03881,USR0346,SC0014,Ciudad de Mexico,2025-06-05T18:46:18,2025-06-05T19:21:18,14.76,220.44,debit_card
TRIP03204,USR0443,SC0200,GDL,2025-03-10T15:38:30,2025-03-10T17:05:30,13.98,134.78,debit_card
TRIP00616,USR0191,SC0169,cdmx,2024-04-17T19:00:10,2024-04-17T19:58:10,13.59,136.89,qr_code
TRIP03139,USR0132,SC0175,Guadalajara,2025-02-05T08:03:11,2025-02-05T08:59:11,14.96,158.11,debit_card
TRIP01166,USR0199,SC0129,Guadalajara,2024-03-09T09:44:05,2024-03-09T10:55:05,9.33,82.73,debit_card
TRIP01989,USR0122,SC0175,Guadalajara,2025-03-23T10:49:47,2025-03-23T10:58:47,1.81,29.34,wallet
TRIP04540,USR0242,SC0027,cdmx,2024-03-31T12:41:24,2024-03-31T12:51:24,11.27,151.88,qr_code
TRIP02289,USR0130,SC0036,Monterrey,2024-08-27T18:02:36,2024-08-27T19:03:36,7.58,$98.13,debit_card
TRIP04690,USR0275,SC0163,CDMX,2025-03-11T09:41:36,2025-03-11T10:24:36,12.42,132.49,cash
TRIP00408,USR0427,SC0085,CDMX,2024-03-15T16:48:06,2024-03-15T18:13:06,14.63,221.58,credit_card
TRIP02892,USR0259,SC0096,CDMX,2025-01-03T19:06:05,2025-01-03T20:22:05,13.02,188.32,wallet
TRIP02533,USR0327,SC0189,cdmx,2024-10-23T20:36:13,2024-10-23T21:28:13,0.52,$22.67,wallet
TRIP01719,USR0362,SC0104,MTY,2025-04-02T17:03:40,2025-04-02T18:08:40,12.71,139.49,qr_code
TRIP00738,USR0346,SC0121,MTY,2024-11-06T06:40:14,2024-11-06T07:57:14,3.64,34.91,cash
TRIP04687,USR0284,SC0001,Monterrey,2024-06-08T08:23:09,2024-06-08T08:59:09,12.39,$153.78,cash
TRIP03781,USR0099,SC0022,Monterrey,2024-09-20T06:42:41,2024-09-20T07:56:41,13.76,138.58,credit_card
TRIP03932,USR0138,SC0110,Guadalajara,2024-09-23T14:37:37,2024-09-23T15:08:37,5.41,65.66,cash
TRIP01421,USR0136,SC0116,GDL,2025-05-29T07:22:54,2025-05-29T07:51:54,4.18,63.02,debit_card
TRIP04001,USR0256,SC0025,GDL,2025-01-14T17:24:01,2025-01-14T17:31:01,4.88,71.16,wallet
TRIP02405,USR0424,SC0027,cdmx,2024-03-15T18:59:25,2024-03-15T20:12:25,4.47,84.27,wallet
TRIP04535,USR0471,SC0062,MTY,2024-06-12T10:32:22,2024-06-12T11:49:22,7.31,117.62,debit_card
TRIP02604,USR0359,SC0005,MTY,2024-01-05T17:02:04,2024-01-05T17:18:04,10.28,150.75,cash
TRIP01937,USR0256,SC0098,MTY,2024-06-24T19:12:13,2024-06-24T20:37:13,13.43,173.84,credit_card
TRIP02084,USR0202,SC0107,cdmx,2024-04-02T18:10:18,2024-04-02T18:44:18,10.02,$117.19,debit_card
TRIP01539,USR0418,SC0172,Monterrey,2024-05-08T19:24:42,2024-05-08T20:45:42,7.55,105.04,credit_card
TRIP04189,USR0099,SC0094,Ciudad de Mexico,2024-08-05T13:03:30,2024-08-05T14:24:30,6.2,84.08,qr_code
TRIP02581,USR0401,SC0002,Ciudad de Mexico,2025-02-12T21:53:37,2025-02-12T22:39:37,8.93,113.9,cash
TRIP02269,USR0478,SC0154,MTY,2024-10-02T16:47:30,2024-10-02T17:18:30,2.29,32.8,credit_card
TRIP04418,USR0344,SC0217,GDL,2024-09-08T14:36:20,2024-09-08T14:32:20,5.83,68.72,wallet
TRIP04478,USR0063,SC0035,CDMX,2024-07-12T08:40:38,2024-07-12T09:06:38,7.61,106.55,credit_card
TRIP01717,USR0388,SC0174,Monterrey,2024-06-01T09:11:08,2024-06-01T10:37:08,1.48,29.56,debit_card
TRIP03582,USR0476,SC0155,cdmx,2024-08-29T10:08:10,2024-08-29T11:31:10,5.01,$54.95,cash
TRIP01932,USR0317,SC0116,Guadalajara,2024-01-31T06:20:04,2024-01-31T06:33:04,12.56,$187.85,credit_card
TRIP00919,USR0357,SC0008,CDMX,2025-03-02T06:48:47,2025-03-02T07:54:47,1.45,32.34,qr_code
TRIP03768,USR0030,SC0193,Ciudad de Mexico,2024-07-26T15:02:24,2024-07-26T16:27:24,6.23,71.24,cash
TRIP04960,USR0371,SC0089,CDMX,2025-06-13T19:46:40,2025-06-13T19:52:40,8.05,95.72,qr_code
TRIP00143,USR0291,SC0033,Monterrey,2024-09-18T19:43:46,2024-09-18T20:02:46,1.14,24.67,wallet
TRIP01043,USR0223,SC0192,cdmx,2024-04-21T06:09:42,2024-04-21T07:18:42,3.77,52.71,qr_code
TRIP01593,USR0166,SC0064,MTY,2024-12-06T21:13:45,2024-12-06T22:00:45,7.57,106.15,debit_card
TRIP00524,USR0433,SC0073,Guadalajara,2025-02-04T18:26:04,2025-02-04T19:33:04,10.47,120.97,debit_card
TRIP02630,USR0438,SC0168,Monterrey,2025-02-15T17:37:17,2025-02-15T17:56:17,1.96,35.83,debit_card
TRIP04479,USR0251,SC0025,Guadalajara,2024-04-04T08:15:41,2024-04-04T08:47:41,9.04,114.84,cash
TRIP01096,USR0427,SC0082,Ciudad de Mexico,2024-08-23T09:27:17,2024-08-23T10:29:17,2.79,46.18,cash
TRIP02788,USR0108,SC0091,CDMX,2024-04-19T19:26:38,2024-04-19T20:36:38,8.55,129.42,debit_card
TRIP03592,USR0197,SC0142,MTY,2024-08-23T07:31:10,2024-08-23T08:20:10,0.91,23.45,credit_card
TRIP04836,USR0294,SC0066,MTY,2024-06-24T12:04:07,2024-06-24T12:34:07,11.52,111.88,qr_code
TRIP00171,USR0141,SC0125,cdmx,2024-05-06T08:31:38,2024-05-06T09:33:38,9.01,101.59,credit_card
TRIP03997,USR0494,SC0184,cdmx,2025-05-23T17:59:46,2025-05-23T18:45:46,10.81,$103.44,cash
TRIP04202,USR0127,SC0044,CDMX,2024-09-12T06:43:07,2024-09-12T06:51:07,12.61,162.17,credit_card
TRIP00875,USR0456,SC0064,MTY,2025-03-14T21:55:49,2025-03-14T23:14:49,7.02,87.37,wallet
TRIP03968,USR0298,SC0058,MTY,2025-05-27T09:27:56,2025-05-27T09:56:56,2.36,$41.59,debit_card
TRIP00136,USR0189,SC0042,CDMX,2024-05-16T17:04:33,2024-05-16T16:43:33,5.59,69.28,qr_code
TRIP03287,USR0461,SC0132,Ciudad de Mexico,2024-12-03T12:11:01,2024-12-03T12:41:01,12.53,125.78,cash
TRIP01365,USR0071,SC0089,CDMX,2024-04-22T17:44:44,2024-04-22T17:33:44,3.18,47.63,credit_card
TRIP03591,USR0283,SC0112,cdmx,2025-02-15T17:51:30,2025-02-15T18:10:30,5.3,54.17,debit_card
TRIP04158,USR0005,SC0054,GDL,2025-04-28T15:48:22,2025-04-28T17:07:22,5.38,95.64,cash
TRIP04767,USR0216,SC0163,Ciudad de Mexico,2024-05-29T18:13:03,2024-05-29T19:38:03,11.17,146.33,credit_card
TRIP01032,USR0475,SC0155,cdmx,2024-10-19T09:55:59,2024-10-19T10:52:59,5.11,83.49,wallet
TRIP04019,USR0140,SC0146,CDMX,2024-09-10T19:38:02,2024-09-10T20:37:02,7.39,110.16,wallet
TRIP02899,USR0302,SC0201,MTY,2024-03-22T18:15:53,2024-03-22T19:42:53,10.08,$135.95,debit_card
TRIP02300,USR0186,SC0067,Ciudad de Mexico,2024-01-15T08:31:15,2024-01-15T08:51:15,12.33,131.27,cash
TRIP04829,USR0381,SC0050,Ciudad de Mexico,2024-07-13T10:44:47,2024-07-13T11:39:47,2.71,35.66,debit_card
TRIP04432,USR0294,SC0009,cdmx,2024-03-09T19:30:57,2024-03-09T19:40:57,3.84,62.29,credit_card
TRIP03186,USR0184,SC0174,MTY,2025-06-20T07:54:56,2025-06-20T08:53:56,4.51,59.5,credit_card
TRIP04647,USR0167,SC0034,GDL,2024-09-10T15:30:57,2024-09-10T15:44:57,12.33,142.08,qr_code
TRIP01508,USR0121,SC0133,GDL,2025-04-17T19:16:19,2025-04-17T19:45:19,13.31,200.94,wallet
TRIP02097,USR0109,SC0191,cdmx,2025-03-13T19:50:40,2025-03-13T20:32:40,14.07,152.86,qr_code
TRIP04800,USR0049,SC0108,CDMX,2024-02-11T16:22:32,2024-02-11T17:27:32,11.66,161.02,wallet
TRIP02603,,SC0172,MTY,2024-08-21T18:06:23,2024-08-21T18:16:23,1.41,19.07,credit_card
TRIP00676,USR0116,SC0016,MTY,2025-01-06T19:31:53,2025-01-06T20:31:53,13.04,145.76,cash
TRIP00906,USR0303,SC0022,Monterrey,2025-02-28T15:18:06,2025-02-28T16:15:06,2.65,49.48,qr_code
TRIP01522,USR0068,SC0107,Ciudad de Mexico,2024-09-08T18:07:47,2024-09-08T19:04:47,10.23,159.18,wallet
TRIP04536,USR0346,SC0059,Ciudad de Mexico,2025-04-28T08:51:05,2025-04-28T09:34:05,2.67,42.56,wallet
TRIP02173,USR0286,SC0067,CDMX,2025-04-30T18:48:46,2025-04-30T20:06:46,12.59,127.8,cash
TRIP01227,USR0204,SC0188,Ciudad de Mexico,2024-03-06T18:33:09,2024-03-06T18:54:09,8.42,105.78,cash
TRIP01520,USR0041,SC0061,GDL,2024-03-30T08:51:52,2024-03-30T09:00:52,1.59,22.48,cash
TRIP03796,USR0143,SC0171,Guadalajara,2024-04-03T12:13:07,2024-04-03T13:16:07,13.21,187.94,qr_code
TRIP02869,USR0050,SC0166,CDMX,2025-06-03T08:32:17,2025-06-03T08:41:17,10.87,145.36,credit_card
TRIP00938,USR0472,SC0187,GDL,2024-08-05T07:52:07,2024-08-05T07:58:07,0.53,17.3,wallet
TRIP04236,USR0242,SC0105,cdmx,2024-02-23T20:47:57,2024-02-23T20:59:57,9.3,$132.80,credit_card
TRIP00430,USR0400,SC0117,CDMX,2024-06-17T14:29:01,2024-06-17T14:43:01,7.2,85.91,credit_card
TRIP04618,USR0390,SC0051,Ciudad de Mexico,2024-01-08T08:19:42,2024-01-08T08:59:42,8.6,87.42,debit_card
TRIP01853,USR0225,SC0110,GDL,2024-06-06T07:41:39,2024-06-06T08:33:39,12.85,172.8,credit_card
TRIP02447,USR0002,SC0188,cdmx,2024-08-01T10:17:04,2024-08-01T11:13:04,8.44,128.78,debit_card
TRIP01212,USR0226,SC0094,CDMX,2024-05-12T09:13:15,2024-05-12T10:33:15,4.35,75.94,cash
TRIP00903,USR0300,SC0060,CDMX,2024-05-21T13:02:03,2024-05-21T13:41:03,5.0,65.4,credit_card
TRIP01256,USR0333,SC0124,MTY,2025-05-13T20:59:39,2025-05-13T21:18:39,5.38,$97.22,credit_card
TRIP03126,USR0303,SC0164,GDL,2024-07-22T19:09:00,2024-07-22T19:58:00,14.64,$169.46,cash
TRIP04154,USR0397,SC0067,Ciudad de Mexico,2024-04-17T12:27:41,2024-04-17T13:19:41,7.96,98.21,qr_code
TRIP03162,USR0483,SC0197,MTY,2024-02-01T07:42:52,2024-02-01T08:11:52,11.73,143.44,cash
TRIP00605,USR0002,SC0040,MTY,2024-04-03T16:09:10,2024-04-03T17:14:10,13.49,125.52,wallet
TRIP02709,USR0199,SC0140,Ciudad de Mexico,2024-05-28T15:32:37,2024-05-28T16:50:37,12.91,202.47,debit_card
TRIP04301,USR0061,SC0037,Guadalajara,2024-03-27T20:20:13,2024-03-27T20:29:13,7.56,$89.68,credit_card
TRIP00510,USR0082,SC0017,CDMX,2024-08-16T12:05:22,2024-08-16T13:09:22,12.37,116.11,wallet
TRIP04609,USR0141,SC0158,Monterrey,2024-08-17T09:21:42,2024-08-17T10:22:42,7.0,114.83,wallet
TRIP01161,USR0226,SC0206,Guadalajara,2025-05-21T15:11:19,2025-05-21T15:39:19,8.63,104.94,wallet
TRIP02462,USR0474,SC0155,CDMX,2024-06-07T10:28:43,2024-06-07T10:36:43,8.73,113.4,cash
TRIP00750,USR0045,SC0143,cdmx,2024-04-04T17:45:40,2024-04-04T18:02:40,4.0,65.07,wallet
TRIP01842,USR0173,SC0173,Ciudad de Mexico,2024-11-23T20:54:02,2024-11-23T21:56:02,10.77,149.08,qr_code
TRIP03267,USR0222,SC0196,Guadalajara,2024-08-06T14:42:11,2024-08-06T15:49:11,11.32,$117.82,cash
TRIP00772,USR0119,SC0160,CDMX,2024-06-29T13:27:57,2024-06-29T13:53:57,3.33,49.26,debit_card
TRIP03880,USR0197,SC0147,Monterrey,2025-01-09T17:26:48,2025-01-09T18:46:48,1.25,24.4,qr_code
TRIP00380,USR0184,SC0090,CDMX,2024-06-11T19:32:02,2024-06-11T19:45:02,3.79,57.52,cash
TRIP04290,USR0277,SC0104,MTY,2024-12-14T19:13:05,2024-12-14T19:39:05,4.61,88.04,debit_card
TRIP04260,USR0480,SC0135,CDMX,2025-03-25T12:14:21,2025-03-25T13:36:21,3.59,39.19,cash
TRIP02081,USR0338,SC0100,GDL,2025-06-12T06:22:07,2025-06-12T07:25:07,11.27,109.99,cash
TRIP01337,USR0227,SC0043,Ciudad de Mexico,2024-03-15T07:54:17,2024-03-15T08:17:17,7.59,127.39,wallet
TRIP02696,USR0344,SC0039,Guadalajara,2024-07-19T19:11:55,2024-07-19T20:37:55,7.09,112.55,debit_card
TRIP01950,USR0477,SC0015,MTY,2024-10-19T19:08:16,2024-10-19T18:52:16,7.58,91.39,credit_card
TRIP01017,USR0209,SC0170,CDMX,2024-05-18T08:19:29,2024-05-18T09:01:29,10.01,89.87,qr_code
TRIP03565,USR0452,SC0067,CDMX,2025-05-29T06:36:39,2025-05-29T07:24:39,0.0,84.12,wallet
TRIP02109,USR0314,SC0036,Monterrey,2024-05-31T07:33:10,2024-05-31T08:22:10,5.32,60.07,wallet
TRIP04875,USR0211,SC0197,MTY,2025-05-07T14:24:15,2025-05-07T15:43:15,4.52,47.04,qr_code
TRIP01010,USR0057,SC0033,Monterrey,2025-04-18T08:19:15,2025-04-18T08:34:15,13.78,183.51,cash
TRIP02022,USR0008,SC0189,CDMX,2024-06-24T11:10:15,2024-06-24T12:39:15,9.76,146.86,credit_card
TRIP01840,USR0055,SC0113,Monterrey,2024-11-29T11:08:02,2024-11-29T11:59:02,9.21,136.89,qr_code
TRIP04654,USR0201,SC0235,Ciudad de Mexico,2025-03-08T11:48:44,2025-03-08T12:22:44,5.33,73.93,wallet
TRIP04109,USR0484,SC0124,Monterrey,2024-02-23T15:30:13,2024-02-23T16:04:13,13.45,204.41,debit_card
TRIP00610,USR0327,SC0080,CDMX,2024-04-09T09:54:12,2024-04-09T11:22:12,12.64,185.92,qr_code
TRIP03719,USR0142,SC0079,cdmx,2024-08-12T07:07:47,2024-08-12T07:29:47,9.97,152.07,credit_card
TRIP04569,USR0048,SC0079,cdmx,2024-07-15T18:26:29,2024-07-15T18:38:29,3.82,$61.28,credit_card
TRIP04663,USR0355,SC0009,cdmx,2024-07-15T17:03:36,2024-07-15T17:41:36,7.63,$109.12,cash
TRIP01019,USR0147,SC0055,MTY,2024-11-05T09:09:14,2024-11-05T10:22:14,14.24,147.43,cash
TRIP00379,USR0410,SC0061,GDL,2024-07-31T18:42:30,2024-07-31T19:03:30,7.64,122.7,debit_card
TRIP02882,USR0179,SC0177,CDMX,2024-12-14T18:12:08,2024-12-14T19:16:08,14.03,190.74,cash
TRIP02262,,SC0178,cdmx,2024-12-26T19:57:35,2024-12-26T21:10:35,9.19,143.84,debit_card
TRIP03402,USR0459,SC0111,Guadalajara,2024-09-25T08:01:08,2024-09-25T09:14:08,3.75,59.26,credit_card
TRIP03249,USR0196,SC0172,MTY,2024-06-04T23:11:23,2024-06-04T23:47:23,14.74,226.19,credit_card
TRIP03478,USR0466,SC0074,cdmx,2025-04-02T14:44:33,2025-04-02T15:07:33,13.46,177.43,debit_card
TRIP02221,USR0384,SC0168,MTY,2024-02-14T18:14:28,2024-02-14T19:44:28,11.68,120.54,wallet
TRIP01312,USR0147,SC0115,Guadalajara,2024-08-10T08:24:41,2024-08-10T09:49:41,8.25,80.33,cash
TRIP00099,USR0177,SC0113,Monterrey,2025-04-28T11:49:08,2025-04-28T13:16:08,6.6,109.41,wallet
TRIP04623,USR0239,SC0132,CDMX,2024-07-26T17:06:25,2024-07-26T17:48:25,9.44,146.9,cash
TRIP03484,USR0027,SC0131,cdmx,2024-01-18T15:15:32,2024-01-18T16:37:32,10.12,91.53,cash
TRIP02068,USR0326,SC0181,MTY,2024-02-03T21:59:52,2024-02-03T22:21:52,12.98,$164.18,debit_card
TRIP02056,USR0058,SC0097,GDL,2025-02-10T11:20:09,2025-02-10T12:20:09,12.28,124.33,wallet
TRIP03432,USR0400,SC0036,MTY,2024-05-27T20:40:09,2024-05-27T20:56:09,11.34,128.97,qr_code
TRIP03257,USR0162,SC0163,Ciudad de Mexico,2024-08-05T06:28:29,2024-08-05T07:05:29,12.77,150.49,cash
TRIP01540,USR0144,SC0029,Guadalajara,2025-06-12T21:54:35,2025-06-12T23:20:35,0.0,98.66,debit_card
TRIP02217,USR0467,SC0174,MTY,2025-02-20T21:30:25,2025-02-20T22:51:25,10.69,124.93,wallet
TRIP00770,USR0466,SC0112,cdmx,2024-09-18T09:58:16,2024-09-18T11:04:16,8.99,117.43,credit_card
TRIP00375,USR0045,SC0001,MTY,2024-07-14T02:12:54,2024-07-14T02:20:54,9.92,124.01,debit_card
TRIP02498,,SC0121,Monterrey,2024-06-18T14:50:21,2024-06-18T15:15:21,11.0,148.46,debit_card
TRIP02396,USR0194,SC0070,Ciudad de Mexico,2025-01-21T09:35:54,2025-01-21T11:04:54,2.53,42.42,cash
TRIP03612,USR0408,SC0040,MTY,2024-09-22T13:26:47,2024-09-22T13:42:47,4.56,59.95,credit_card
TRIP00112,USR0170,SC0024,cdmx,2024-08-23T19:56:36,2024-08-23T21:01:36,10.42,116.96,debit_card
TRIP02007,USR0385,SC0113,Monterrey,2024-07-26T08:04:55,2024-07-26T09:23:55,10.69,111.07,wallet
TRIP02917,USR0142,SC0081,Monterrey,2024-08-01T16:16:40,2024-08-01T17:12:40,3.46,$56.19,qr_code
TRIP04085,USR0348,SC0150,cdmx,2024-05-10T13:58:16,2024-05-10T14:34:16,2.48,56.66,debit_card
TRIP03339,USR0326,SC0126,cdmx,2024-10-03T18:13:31,2024-10-03T18:54:31,9.82,104.07,qr_code
TRIP01079,USR0387,SC0121,MTY,2024-11-20T20:36:26,2024-11-20T21:54:26,6.33,99.35,qr_code
TRIP03001,USR0480,SC0022,MTY,2024-09-02T12:48:44,2024-09-02T13:33:44,3.09,51.74,cash
TRIP03452,USR0246,SC0047,Ciudad de Mexico,2024-04-09T09:54:34,2024-04-09T10:04:34,11.9,179.19,qr_code
TRIP03224,USR0090,SC0124,MTY,2024-02-09T07:28:32,2024-02-09T07:33:32,3.4,45.3,debit_card
TRIP03793,USR0027,SC0108,cdmx,2025-06-25T08:45:00,2025-06-25T10:10:00,9.97,91.68,debit_card
TRIP01200,USR0068,SC0038,MTY,2025-04-24T19:32:58,2025-04-24T20:41:58,12.69,157.4,qr_code
TRIP01553,USR0301,SC0050,cdmx,2025-02-06T08:37:34,2025-02-06T09:58:34,4.79,85.77,credit_card
TRIP04826,USR0277,SC0137,CDMX,2024-04-23T17:45:22,2024-04-23T18:57:22,5.68,79.54,qr_code
TRIP04500,USR0427,SC0084,Guadalajara,2025-04-07T16:33:39,2025-04-07T17:14:39,8.04,100.82,credit_card
TRIP00918,USR0209,SC0086,CDMX,2024-04-06T18:44:01,2024-04-06T19:10:01,11.38,139.45,wallet
TRIP04000,USR0297,SC0032,MTY,2025-02-12T17:22:20,2025-02-12T18:20:20,4.71,58.49,cash
